Workbook

Sheet Lisez-moi
A1: Suivi quotidien des volumes de café — exemple de ce que produit le dossier volumes/
A2: Généré le 2026-09-06 · unité : sacs de 60 kg
A4: Ce classeur montre le résultat attendu du suivi automatique. Il reprend la logique de volumes.html.
A6: Onglet | B6: Contenu
A7: Parametres | B7: Unité et type de café utilisés par les onglets d’analyse (cellules jaunes).
A8: Cecafe_brut | B8: Une ligne par jour × tableau (certificats, dédouanement, embarquement) × unité, telle que le script fetch_cecafe.py l’enregistre chaque soir.
A9: Jour_vs_veille | B9: Pour l’unité et le type choisis dans Parametres : mouvement du jour par étape, veille, variation. Graphique jour contre veille.
A10: Cumul_mensuel | B10: Cumul des certificats par jour du mois : mois en cours, mois précédent (colonne « mois précédent » de Cecafé), et mêmes mois d’autres années quand ils existent.
A11: Annees | B11: Total mensuel des certificats, matrice mois × année (dernier cumul observé dans le mois).
A12: Depot_log | B12: Journal manuel de tes dépôts (entrées / sorties / stock mesuré) avec solde courant calculé.
A14: Couleurs
A15: Jaune | B15: cellule à modifier (choix d’unité, de type, saisie de journal).
A16: Bleu | B16: valeur saisie ou importée (données brutes).
A17: Noir | B17: formule — ne pas écraser.
A19: Données
A20: 4 septembre 2026 | B20: chiffres réels transcrits de la capture d’écran de la page Cecafé (date supposée).
A21: 1 à 3 septembre 2026 | B21: chiffres FICTIFS, construits pour que le cumul retombe sur les valeurs réelles du 4, uniquement pour montrer les graphiques. Colonne « source » = EXEMPLE.
A22: Août 2026 | B22: reconstruit à partir de la colonne « mois précédent » de Cecafé (même jour du mois précédent).
A24: Source | B24: Cecafé — Resumo Diário das Exportações : https://www.cecafe.com.br/dados-estatisticos/exportacoes-brasileiras/resumo-diario/
A25: Automatisation | B25: GitHub Actions (.github/workflows/cecafe-daily.yml) lit la page du lundi au vendredi à 18h30 heure de Brasília et ajoute la ligne du jour. Le CSV volumes/cecafe_daily.csv s’ouvre directement dans Excel.

Sheet Parametres
A1: Paramètres des onglets d’analyse
A2: Modifie les deux cellules jaunes ; tous les onglets Jour_vs_veille, Cumul_mensuel et Annees suivent.
A4: Unité | B4: total | C4: total · santos · vitoria · minas · rio · salvador · others
A5: Type | B5: total | C5: total · arabica · conilon · soluble
A7: Unités
A8: total | B8: Brésil, toutes unités
A9: santos | B9: Santos (SP)
A10: vitoria | B10: Vitória (ES)
A11: minas | B11: REDEX / EADI Minas Gerais
A12: rio | B12: Rio de Janeiro
A13: salvador | B13: Salvador
A14: others | B14: Autres

Sheet Cecafe_brut
A1: date | B1: table | C1: unit | D1: unit_label | E1: arabica_day | F1: conilon_day | G1: soluble_day | H1: total_day | I1: arabica_cum | J1: conilon_cum | K1: soluble_cum | L1: total_cum | M1: arabica_prev | N1: conilon_prev | O1: soluble_prev | P1: total_prev | Q1: source | R1: sel_day (type choisi) | S1: sel_cum (type choisi) | T1: sel_prev (type choisi)
A2: 46266 | B2: certificates | C2: minas | D2: REDEX and EADI (MINAS GERAIS) | E2: 9680 | F2: 0 | G2: 0 | H2: 9680 | I2: 9680 | J2: 0 | K2: 0 | L2: 9680 | M2: 5692 | N2: 0 | O2: 0 | P2: 5692 | Q2: EXEMPLE (fictif) | R2: =IF(Parametres!$B$5="arabica",E2,IF(Parametres!$B$5="conilon",F2,IF(Parametres!$B$5="soluble",G2,H2))) | S2: =IF(Parametres!$B$5="arabica",I2,IF(Parametres!$B$5="conilon",J2,IF(Parametres!$B$5="soluble",K2,L2))) | T2: =IF(Parametres!$B$5="arabica",M2,IF(Parametres!$B$5="conilon",N2,IF(Parametres!$B$5="soluble",O2,P2)))
A3: 46266 | B3: certificates | C3: others | D3: OTHERS | E3: 958 | F3: 623 | G3: 2731 | H3: 4312 | I3: 958 | J3: 623 | K3: 2731 | L3: 4312 | M3: 5352 | N3: 1435 | O3: 3121 | P3: 9908 | Q3: EXEMPLE (fictif) | R3: =IF(Parametres!$B$5="arabica",E3,IF(Parametres!$B$5="conilon",F3,IF(Parametres!$B$5="soluble",G3,H3))) | S3: =IF(Parametres!$B$5="arabica",I3,IF(Parametres!$B$5="conilon",J3,IF(Parametres!$B$5="soluble",K3,L3))) | T3: =IF(Parametres!$B$5="arabica",M3,IF(Parametres!$B$5="conilon",N3,IF(Parametres!$B$5="soluble",O3,P3)))
A4: 46266 | B4: certificates | C4: rio | D4: RIO DE JANEIRO | E4: 12769 | F4: 715 | G4: 2339 | H4: 15823 | I4: 12769 | J4: 715 | K4: 2339 | L4: 15823 | M4: 22040 | N4: 1487 | O4: 1148 | P4: 24675 | Q4: EXEMPLE (fictif) | R4: =IF(Parametres!$B$5="arabica",E4,IF(Parametres!$B$5="conilon",F4,IF(Parametres!$B$5="soluble",G4,H4))) | S4: =IF(Parametres!$B$5="arabica",I4,IF(Parametres!$B$5="conilon",J4,IF(Parametres!$B$5="soluble",K4,L4))) | T4: =IF(Parametres!$B$5="arabica",M4,IF(Parametres!$B$5="conilon",N4,IF(Parametres!$B$5="soluble",O4,P4)))
A5: 46266 | B5: certificates | C5: salvador | D5: SALVADOR | E5: 2308 | F5: 0 | G5: 0 | H5: 2308 | I5: 2308 | J5: 0 | K5: 0 | L5: 2308 | M5: 353 | N5: 272 | O5: 0 | P5: 625 | Q5: EXEMPLE (fictif) | R5: =IF(Parametres!$B$5="arabica",E5,IF(Parametres!$B$5="conilon",F5,IF(Parametres!$B$5="soluble",G5,H5))) | S5: =IF(Parametres!$B$5="arabica",I5,IF(Parametres!$B$5="conilon",J5,IF(Parametres!$B$5="soluble",K5,L5))) | T5: =IF(Parametres!$B$5="arabica",M5,IF(Parametres!$B$5="conilon",N5,IF(Parametres!$B$5="soluble",O5,P5)))
A6: 46266 | B6: certificates | C6: santos | D6: SANTOS | E6: 90288 | F6: 2820 | G6: 7010 | H6: 100118 | I6: 90288 | J6: 2820 | K6: 7010 | L6: 100118 | M6: 65195 | N6: 3050 | O6: 9155 | P6: 77400 | Q6: EXEMPLE (fictif) | R6: =IF(Parametres!$B$5="arabica",E6,IF(Parametres!$B$5="conilon",F6,IF(Parametres!$B$5="soluble",G6,H6))) | S6: =IF(Parametres!$B$5="arabica",I6,IF(Parametres!$B$5="conilon",J6,IF(Parametres!$B$5="soluble",K6,L6))) | T6: =IF(Parametres!$B$5="arabica",M6,IF(Parametres!$B$5="conilon",N6,IF(Parametres!$B$5="soluble",O6,P6)))
A7: 46266 | B7: certificates | C7: total | D7: TOTAIS | E7: 118269 | F7: 51176 | G7: 12080 | H7: 181525 | I7: 118269 | J7: 51176 | K7: 12080 | L7: 181525 | M7: 99803 | N7: 9414 | O7: 16954 | P7: 126171 | Q7: EXEMPLE (fictif) | R7: =IF(Parametres!$B$5="arabica",E7,IF(Parametres!$B$5="conilon",F7,IF(Parametres!$B$5="soluble",G7,H7))) | S7: =IF(Parametres!$B$5="arabica",I7,IF(Parametres!$B$5="conilon",J7,IF(Parametres!$B$5="soluble",K7,L7))) | T7: =IF(Parametres!$B$5="arabica",M7,IF(Parametres!$B$5="conilon",N7,IF(Parametres!$B$5="soluble",O7,P7)))
A8: 46266 | B8: certificates | C8: vitoria | D8: VICTORY | E8: 2266 | F8: 47018 | G8: 0 | H8: 49284 | I8: 2266 | J8: 47018 | K8: 0 | L8: 49284 | M8: 1171 | N8: 3170 | O8: 3530 | P8: 7871 | Q8: EXEMPLE (fictif) | R8: =IF(Parametres!$B$5="arabica",E8,IF(Parametres!$B$5="conilon",F8,IF(Parametres!$B$5="soluble",G8,H8))) | S8: =IF(Parametres!$B$5="arabica",I8,IF(Parametres!$B$5="conilon",J8,IF(Parametres!$B$5="soluble",K8,L8))) | T8: =IF(Parametres!$B$5="arabica",M8,IF(Parametres!$B$5="conilon",N8,IF(Parametres!$B$5="soluble",O8,P8)))
A9: 46266 | B9: customs | C9: minas | D9: REDEX and EADI (MINAS GERAIS) | E9: 1555 | F9: 0 | G9: 0 | H9: 1555 | I9: 1555 | J9: 0 | K9: 0 | L9: 1555 | M9: 3900 | N9: 0 | O9: 0 | P9: 3900 | Q9: EXEMPLE (fictif) | R9: =IF(Parametres!$B$5="arabica",E9,IF(Parametres!$B$5="conilon",F9,IF(Parametres!$B$5="soluble",G9,H9))) | S9: =IF(Parametres!$B$5="arabica",I9,IF(Parametres!$B$5="conilon",J9,IF(Parametres!$B$5="soluble",K9,L9))) | T9: =IF(Parametres!$B$5="arabica",M9,IF(Parametres!$B$5="conilon",N9,IF(Parametres!$B$5="soluble",O9,P9)))
A10: 46266 | B10: customs | C10: others | D10: OTHERS | E10: 254 | F10: 268 | G10: 167 | H10: 689 | I10: 254 | J10: 268 | K10: 167 | L10: 689 | M10: 2518 | N10: 239 | O10: 1175 | P10: 3932 | Q10: EXEMPLE (fictif) | R10: =IF(Parametres!$B$5="arabica",E10,IF(Parametres!$B$5="conilon",F10,IF(Parametres!$B$5="soluble",G10,H10))) | S10: =IF(Parametres!$B$5="arabica",I10,IF(Parametres!$B$5="conilon",J10,IF(Parametres!$B$5="soluble",K10,L10))) | T10: =IF(Parametres!$B$5="arabica",M10,IF(Parametres!$B$5="conilon",N10,IF(Parametres!$B$5="soluble",O10,P10)))
A11: 46266 | B11: customs | C11: rio | D11: RIO DE JANEIRO | E11: 3216 | F11: 0 | G11: 458 | H11: 3674 | I11: 3216 | J11: 0 | K11: 458 | L11: 3674 | M11: 21951 | N11: 1090 | O11: 1148 | P11: 24189 | Q11: EXEMPLE (fictif) | R11: =IF(Parametres!$B$5="arabica",E11,IF(Parametres!$B$5="conilon",F11,IF(Parametres!$B$5="soluble",G11,H11))) | S11: =IF(Parametres!$B$5="arabica",I11,IF(Parametres!$B$5="conilon",J11,IF(Parametres!$B$5="soluble",K11,L11))) | T11: =IF(Parametres!$B$5="arabica",M11,IF(Parametres!$B$5="conilon",N11,IF(Parametres!$B$5="soluble",O11,P11)))
A12: 46266 | B12: customs | C12: santos | D12: SANTOS | E12: 30006 | F12: 1000 | G12: 194 | H12: 31200 | I12: 30006 | J12: 1000 | K12: 194 | L12: 31200 | M12: 58190 | N12: 3050 | O12: 2177 | P12: 63417 | Q12: EXEMPLE (fictif) | R12: =IF(Parametres!$B$5="arabica",E12,IF(Parametres!$B$5="conilon",F12,IF(Parametres!$B$5="soluble",G12,H12))) | S12: =IF(Parametres!$B$5="arabica",I12,IF(Parametres!$B$5="conilon",J12,IF(Parametres!$B$5="soluble",K12,L12))) | T12: =IF(Parametres!$B$5="arabica",M12,IF(Parametres!$B$5="conilon",N12,IF(Parametres!$B$5="soluble",O12,P12)))
A13: 46266 | B13: customs | C13: total | D13: TOTAIS | E13: 35031 | F13: 5292 | G13: 819 | H13: 41142 | I13: 35031 | J13: 5292 | K13: 819 | L13: 41142 | M13: 86647 | N13: 6309 | O13: 4500 | P13: 97456 | Q13: EXEMPLE (fictif) | R13: =IF(Parametres!$B$5="arabica",E13,IF(Parametres!$B$5="conilon",F13,IF(Parametres!$B$5="soluble",G13,H13))) | S13: =IF(Parametres!$B$5="arabica",I13,IF(Parametres!$B$5="conilon",J13,IF(Parametres!$B$5="soluble",K13,L13))) | T13: =IF(Parametres!$B$5="arabica",M13,IF(Parametres!$B$5="conilon",N13,IF(Parametres!$B$5="soluble",O13,P13)))
... A69: 46269 | B69: shipment | C69: total | D69: TOTALS | E69: 17951 | F69: 5067 | G69: 0 | H69: 23018 | I69: 134719 | J69: 22706 | K69: 2733 | L69: 160158 | M69: 313939 | N69: 22860 | O69: 16302 | P69: 353101 | Q69: Cecafé Resumo Diário (capture) | R69: =IF(Parametres!$B$5="arabica",E69,IF(Parametres!$B$5="conilon",F69,IF(Parametres!$B$5="soluble",G69,H69))) | S69: =IF(Parametres!$B$5="arabica",I69,IF(Parametres!$B$5="conilon",J69,IF(Parametres!$B$5="soluble",K69,L69))) | T69: =IF(Parametres!$B$5="arabica",M69,IF(Parametres!$B$5="conilon",N69,IF(Parametres!$B$5="soluble",O69,P69)))

Sheet Jour_vs_veille
A1: Mouvement du jour par étape — jour contre veille
A2: Unité et type : onglet Parametres.
A4: Unité | B4: =Parametres!$B$4
A5: Type | B5: =Parametres!$B$5
M6: =A10 | N6: =A11
A7: Date | B7: Certificats (jour) | C7: Dédouanés (jour) | D7: Embarqués (jour) | E7: Certificats veille | F7: Variation | G7: Variation % | H7: Certificats cumul mois | I7: Embarqués cumul mois | J7: Certifiés − embarqués | L7: Étape | M7: Veille | N7: Aujourd’hui
A8: 46266 | B8: =SUMIFS(Cecafe_brut!$R$2:$R$69,Cecafe_brut!$A$2:$A$69,$A8,Cecafe_brut!$B$2:$B$69,"certificates",Cecafe_brut!$C$2:$C$69,Parametres!$B$4) | C8: =SUMIFS(Cecafe_brut!$R$2:$R$69,Cecafe_brut!$A$2:$A$69,$A8,Cecafe_brut!$B$2:$B$69,"customs",Cecafe_brut!$C$2:$C$69,Parametres!$B$4) | D8: =SUMIFS(Cecafe_brut!$R$2:$R$69,Cecafe_brut!$A$2:$A$69,$A8,Cecafe_brut!$B$2:$B$69,"shipment",Cecafe_brut!$C$2:$C$69,Parametres!$B$4) | E8: ="" | F8: =IF(E8="","",B8-E8) | G8: =IF(OR(E8="",E8=0),"",B8/E8-1) | H8: =SUMIFS(Cecafe_brut!$S$2:$S$69,Cecafe_brut!$A$2:$A$69,$A8,Cecafe_brut!$B$2:$B$69,"certificates",Cecafe_brut!$C$2:$C$69,Parametres!$B$4) | I8: =SUMIFS(Cecafe_brut!$S$2:$S$69,Cecafe_brut!$A$2:$A$69,$A8,Cecafe_brut!$B$2:$B$69,"shipment",Cecafe_brut!$C$2:$C$69,Parametres!$B$4) | J8: =H8-I8 | L8: Certificats | M8: =B10 | N8: =B11
A9: 46267 | B9: =SUMIFS(Cecafe_brut!$R$2:$R$69,Cecafe_brut!$A$2:$A$69,$A9,Cecafe_brut!$B$2:$B$69,"certificates",Cecafe_brut!$C$2:$C$69,Parametres!$B$4) | C9: =SUMIFS(Cecafe_brut!$R$2:$R$69,Cecafe_brut!$A$2:$A$69,$A9,Cecafe_brut!$B$2:$B$69,"customs",Cecafe_brut!$C$2:$C$69,Parametres!$B$4) | D9: =SUMIFS(Cecafe_brut!$R$2:$R$69,Cecafe_brut!$A$2:$A$69,$A9,Cecafe_brut!$B$2:$B$69,"shipment",Cecafe_brut!$C$2:$C$69,Parametres!$B$4) | E9: =IF(ROW()=8,"",B8) | F9: =IF(E9="","",B9-E9) | G9: =IF(OR(E9="",E9=0),"",B9/E9-1) | H9: =SUMIFS(Cecafe_brut!$S$2:$S$69,Cecafe_brut!$A$2:$A$69,$A9,Cecafe_brut!$B$2:$B$69,"certificates",Cecafe_brut!$C$2:$C$69,Parametres!$B$4) | I9: =SUMIFS(Cecafe_brut!$S$2:$S$69,Cecafe_brut!$A$2:$A$69,$A9,Cecafe_brut!$B$2:$B$69,"shipment",Cecafe_brut!$C$2:$C$69,Parametres!$B$4) | J9: =H9-I9 | L9: Dédouanés | M9: =C10 | N9: =C11
A10: 46268 | B10: =SUMIFS(Cecafe_brut!$R$2:$R$69,Cecafe_brut!$A$2:$A$69,$A10,Cecafe_brut!$B$2:$B$69,"certificates",Cecafe_brut!$C$2:$C$69,Parametres!$B$4) | C10: =SUMIFS(Cecafe_brut!$R$2:$R$69,Cecafe_brut!$A$2:$A$69,$A10,Cecafe_brut!$B$2:$B$69,"customs",Cecafe_brut!$C$2:$C$69,Parametres!$B$4) | D10: =SUMIFS(Cecafe_brut!$R$2:$R$69,Cecafe_brut!$A$2:$A$69,$A10,Cecafe_brut!$B$2:$B$69,"shipment",Cecafe_brut!$C$2:$C$69,Parametres!$B$4) | E10: =IF(ROW()=8,"",B9) | F10: =IF(E10="","",B10-E10) | G10: =IF(OR(E10="",E10=0),"",B10/E10-1) | H10: =SUMIFS(Cecafe_brut!$S$2:$S$69,Cecafe_brut!$A$2:$A$69,$A10,Cecafe_brut!$B$2:$B$69,"certificates",Cecafe_brut!$C$2:$C$69,Parametres!$B$4) | I10: =SUMIFS(Cecafe_brut!$S$2:$S$69,Cecafe_brut!$A$2:$A$69,$A10,Cecafe_brut!$B$2:$B$69,"shipment",Cecafe_brut!$C$2:$C$69,Parametres!$B$4) | J10: =H10-I10 | L10: Embarqués | M10: =D10 | N10: =D11
A11: 46269 | B11: =SUMIFS(Cecafe_brut!$R$2:$R$69,Cecafe_brut!$A$2:$A$69,$A11,Cecafe_brut!$B$2:$B$69,"certificates",Cecafe_brut!$C$2:$C$69,Parametres!$B$4) | C11: =SUMIFS(Cecafe_brut!$R$2:$R$69,Cecafe_brut!$A$2:$A$69,$A11,Cecafe_brut!$B$2:$B$69,"customs",Cecafe_brut!$C$2:$C$69,Parametres!$B$4) | D11: =SUMIFS(Cecafe_brut!$R$2:$R$69,Cecafe_brut!$A$2:$A$69,$A11,Cecafe_brut!$B$2:$B$69,"shipment",Cecafe_brut!$C$2:$C$69,Parametres!$B$4) | E11: =IF(ROW()=8,"",B10) | F11: =IF(E11="","",B11-E11) | G11: =IF(OR(E11="",E11=0),"",B11/E11-1) | H11: =SUMIFS(Cecafe_brut!$S$2:$S$69,Cecafe_brut!$A$2:$A$69,$A11,Cecafe_brut!$B$2:$B$69,"certificates",Cecafe_brut!$C$2:$C$69,Parametres!$B$4) | I11: =SUMIFS(Cecafe_brut!$S$2:$S$69,Cecafe_brut!$A$2:$A$69,$A11,Cecafe_brut!$B$2:$B$69,"shipment",Cecafe_brut!$C$2:$C$69,Parametres!$B$4) | J11: =H11-I11
A13: Lecture : « Certifiés − embarqués » = café export avec certificat d’origine mais pas encore embarqué, c’est-à-dire en attente dans les entrepôts portuaires et intérieurs.

Sheet Cumul_mensuel
A1: Certificats d’origine — cumul par jour du mois
A2: Mois en cours vs mois précédent vs mêmes mois d’autres années. Unité et type : onglet Parametres.
A4: Unité | B4: =Parametres!$B$4
A5: Type | B5: =Parametres!$B$5
A7: Jour du mois | B7: 2026-08 (colonne mois précédent Cecafé) | C7: 2026-09 (cumul quotidien)
A8: 1 | B8: =IF(COUNTIFS(Cecafe_brut!$A$2:$A$69,DATE(2026,9,1),Cecafe_brut!$B$2:$B$69,"certificates",Cecafe_brut!$C$2:$C$69,Parametres!$B$4)=0,NA(),SUMIFS(Cecafe_brut!$T$2:$T$69,Cecafe_brut!$A$2:$A$69,DATE(2026,9,1),Cecafe_brut!$B$2:$B$69,"certificates",Cecafe_brut!$C$2:$C$69,Parametres!$B$4)) | C8: =IF(COUNTIFS(Cecafe_brut!$A$2:$A$69,DATE(2026,9,1),Cecafe_brut!$B$2:$B$69,"certificates",Cecafe_brut!$C$2:$C$69,Parametres!$B$4)=0,NA(),SUMIFS(Cecafe_brut!$S$2:$S$69,Cecafe_brut!$A$2:$A$69,DATE(2026,9,1),Cecafe_brut!$B$2:$B$69,"certificates",Cecafe_brut!$C$2:$C$69,Parametres!$B$4))
A9: 2 | B9: =IF(COUNTIFS(Cecafe_brut!$A$2:$A$69,DATE(2026,9,2),Cecafe_brut!$B$2:$B$69,"certificates",Cecafe_brut!$C$2:$C$69,Parametres!$B$4)=0,NA(),SUMIFS(Cecafe_brut!$T$2:$T$69,Cecafe_brut!$A$2:$A$69,DATE(2026,9,2),Cecafe_brut!$B$2:$B$69,"certificates",Cecafe_brut!$C$2:$C$69,Parametres!$B$4)) | C9: =IF(COUNTIFS(Cecafe_brut!$A$2:$A$69,DATE(2026,9,2),Cecafe_brut!$B$2:$B$69,"certificates",Cecafe_brut!$C$2:$C$69,Parametres!$B$4)=0,NA(),SUMIFS(Cecafe_brut!$S$2:$S$69,Cecafe_brut!$A$2:$A$69,DATE(2026,9,2),Cecafe_brut!$B$2:$B$69,"certificates",Cecafe_brut!$C$2:$C$69,Parametres!$B$4))
A10: 3 | B10: =IF(COUNTIFS(Cecafe_brut!$A$2:$A$69,DATE(2026,9,3),Cecafe_brut!$B$2:$B$69,"certificates",Cecafe_brut!$C$2:$C$69,Parametres!$B$4)=0,NA(),SUMIFS(Cecafe_brut!$T$2:$T$69,Cecafe_brut!$A$2:$A$69,DATE(2026,9,3),Cecafe_brut!$B$2:$B$69,"certificates",Cecafe_brut!$C$2:$C$69,Parametres!$B$4)) | C10: =IF(COUNTIFS(Cecafe_brut!$A$2:$A$69,DATE(2026,9,3),Cecafe_brut!$B$2:$B$69,"certificates",Cecafe_brut!$C$2:$C$69,Parametres!$B$4)=0,NA(),SUMIFS(Cecafe_brut!$S$2:$S$69,Cecafe_brut!$A$2:$A$69,DATE(2026,9,3),Cecafe_brut!$B$2:$B$69,"certificates",Cecafe_brut!$C$2:$C$69,Parametres!$B$4))
A11: 4 | B11: =IF(COUNTIFS(Cecafe_brut!$A$2:$A$69,DATE(2026,9,4),Cecafe_brut!$B$2:$B$69,"certificates",Cecafe_brut!$C$2:$C$69,Parametres!$B$4)=0,NA(),SUMIFS(Cecafe_brut!$T$2:$T$69,Cecafe_brut!$A$2:$A$69,DATE(2026,9,4),Cecafe_brut!$B$2:$B$69,"certificates",Cecafe_brut!$C$2:$C$69,Parametres!$B$4)) | C11: =IF(COUNTIFS(Cecafe_brut!$A$2:$A$69,DATE(2026,9,4),Cecafe_brut!$B$2:$B$69,"certificates",Cecafe_brut!$C$2:$C$69,Parametres!$B$4)=0,NA(),SUMIFS(Cecafe_brut!$S$2:$S$69,Cecafe_brut!$A$2:$A$69,DATE(2026,9,4),Cecafe_brut!$B$2:$B$69,"certificates",Cecafe_brut!$C$2:$C$69,Parametres!$B$4))
A12: 5 | B12: =IF(COUNTIFS(Cecafe_brut!$A$2:$A$69,DATE(2026,9,5),Cecafe_brut!$B$2:$B$69,"certificates",Cecafe_brut!$C$2:$C$69,Parametres!$B$4)=0,NA(),SUMIFS(Cecafe_brut!$T$2:$T$69,Cecafe_brut!$A$2:$A$69,DATE(2026,9,5),Cecafe_brut!$B$2:$B$69,"certificates",Cecafe_brut!$C$2:$C$69,Parametres!$B$4)) | C12: =IF(COUNTIFS(Cecafe_brut!$A$2:$A$69,DATE(2026,9,5),Cecafe_brut!$B$2:$B$69,"certificates",Cecafe_brut!$C$2:$C$69,Parametres!$B$4)=0,NA(),SUMIFS(Cecafe_brut!$S$2:$S$69,Cecafe_brut!$A$2:$A$69,DATE(2026,9,5),Cecafe_brut!$B$2:$B$69,"certificates",Cecafe_brut!$C$2:$C$69,Parametres!$B$4))
A13: 6 | B13: =IF(COUNTIFS(Cecafe_brut!$A$2:$A$69,DATE(2026,9,6),Cecafe_brut!$B$2:$B$69,"certificates",Cecafe_brut!$C$2:$C$69,Parametres!$B$4)=0,NA(),SUMIFS(Cecafe_brut!$T$2:$T$69,Cecafe_brut!$A$2:$A$69,DATE(2026,9,6),Cecafe_brut!$B$2:$B$69,"certificates",Cecafe_brut!$C$2:$C$69,Parametres!$B$4)) | C13: =IF(COUNTIFS(Cecafe_brut!$A$2:$A$69,DATE(2026,9,6),Cecafe_brut!$B$2:$B$69,"certificates",Cecafe_brut!$C$2:$C$69,Parametres!$B$4)=0,NA(),SUMIFS(Cecafe_brut!$S$2:$S$69,Cecafe_brut!$A$2:$A$69,DATE(2026,9,6),Cecafe_brut!$B$2:$B$69,"certificates",Cecafe_brut!$C$2:$C$69,Parametres!$B$4))
A14: 7 | B14: =IF(COUNTIFS(Cecafe_brut!$A$2:$A$69,DATE(2026,9,7),Cecafe_brut!$B$2:$B$69,"certificates",Cecafe_brut!$C$2:$C$69,Parametres!$B$4)=0,NA(),SUMIFS(Cecafe_brut!$T$2:$T$69,Cecafe_brut!$A$2:$A$69,DATE(2026,9,7),Cecafe_brut!$B$2:$B$69,"certificates",Cecafe_brut!$C$2:$C$69,Parametres!$B$4)) | C14: =IF(COUNTIFS(Cecafe_brut!$A$2:$A$69,DATE(2026,9,7),Cecafe_brut!$B$2:$B$69,"certificates",Cecafe_brut!$C$2:$C$69,Parametres!$B$4)=0,NA(),SUMIFS(Cecafe_brut!$S$2:$S$69,Cecafe_brut!$A$2:$A$69,DATE(2026,9,7),Cecafe_brut!$B$2:$B$69,"certificates",Cecafe_brut!$C$2:$C$69,Parametres!$B$4))
A15: 8 | B15: =IF(COUNTIFS(Cecafe_brut!$A$2:$A$69,DATE(2026,9,8),Cecafe_brut!$B$2:$B$69,"certificates",Cecafe_brut!$C$2:$C$69,Parametres!$B$4)=0,NA(),SUMIFS(Cecafe_brut!$T$2:$T$69,Cecafe_brut!$A$2:$A$69,DATE(2026,9,8),Cecafe_brut!$B$2:$B$69,"certificates",Cecafe_brut!$C$2:$C$69,Parametres!$B$4)) | C15: =IF(COUNTIFS(Cecafe_brut!$A$2:$A$69,DATE(2026,9,8),Cecafe_brut!$B$2:$B$69,"certificates",Cecafe_brut!$C$2:$C$69,Parametres!$B$4)=0,NA(),SUMIFS(Cecafe_brut!$S$2:$S$69,Cecafe_brut!$A$2:$A$69,DATE(2026,9,8),Cecafe_brut!$B$2:$B$69,"certificates",Cecafe_brut!$C$2:$C$69,Parametres!$B$4))
A16: 9 | B16: =IF(COUNTIFS(Cecafe_brut!$A$2:$A$69,DATE(2026,9,9),Cecafe_brut!$B$2:$B$69,"certificates",Cecafe_brut!$C$2:$C$69,Parametres!$B$4)=0,NA(),SUMIFS(Cecafe_brut!$T$2:$T$69,Cecafe_brut!$A$2:$A$69,DATE(2026,9,9),Cecafe_brut!$B$2:$B$69,"certificates",Cecafe_brut!$C$2:$C$69,Parametres!$B$4)) | C16: =IF(COUNTIFS(Cecafe_brut!$A$2:$A$69,DATE(2026,9,9),Cecafe_brut!$B$2:$B$69,"certificates",Cecafe_brut!$C$2:$C$69,Parametres!$B$4)=0,NA(),SUMIFS(Cecafe_brut!$S$2:$S$69,Cecafe_brut!$A$2:$A$69,DATE(2026,9,9),Cecafe_brut!$B$2:$B$69,"certificates",Cecafe_brut!$C$2:$C$69,Parametres!$B$4))
A17: 10 | B17: =IF(COUNTIFS(Cecafe_brut!$A$2:$A$69,DATE(2026,9,10),Cecafe_brut!$B$2:$B$69,"certificates",Cecafe_brut!$C$2:$C$69,Parametres!$B$4)=0,NA(),SUMIFS(Cecafe_brut!$T$2:$T$69,Cecafe_brut!$A$2:$A$69,DATE(2026,9,10),Cecafe_brut!$B$2:$B$69,"certificates",Cecafe_brut!$C$2:$C$69,Parametres!$B$4)) | C17: =IF(COUNTIFS(Cecafe_brut!$A$2:$A$69,DATE(2026,9,10),Cecafe_brut!$B$2:$B$69,"certificates",Cecafe_brut!$C$2:$C$69,Parametres!$B$4)=0,NA(),SUMIFS(Cecafe_brut!$S$2:$S$69,Cecafe_brut!$A$2:$A$69,DATE(2026,9,10),Cecafe_brut!$B$2:$B$69,"certificates",Cecafe_brut!$C$2:$C$69,Parametres!$B$4))
A18: 11 | B18: =IF(COUNTIFS(Cecafe_brut!$A$2:$A$69,DATE(2026,9,11),Cecafe_brut!$B$2:$B$69,"certificates",Cecafe_brut!$C$2:$C$69,Parametres!$B$4)=0,NA(),SUMIFS(Cecafe_brut!$T$2:$T$69,Cecafe_brut!$A$2:$A$69,DATE(2026,9,11),Cecafe_brut!$B$2:$B$69,"certificates",Cecafe_brut!$C$2:$C$69,Parametres!$B$4)) | C18: =IF(COUNTIFS(Cecafe_brut!$A$2:$A$69,DATE(2026,9,11),Cecafe_brut!$B$2:$B$69,"certificates",Cecafe_brut!$C$2:$C$69,Parametres!$B$4)=0,NA(),SUMIFS(Cecafe_brut!$S$2:$S$69,Cecafe_brut!$A$2:$A$69,DATE(2026,9,11),Cecafe_brut!$B$2:$B$69,"certificates",Cecafe_brut!$C$2:$C$69,Parametres!$B$4))
A19: 12 | B19: =IF(COUNTIFS(Cecafe_brut!$A$2:$A$69,DATE(2026,9,12),Cecafe_brut!$B$2:$B$69,"certificates",Cecafe_brut!$C$2:$C$69,Parametres!$B$4)=0,NA(),SUMIFS(Cecafe_brut!$T$2:$T$69,Cecafe_brut!$A$2:$A$69,DATE(2026,9,12),Cecafe_brut!$B$2:$B$69,"certificates",Cecafe_brut!$C$2:$C$69,Parametres!$B$4)) | C19: =IF(COUNTIFS(Cecafe_brut!$A$2:$A$69,DATE(2026,9,12),Cecafe_brut!$B$2:$B$69,"certificates",Cecafe_brut!$C$2:$C$69,Parametres!$B$4)=0,NA(),SUMIFS(Cecafe_brut!$S$2:$S$69,Cecafe_brut!$A$2:$A$69,DATE(2026,9,12),Cecafe_brut!$B$2:$B$69,"certificates",Cecafe_brut!$C$2:$C$69,Parametres!$B$4))
A20: 13 | B20: =IF(COUNTIFS(Cecafe_brut!$A$2:$A$69,DATE(2026,9,13),Cecafe_brut!$B$2:$B$69,"certificates",Cecafe_brut!$C$2:$C$69,Parametres!$B$4)=0,NA(),SUMIFS(Cecafe_brut!$T$2:$T$69,Cecafe_brut!$A$2:$A$69,DATE(2026,9,13),Cecafe_brut!$B$2:$B$69,"certificates",Cecafe_brut!$C$2:$C$69,Parametres!$B$4)) | C20: =IF(COUNTIFS(Cecafe_brut!$A$2:$A$69,DATE(2026,9,13),Cecafe_brut!$B$2:$B$69,"certificates",Cecafe_brut!$C$2:$C$69,Parametres!$B$4)=0,NA(),SUMIFS(Cecafe_brut!$S$2:$S$69,Cecafe_brut!$A$2:$A$69,DATE(2026,9,13),Cecafe_brut!$B$2:$B$69,"certificates",Cecafe_brut!$C$2:$C$69,Parametres!$B$4))
A21: 14 | B21: =IF(COUNTIFS(Cecafe_brut!$A$2:$A$69,DATE(2026,9,14),Cecafe_brut!$B$2:$B$69,"certificates",Cecafe_brut!$C$2:$C$69,Parametres!$B$4)=0,NA(),SUMIFS(Cecafe_brut!$T$2:$T$69,Cecafe_brut!$A$2:$A$69,DATE(2026,9,14),Cecafe_brut!$B$2:$B$69,"certificates",Cecafe_brut!$C$2:$C$69,Parametres!$B$4)) | C21: =IF(COUNTIFS(Cecafe_brut!$A$2:$A$69,DATE(2026,9,14),Cecafe_brut!$B$2:$B$69,"certificates",Cecafe_brut!$C$2:$C$69,Parametres!$B$4)=0,NA(),SUMIFS(Cecafe_brut!$S$2:$S$69,Cecafe_brut!$A$2:$A$69,DATE(2026,9,14),Cecafe_brut!$B$2:$B$69,"certificates",Cecafe_brut!$C$2:$C$69,Parametres!$B$4))
A22: 15 | B22: =IF(COUNTIFS(Cecafe_brut!$A$2:$A$69,DATE(2026,9,15),Cecafe_brut!$B$2:$B$69,"certificates",Cecafe_brut!$C$2:$C$69,Parametres!$B$4)=0,NA(),SUMIFS(Cecafe_brut!$T$2:$T$69,Cecafe_brut!$A$2:$A$69,DATE(2026,9,15),Cecafe_brut!$B$2:$B$69,"certificates",Cecafe_brut!$C$2:$C$69,Parametres!$B$4)) | C22: =IF(COUNTIFS(Cecafe_brut!$A$2:$A$69,DATE(2026,9,15),Cecafe_brut!$B$2:$B$69,"certificates",Cecafe_brut!$C$2:$C$69,Parametres!$B$4)=0,NA(),SUMIFS(Cecafe_brut!$S$2:$S$69,Cecafe_brut!$A$2:$A$69,DATE(2026,9,15),Cecafe_brut!$B$2:$B$69,"certificates",Cecafe_brut!$C$2:$C$69,Parametres!$B$4))
A23: 16 | B23: =IF(COUNTIFS(Cecafe_brut!$A$2:$A$69,DATE(2026,9,16),Cecafe_brut!$B$2:$B$69,"certificates",Cecafe_brut!$C$2:$C$69,Parametres!$B$4)=0,NA(),SUMIFS(Cecafe_brut!$T$2:$T$69,Cecafe_brut!$A$2:$A$69,DATE(2026,9,16),Cecafe_brut!$B$2:$B$69,"certificates",Cecafe_brut!$C$2:$C$69,Parametres!$B$4)) | C23: =IF(COUNTIFS(Cecafe_brut!$A$2:$A$69,DATE(2026,9,16),Cecafe_brut!$B$2:$B$69,"certificates",Cecafe_brut!$C$2:$C$69,Parametres!$B$4)=0,NA(),SUMIFS(Cecafe_brut!$S$2:$S$69,Cecafe_brut!$A$2:$A$69,DATE(2026,9,16),Cecafe_brut!$B$2:$B$69,"certificates",Cecafe_brut!$C$2:$C$69,Parametres!$B$4))
A24: 17 | B24: =IF(COUNTIFS(Cecafe_brut!$A$2:$A$69,DATE(2026,9,17),Cecafe_brut!$B$2:$B$69,"certificates",Cecafe_brut!$C$2:$C$69,Parametres!$B$4)=0,NA(),SUMIFS(Cecafe_brut!$T$2:$T$69,Cecafe_brut!$A$2:$A$69,DATE(2026,9,17),Cecafe_brut!$B$2:$B$69,"certificates",Cecafe_brut!$C$2:$C$69,Parametres!$B$4)) | C24: =IF(COUNTIFS(Cecafe_brut!$A$2:$A$69,DATE(2026,9,17),Cecafe_brut!$B$2:$B$69,"certificates",Cecafe_brut!$C$2:$C$69,Parametres!$B$4)=0,NA(),SUMIFS(Cecafe_brut!$S$2:$S$69,Cecafe_brut!$A$2:$A$69,DATE(2026,9,17),Cecafe_brut!$B$2:$B$69,"certificates",Cecafe_brut!$C$2:$C$69,Parametres!$B$4))
A25: 18 | B25: =IF(COUNTIFS(Cecafe_brut!$A$2:$A$69,DATE(2026,9,18),Cecafe_brut!$B$2:$B$69,"certificates",Cecafe_brut!$C$2:$C$69,Parametres!$B$4)=0,NA(),SUMIFS(Cecafe_brut!$T$2:$T$69,Cecafe_brut!$A$2:$A$69,DATE(2026,9,18),Cecafe_brut!$B$2:$B$69,"certificates",Cecafe_brut!$C$2:$C$69,Parametres!$B$4)) | C25: =IF(COUNTIFS(Cecafe_brut!$A$2:$A$69,DATE(2026,9,18),Cecafe_brut!$B$2:$B$69,"certificates",Cecafe_brut!$C$2:$C$69,Parametres!$B$4)=0,NA(),SUMIFS(Cecafe_brut!$S$2:$S$69,Cecafe_brut!$A$2:$A$69,DATE(2026,9,18),Cecafe_brut!$B$2:$B$69,"certificates",Cecafe_brut!$C$2:$C$69,Parametres!$B$4))
A26: 19 | B26: =IF(COUNTIFS(Cecafe_brut!$A$2:$A$69,DATE(2026,9,19),Cecafe_brut!$B$2:$B$69,"certificates",Cecafe_brut!$C$2:$C$69,Parametres!$B$4)=0,NA(),SUMIFS(Cecafe_brut!$T$2:$T$69,Cecafe_brut!$A$2:$A$69,DATE(2026,9,19),Cecafe_brut!$B$2:$B$69,"certificates",Cecafe_brut!$C$2:$C$69,Parametres!$B$4)) | C26: =IF(COUNTIFS(Cecafe_brut!$A$2:$A$69,DATE(2026,9,19),Cecafe_brut!$B$2:$B$69,"certificates",Cecafe_brut!$C$2:$C$69,Parametres!$B$4)=0,NA(),SUMIFS(Cecafe_brut!$S$2:$S$69,Cecafe_brut!$A$2:$A$69,DATE(2026,9,19),Cecafe_brut!$B$2:$B$69,"certificates",Cecafe_brut!$C$2:$C$69,Parametres!$B$4))
A27: 20 | B27: =IF(COUNTIFS(Cecafe_brut!$A$2:$A$69,DATE(2026,9,20),Cecafe_brut!$B$2:$B$69,"certificates",Cecafe_brut!$C$2:$C$69,Parametres!$B$4)=0,NA(),SUMIFS(Cecafe_brut!$T$2:$T$69,Cecafe_brut!$A$2:$A$69,DATE(2026,9,20),Cecafe_brut!$B$2:$B$69,"certificates",Cecafe_brut!$C$2:$C$69,Parametres!$B$4)) | C27: =IF(COUNTIFS(Cecafe_brut!$A$2:$A$69,DATE(2026,9,20),Cecafe_brut!$B$2:$B$69,"certificates",Cecafe_brut!$C$2:$C$69,Parametres!$B$4)=0,NA(),SUMIFS(Cecafe_brut!$S$2:$S$69,Cecafe_brut!$A$2:$A$69,DATE(2026,9,20),Cecafe_brut!$B$2:$B$69,"certificates",Cecafe_brut!$C$2:$C$69,Parametres!$B$4))
A28: 21 | B28: =IF(COUNTIFS(Cecafe_brut!$A$2:$A$69,DATE(2026,9,21),Cecafe_brut!$B$2:$B$69,"certificates",Cecafe_brut!$C$2:$C$69,Parametres!$B$4)=0,NA(),SUMIFS(Cecafe_brut!$T$2:$T$69,Cecafe_brut!$A$2:$A$69,DATE(2026,9,21),Cecafe_brut!$B$2:$B$69,"certificates",Cecafe_brut!$C$2:$C$69,Parametres!$B$4)) | C28: =IF(COUNTIFS(Cecafe_brut!$A$2:$A$69,DATE(2026,9,21),Cecafe_brut!$B$2:$B$69,"certificates",Cecafe_brut!$C$2:$C$69,Parametres!$B$4)=0,NA(),SUMIFS(Cecafe_brut!$S$2:$S$69,Cecafe_brut!$A$2:$A$69,DATE(2026,9,21),Cecafe_brut!$B$2:$B$69,"certificates",Cecafe_brut!$C$2:$C$69,Parametres!$B$4))
A29: 22 | B29: =IF(COUNTIFS(Cecafe_brut!$A$2:$A$69,DATE(2026,9,22),Cecafe_brut!$B$2:$B$69,"certificates",Cecafe_brut!$C$2:$C$69,Parametres!$B$4)=0,NA(),SUMIFS(Cecafe_brut!$T$2:$T$69,Cecafe_brut!$A$2:$A$69,DATE(2026,9,22),Cecafe_brut!$B$2:$B$69,"certificates",Cecafe_brut!$C$2:$C$69,Parametres!$B$4)) | C29: =IF(COUNTIFS(Cecafe_brut!$A$2:$A$69,DATE(2026,9,22),Cecafe_brut!$B$2:$B$69,"certificates",Cecafe_brut!$C$2:$C$69,Parametres!$B$4)=0,NA(),SUMIFS(Cecafe_brut!$S$2:$S$69,Cecafe_brut!$A$2:$A$69,DATE(2026,9,22),Cecafe_brut!$B$2:$B$69,"certificates",Cecafe_brut!$C$2:$C$69,Parametres!$B$4))
A30: 23 | B30: =IF(COUNTIFS(Cecafe_brut!$A$2:$A$69,DATE(2026,9,23),Cecafe_brut!$B$2:$B$69,"certificates",Cecafe_brut!$C$2:$C$69,Parametres!$B$4)=0,NA(),SUMIFS(Cecafe_brut!$T$2:$T$69,Cecafe_brut!$A$2:$A$69,DATE(2026,9,23),Cecafe_brut!$B$2:$B$69,"certificates",Cecafe_brut!$C$2:$C$69,Parametres!$B$4)) | C30: =IF(COUNTIFS(Cecafe_brut!$A$2:$A$69,DATE(2026,9,23),Cecafe_brut!$B$2:$B$69,"certificates",Cecafe_brut!$C$2:$C$69,Parametres!$B$4)=0,NA(),SUMIFS(Cecafe_brut!$S$2:$S$69,Cecafe_brut!$A$2:$A$69,DATE(2026,9,23),Cecafe_brut!$B$2:$B$69,"certificates",Cecafe_brut!$C$2:$C$69,Parametres!$B$4))
A31: 24 | B31: =IF(COUNTIFS(Cecafe_brut!$A$2:$A$69,DATE(2026,9,24),Cecafe_brut!$B$2:$B$69,"certificates",Cecafe_brut!$C$2:$C$69,Parametres!$B$4)=0,NA(),SUMIFS(Cecafe_brut!$T$2:$T$69,Cecafe_brut!$A$2:$A$69,DATE(2026,9,24),Cecafe_brut!$B$2:$B$69,"certificates",Cecafe_brut!$C$2:$C$69,Parametres!$B$4)) | C31: =IF(COUNTIFS(Cecafe_brut!$A$2:$A$69,DATE(2026,9,24),Cecafe_brut!$B$2:$B$69,"certificates",Cecafe_brut!$C$2:$C$69,Parametres!$B$4)=0,NA(),SUMIFS(Cecafe_brut!$S$2:$S$69,Cecafe_brut!$A$2:$A$69,DATE(2026,9,24),Cecafe_brut!$B$2:$B$69,"certificates",Cecafe_brut!$C$2:$C$69,Parametres!$B$4))
A32: 25 | B32: =IF(COUNTIFS(Cecafe_brut!$A$2:$A$69,DATE(2026,9,25),Cecafe_brut!$B$2:$B$69,"certificates",Cecafe_brut!$C$2:$C$69,Parametres!$B$4)=0,NA(),SUMIFS(Cecafe_brut!$T$2:$T$69,Cecafe_brut!$A$2:$A$69,DATE(2026,9,25),Cecafe_brut!$B$2:$B$69,"certificates",Cecafe_brut!$C$2:$C$69,Parametres!$B$4)) | C32: =IF(COUNTIFS(Cecafe_brut!$A$2:$A$69,DATE(2026,9,25),Cecafe_brut!$B$2:$B$69,"certificates",Cecafe_brut!$C$2:$C$69,Parametres!$B$4)=0,NA(),SUMIFS(Cecafe_brut!$S$2:$S$69,Cecafe_brut!$A$2:$A$69,DATE(2026,9,25),Cecafe_brut!$B$2:$B$69,"certificates",Cecafe_brut!$C$2:$C$69,Parametres!$B$4))
A33: 26 | B33: =IF(COUNTIFS(Cecafe_brut!$A$2:$A$69,DATE(2026,9,26),Cecafe_brut!$B$2:$B$69,"certificates",Cecafe_brut!$C$2:$C$69,Parametres!$B$4)=0,NA(),SUMIFS(Cecafe_brut!$T$2:$T$69,Cecafe_brut!$A$2:$A$69,DATE(2026,9,26),Cecafe_brut!$B$2:$B$69,"certificates",Cecafe_brut!$C$2:$C$69,Parametres!$B$4)) | C33: =IF(COUNTIFS(Cecafe_brut!$A$2:$A$69,DATE(2026,9,26),Cecafe_brut!$B$2:$B$69,"certificates",Cecafe_brut!$C$2:$C$69,Parametres!$B$4)=0,NA(),SUMIFS(Cecafe_brut!$S$2:$S$69,Cecafe_brut!$A$2:$A$69,DATE(2026,9,26),Cecafe_brut!$B$2:$B$69,"certificates",Cecafe_brut!$C$2:$C$69,Parametres!$B$4))
A34: 27 | B34: =IF(COUNTIFS(Cecafe_brut!$A$2:$A$69,DATE(2026,9,27),Cecafe_brut!$B$2:$B$69,"certificates",Cecafe_brut!$C$2:$C$69,Parametres!$B$4)=0,NA(),SUMIFS(Cecafe_brut!$T$2:$T$69,Cecafe_brut!$A$2:$A$69,DATE(2026,9,27),Cecafe_brut!$B$2:$B$69,"certificates",Cecafe_brut!$C$2:$C$69,Parametres!$B$4)) | C34: =IF(COUNTIFS(Cecafe_brut!$A$2:$A$69,DATE(2026,9,27),Cecafe_brut!$B$2:$B$69,"certificates",Cecafe_brut!$C$2:$C$69,Parametres!$B$4)=0,NA(),SUMIFS(Cecafe_brut!$S$2:$S$69,Cecafe_brut!$A$2:$A$69,DATE(2026,9,27),Cecafe_brut!$B$2:$B$69,"certificates",Cecafe_brut!$C$2:$C$69,Parametres!$B$4))
A35: 28 | B35: =IF(COUNTIFS(Cecafe_brut!$A$2:$A$69,DATE(2026,9,28),Cecafe_brut!$B$2:$B$69,"certificates",Cecafe_brut!$C$2:$C$69,Parametres!$B$4)=0,NA(),SUMIFS(Cecafe_brut!$T$2:$T$69,Cecafe_brut!$A$2:$A$69,DATE(2026,9,28),Cecafe_brut!$B$2:$B$69,"certificates",Cecafe_brut!$C$2:$C$69,Parametres!$B$4)) | C35: =IF(COUNTIFS(Cecafe_brut!$A$2:$A$69,DATE(2026,9,28),Cecafe_brut!$B$2:$B$69,"certificates",Cecafe_brut!$C$2:$C$69,Parametres!$B$4)=0,NA(),SUMIFS(Cecafe_brut!$S$2:$S$69,Cecafe_brut!$A$2:$A$69,DATE(2026,9,28),Cecafe_brut!$B$2:$B$69,"certificates",Cecafe_brut!$C$2:$C$69,Parametres!$B$4))
A36: 29 | B36: =IF(COUNTIFS(Cecafe_brut!$A$2:$A$69,DATE(2026,9,29),Cecafe_brut!$B$2:$B$69,"certificates",Cecafe_brut!$C$2:$C$69,Parametres!$B$4)=0,NA(),SUMIFS(Cecafe_brut!$T$2:$T$69,Cecafe_brut!$A$2:$A$69,DATE(2026,9,29),Cecafe_brut!$B$2:$B$69,"certificates",Cecafe_brut!$C$2:$C$69,Parametres!$B$4)) | C36: =IF(COUNTIFS(Cecafe_brut!$A$2:$A$69,DATE(2026,9,29),Cecafe_brut!$B$2:$B$69,"certificates",Cecafe_brut!$C$2:$C$69,Parametres!$B$4)=0,NA(),SUMIFS(Cecafe_brut!$S$2:$S$69,Cecafe_brut!$A$2:$A$69,DATE(2026,9,29),Cecafe_brut!$B$2:$B$69,"certificates",Cecafe_brut!$C$2:$C$69,Parametres!$B$4))
A37: 30 | B37: =IF(COUNTIFS(Cecafe_brut!$A$2:$A$69,DATE(2026,9,30),Cecafe_brut!$B$2:$B$69,"certificates",Cecafe_brut!$C$2:$C$69,Parametres!$B$4)=0,NA(),SUMIFS(Cecafe_brut!$T$2:$T$69,Cecafe_brut!$A$2:$A$69,DATE(2026,9,30),Cecafe_brut!$B$2:$B$69,"certificates",Cecafe_brut!$C$2:$C$69,Parametres!$B$4)) | C37: =IF(COUNTIFS(Cecafe_brut!$A$2:$A$69,DATE(2026,9,30),Cecafe_brut!$B$2:$B$69,"certificates",Cecafe_brut!$C$2:$C$69,Parametres!$B$4)=0,NA(),SUMIFS(Cecafe_brut!$S$2:$S$69,Cecafe_brut!$A$2:$A$69,DATE(2026,9,30),Cecafe_brut!$B$2:$B$69,"certificates",Cecafe_brut!$C$2:$C$69,Parametres!$B$4))
A38: 31 | B38: =IF(COUNTIFS(Cecafe_brut!$A$2:$A$69,DATE(2026,9,31),Cecafe_brut!$B$2:$B$69,"certificates",Cecafe_brut!$C$2:$C$69,Parametres!$B$4)=0,NA(),SUMIFS(Cecafe_brut!$T$2:$T$69,Cecafe_brut!$A$2:$A$69,DATE(2026,9,31),Cecafe_brut!$B$2:$B$69,"certificates",Cecafe_brut!$C$2:$C$69,Parametres!$B$4)) | C38: =IF(COUNTIFS(Cecafe_brut!$A$2:$A$69,DATE(2026,9,31),Cecafe_brut!$B$2:$B$69,"certificates",Cecafe_brut!$C$2:$C$69,Parametres!$B$4)=0,NA(),SUMIFS(Cecafe_brut!$S$2:$S$69,Cecafe_brut!$A$2:$A$69,DATE(2026,9,31),Cecafe_brut!$B$2:$B$69,"certificates",Cecafe_brut!$C$2:$C$69,Parametres!$B$4))
A40: Les cellules #N/A sont des jours sans donnée : Excel les ignore dans le graphique. Les mêmes mois des années précédentes s’ajouteront comme colonnes au fur et à mesure de la collecte.

Sheet Annees
A1: Certificats d’origine — total mensuel par année
A2: Dernier cumul observé dans le mois (mois en cours = partiel). Unité et type : onglet Parametres.
A4: Unité | B4: =Parametres!$B$4
A5: Type | B5: =Parametres!$B$5
A7: Mois | B7: 2026
A8: Jan | B8: =IF(SUMPRODUCT((Cecafe_brut!$A$2:$A$69>=DATE(2026,1,1))*(Cecafe_brut!$A$2:$A$69<DATE(2026,1+1,1))*(Cecafe_brut!$B$2:$B$69="certificates")*(Cecafe_brut!$C$2:$C$69=Parametres!$B$4))=0,NA(),SUMPRODUCT(MAX((Cecafe_brut!$A$2:$A$69>=DATE(2026,1,1))*(Cecafe_brut!$A$2:$A$69<DATE(2026,1+1,1))*(Cecafe_brut!$B$2:$B$69="certificates")*(Cecafe_brut!$C$2:$C$69=Parametres!$B$4)*Cecafe_brut!$S$2:$S$69)))
A9: Fév | B9: =IF(SUMPRODUCT((Cecafe_brut!$A$2:$A$69>=DATE(2026,2,1))*(Cecafe_brut!$A$2:$A$69<DATE(2026,2+1,1))*(Cecafe_brut!$B$2:$B$69="certificates")*(Cecafe_brut!$C$2:$C$69=Parametres!$B$4))=0,NA(),SUMPRODUCT(MAX((Cecafe_brut!$A$2:$A$69>=DATE(2026,2,1))*(Cecafe_brut!$A$2:$A$69<DATE(2026,2+1,1))*(Cecafe_brut!$B$2:$B$69="certificates")*(Cecafe_brut!$C$2:$C$69=Parametres!$B$4)*Cecafe_brut!$S$2:$S$69)))
A10: Mar | B10: =IF(SUMPRODUCT((Cecafe_brut!$A$2:$A$69>=DATE(2026,3,1))*(Cecafe_brut!$A$2:$A$69<DATE(2026,3+1,1))*(Cecafe_brut!$B$2:$B$69="certificates")*(Cecafe_brut!$C$2:$C$69=Parametres!$B$4))=0,NA(),SUMPRODUCT(MAX((Cecafe_brut!$A$2:$A$69>=DATE(2026,3,1))*(Cecafe_brut!$A$2:$A$69<DATE(2026,3+1,1))*(Cecafe_brut!$B$2:$B$69="certificates")*(Cecafe_brut!$C$2:$C$69=Parametres!$B$4)*Cecafe_brut!$S$2:$S$69)))
A11: Avr | B11: =IF(SUMPRODUCT((Cecafe_brut!$A$2:$A$69>=DATE(2026,4,1))*(Cecafe_brut!$A$2:$A$69<DATE(2026,4+1,1))*(Cecafe_brut!$B$2:$B$69="certificates")*(Cecafe_brut!$C$2:$C$69=Parametres!$B$4))=0,NA(),SUMPRODUCT(MAX((Cecafe_brut!$A$2:$A$69>=DATE(2026,4,1))*(Cecafe_brut!$A$2:$A$69<DATE(2026,4+1,1))*(Cecafe_brut!$B$2:$B$69="certificates")*(Cecafe_brut!$C$2:$C$69=Parametres!$B$4)*Cecafe_brut!$S$2:$S$69)))
A12: Mai | B12: =IF(SUMPRODUCT((Cecafe_brut!$A$2:$A$69>=DATE(2026,5,1))*(Cecafe_brut!$A$2:$A$69<DATE(2026,5+1,1))*(Cecafe_brut!$B$2:$B$69="certificates")*(Cecafe_brut!$C$2:$C$69=Parametres!$B$4))=0,NA(),SUMPRODUCT(MAX((Cecafe_brut!$A$2:$A$69>=DATE(2026,5,1))*(Cecafe_brut!$A$2:$A$69<DATE(2026,5+1,1))*(Cecafe_brut!$B$2:$B$69="certificates")*(Cecafe_brut!$C$2:$C$69=Parametres!$B$4)*Cecafe_brut!$S$2:$S$69)))
A13: Juin | B13: =IF(SUMPRODUCT((Cecafe_brut!$A$2:$A$69>=DATE(2026,6,1))*(Cecafe_brut!$A$2:$A$69<DATE(2026,6+1,1))*(Cecafe_brut!$B$2:$B$69="certificates")*(Cecafe_brut!$C$2:$C$69=Parametres!$B$4))=0,NA(),SUMPRODUCT(MAX((Cecafe_brut!$A$2:$A$69>=DATE(2026,6,1))*(Cecafe_brut!$A$2:$A$69<DATE(2026,6+1,1))*(Cecafe_brut!$B$2:$B$69="certificates")*(Cecafe_brut!$C$2:$C$69=Parametres!$B$4)*Cecafe_brut!$S$2:$S$69)))
A14: Juil | B14: =IF(SUMPRODUCT((Cecafe_brut!$A$2:$A$69>=DATE(2026,7,1))*(Cecafe_brut!$A$2:$A$69<DATE(2026,7+1,1))*(Cecafe_brut!$B$2:$B$69="certificates")*(Cecafe_brut!$C$2:$C$69=Parametres!$B$4))=0,NA(),SUMPRODUCT(MAX((Cecafe_brut!$A$2:$A$69>=DATE(2026,7,1))*(Cecafe_brut!$A$2:$A$69<DATE(2026,7+1,1))*(Cecafe_brut!$B$2:$B$69="certificates")*(Cecafe_brut!$C$2:$C$69=Parametres!$B$4)*Cecafe_brut!$S$2:$S$69)))
A15: Août | B15: =IF(SUMPRODUCT((Cecafe_brut!$A$2:$A$69>=DATE(2026,8,1))*(Cecafe_brut!$A$2:$A$69<DATE(2026,8+1,1))*(Cecafe_brut!$B$2:$B$69="certificates")*(Cecafe_brut!$C$2:$C$69=Parametres!$B$4))=0,NA(),SUMPRODUCT(MAX((Cecafe_brut!$A$2:$A$69>=DATE(2026,8,1))*(Cecafe_brut!$A$2:$A$69<DATE(2026,8+1,1))*(Cecafe_brut!$B$2:$B$69="certificates")*(Cecafe_brut!$C$2:$C$69=Parametres!$B$4)*Cecafe_brut!$S$2:$S$69)))
A16: Sep | B16: =IF(SUMPRODUCT((Cecafe_brut!$A$2:$A$69>=DATE(2026,9,1))*(Cecafe_brut!$A$2:$A$69<DATE(2026,9+1,1))*(Cecafe_brut!$B$2:$B$69="certificates")*(Cecafe_brut!$C$2:$C$69=Parametres!$B$4))=0,NA(),SUMPRODUCT(MAX((Cecafe_brut!$A$2:$A$69>=DATE(2026,9,1))*(Cecafe_brut!$A$2:$A$69<DATE(2026,9+1,1))*(Cecafe_brut!$B$2:$B$69="certificates")*(Cecafe_brut!$C$2:$C$69=Parametres!$B$4)*Cecafe_brut!$S$2:$S$69)))
A17: Oct | B17: =IF(SUMPRODUCT((Cecafe_brut!$A$2:$A$69>=DATE(2026,10,1))*(Cecafe_brut!$A$2:$A$69<DATE(2026,10+1,1))*(Cecafe_brut!$B$2:$B$69="certificates")*(Cecafe_brut!$C$2:$C$69=Parametres!$B$4))=0,NA(),SUMPRODUCT(MAX((Cecafe_brut!$A$2:$A$69>=DATE(2026,10,1))*(Cecafe_brut!$A$2:$A$69<DATE(2026,10+1,1))*(Cecafe_brut!$B$2:$B$69="certificates")*(Cecafe_brut!$C$2:$C$69=Parametres!$B$4)*Cecafe_brut!$S$2:$S$69)))
A18: Nov | B18: =IF(SUMPRODUCT((Cecafe_brut!$A$2:$A$69>=DATE(2026,11,1))*(Cecafe_brut!$A$2:$A$69<DATE(2026,11+1,1))*(Cecafe_brut!$B$2:$B$69="certificates")*(Cecafe_brut!$C$2:$C$69=Parametres!$B$4))=0,NA(),SUMPRODUCT(MAX((Cecafe_brut!$A$2:$A$69>=DATE(2026,11,1))*(Cecafe_brut!$A$2:$A$69<DATE(2026,11+1,1))*(Cecafe_brut!$B$2:$B$69="certificates")*(Cecafe_brut!$C$2:$C$69=Parametres!$B$4)*Cecafe_brut!$S$2:$S$69)))
A19: Déc | B19: =IF(SUMPRODUCT((Cecafe_brut!$A$2:$A$69>=DATE(2026,12,1))*(Cecafe_brut!$A$2:$A$69<DATE(2026,12+1,1))*(Cecafe_brut!$B$2:$B$69="certificates")*(Cecafe_brut!$C$2:$C$69=Parametres!$B$4))=0,NA(),SUMPRODUCT(MAX((Cecafe_brut!$A$2:$A$69>=DATE(2026,12,1))*(Cecafe_brut!$A$2:$A$69<DATE(2026,12+1,1))*(Cecafe_brut!$B$2:$B$69="certificates")*(Cecafe_brut!$C$2:$C$69=Parametres!$B$4)*Cecafe_brut!$S$2:$S$69)))
A21: Une colonne par année apparaîtra automatiquement dans la page web ; ici, ajoute une colonne par année collectée.

Sheet Depot_log
A1: Journal manuel des dépôts (volumes/daily_log.csv)
A2: Saisis dans les colonnes jaunes ; le stock courant est calculé : stock précédent + entrées − sorties, ou stock mesuré s’il est renseigné.
A4: Date | B4: État | C4: Site | D4: Entrées (sacs) | E4: Sorties (sacs) | F4: Stock mesuré (sacs) | G4: Source | H4: Note | I4: Stock calculé (sacs)
A5: 46258 | B5: MG | C5: Armazém Varginha | D5: 1200 | E5: 300 | F5: 9800 | G5: example | H5: opening physical count | I5: =IF(F5<>"",F5,IF(AND(ROW()>5,C4=C5),I4,0)+N(D5)-N(E5))
A6: 46259 | B6: MG | C6: Armazém Varginha | D6: 950 | E6: 420 | G6: example | I6: =IF(F6<>"",F6,IF(AND(ROW()>5,C5=C6),I5,0)+N(D6)-N(E6))
A7: 46260 | B7: MG | C7: Armazém Varginha | D7: 1100 | E7: 600 | G7: example | I7: =IF(F7<>"",F7,IF(AND(ROW()>5,C6=C7),I6,0)+N(D7)-N(E7))
A8: 46261 | B8: MG | C8: Armazém Varginha | D8: 800 | E8: 900 | G8: example | H8: truck to Santos | I8: =IF(F8<>"",F8,IF(AND(ROW()>5,C7=C8),I7,0)+N(D8)-N(E8))
A9: 46262 | B9: MG | C9: Armazém Varginha | D9: 600 | E9: 250 | F9: 10500 | G9: example | H9: physical count end of day | I9: =IF(F9<>"",F9,IF(AND(ROW()>5,C8=C9),I8,0)+N(D9)-N(E9))
A10: 46265 | B10: MG | C10: Armazém Varginha | D10: 700 | E10: 1200 | G10: example | I10: =IF(F10<>"",F10,IF(AND(ROW()>5,C9=C10),I9,0)+N(D10)-N(E10))
A11: 46266 | B11: MG | C11: Armazém Varginha | D11: 400 | E11: 800 | G11: example | I11: =IF(F11<>"",F11,IF(AND(ROW()>5,C10=C11),I10,0)+N(D11)-N(E11))
A12: 46267 | B12: MG | C12: Armazém Varginha | D12: 500 | E12: 350 | G12: example | I12: =IF(F12<>"",F12,IF(AND(ROW()>5,C11=C12),I11,0)+N(D12)-N(E12))
A13: 46268 | B13: MG | C13: Armazém Varginha | D13: 300 | E13: 700 | G13: example | I13: =IF(F13<>"",F13,IF(AND(ROW()>5,C12=C13),I12,0)+N(D13)-N(E13))
A14: 46269 | B14: MG | C14: Armazém Varginha | D14: 250 | E14: 400 | G14: example | I14: =IF(F14<>"",F14,IF(AND(ROW()>5,C13=C14),I13,0)+N(D14)-N(E14))
A15: 46258 | B15: ES | C15: Armazém Vitória | D15: 2000 | E15: 1500 | F15: 25500 | G15: example | H15: opening physical count (conilon) | I15: =IF(F15<>"",F15,IF(AND(ROW()>5,C14=C15),I14,0)+N(D15)-N(E15))
A16: 46259 | B16: ES | C16: Armazém Vitória | D16: 1800 | E16: 2200 | G16: example | I16: =IF(F16<>"",F16,IF(AND(ROW()>5,C15=C16),I15,0)+N(D16)-N(E16))
A17: 46260 | B17: ES | C17: Armazém Vitória | D17: 1500 | E17: 900 | G17: example | I17: =IF(F17<>"",F17,IF(AND(ROW()>5,C16=C17),I16,0)+N(D17)-N(E17))
A18: 46261 | B18: ES | C18: Armazém Vitória | D18: 1200 | E18: 2600 | G18: example | H18: vessel loading | I18: =IF(F18<>"",F18,IF(AND(ROW()>5,C17=C18),I17,0)+N(D18)-N(E18))
A19: 46262 | B19: ES | C19: Armazém Vitória | D19: 900 | E19: 1100 | F19: 24000 | G19: example | H19: physical count end of day | I19: =IF(F19<>"",F19,IF(AND(ROW()>5,C18=C19),I18,0)+N(D19)-N(E19))
A20: 46265 | B20: ES | C20: Armazém Vitória | D20: 700 | E20: 1900 | G20: example | I20: =IF(F20<>"",F20,IF(AND(ROW()>5,C19=C20),I19,0)+N(D20)-N(E20))
A21: 46266 | B21: ES | C21: Armazém Vitória | D21: 600 | E21: 1300 | G21: example | I21: =IF(F21<>"",F21,IF(AND(ROW()>5,C20=C21),I20,0)+N(D21)-N(E21))
A22: 46267 | B22: ES | C22: Armazém Vitória | D22: 800 | E22: 700 | G22: example | I22: =IF(F22<>"",F22,IF(AND(ROW()>5,C21=C22),I21,0)+N(D22)-N(E22))
A23: 46268 | B23: ES | C23: Armazém Vitória | D23: 500 | E23: 1500 | G23: example | I23: =IF(F23<>"",F23,IF(AND(ROW()>5,C22=C23),I22,0)+N(D23)-N(E23))
A24: 46269 | B24: ES | C24: Armazém Vitória | D24: 400 | E24: 900 | G24: example | I24: =IF(F24<>"",F24,IF(AND(ROW()>5,C23=C24),I23,0)+N(D24)-N(E24))
A26: Lignes « example » = fictives. Trie par site puis par date pour que le solde courant s’enchaîne.
