Workbook

Sheet Definitions
A1: Comment lire le « Resumo Diário » de Cecafé
A2: Cecafé = conseil des exportateurs de café du Brésil. Unité : sacs de 60 kg. Une publication par jour ouvré.
A4: Étape (tableau de la page) | B4: Ce que c'est | C4: Comment le lire
A5: 1. Certificats d'origine émis | B5: Le certificat est émis quand un exportateur a une VENTE conclue et un lot prêt, en entrepôt. Le café est vendu, la paperasse export existe, mais il n'a pas bougé. | C5: Signal le plus précoce. « Vente faite, café prêt. » Indique la demande et ce qui va partir dans les 1 à 3 semaines.
A6: 2. Dédouanement (customs clearance) | B6: Le lot est passé en douane au bureau indiqué (port ou entrepôt douanier intérieur comme REDEX/EADI Minas). Il est libéré pour partir. | C6: « Prêt à partir. » Le total dédouané du jour est égal au total embarqué : c'est le même café vu par le bureau de douane.
A7: 3. Embarquement (shipment) | B7: Le lot est chargé sur le navire ou le camion. Sortie physique réelle du pays. | C7: « Parti pour de vrai. » Vu par le point d'embarquement : Santos, Rio, autres. Le café dédouané à Vitória ou dans le Minas part le plus souvent par Santos.
A9: Bloc de colonnes | B9: Signification | C9: Comment le lire
A10: Mouvement du jour | B10: Sacs traités ce jour ouvré. | C10: À comparer à la veille et à la moyenne des jours précédents. Un lundi ou une fin de mois sont plus chargés.
A11: Cumul (acumulado) | B11: Total depuis le 1er du mois jusqu'au jour affiché. | C11: En fin de mois, c'est le total mensuel, à vérifier avec le rapport mensuel Cecafé.
A12: Mois précédent (mês anterior) | B12: Même période du mois précédent : les mêmes premiers jours, pas le mois entier. | C12: Variation % = cumul ÷ mois précédent − 1. Positif = rythme plus rapide que le mois dernier.
A14: Lecture | B14: Ce que ça dit
A15: Certifiés − embarqués (cumul) | B15: Café vendu à l'export mais pas encore parti : il attend dans les entrepôts portuaires et intérieurs. S'il monte, la file d'attente grossit ; s'il baisse, les embarquements rattrapent.
A16: Certificats en hausse, embarquements en baisse vs mois précédent | B16: Les ventes accélèrent, la sortie physique traîne : congestion logistique, gros volumes à venir.
A17: Vitória (ES) | B17: Port de l'Espírito Santo : surtout du conilon (robusta). Ligne à suivre pour l'ES.
A18: REDEX / EADI Minas Gerais | B18: Entrepôts douaniers intérieurs du Minas. Certifié − dédouané = café vendu qui attend encore dans le Minas. Indicateur le plus direct de mouvement d'entrepôt au Minas.
A19: Ne dit pas | B19: Le stock total des entrepôts du MG ou de l'ES : seule la part déjà vendue à l'export apparaît ici. Café des producteurs, coopératives non vendues et marché intérieur sont absents.
A20: Méthode | B20: Jamais un jour isolé. Suivre chaque jour, comparer le cumul à la même période du mois précédent, puis au même mois de l'année précédente quand l'historique existera.
A22: Traduction du navigateur : « Victory » = Vitória, « Conillon » = conilon (robusta brésilien), « Redex and EADI » = entrepôts douaniers intérieurs.
A23: Source : https://www.cecafe.com.br/dados-estatisticos/exportacoes-brasileiras/resumo-diario/
A24: Onglets Arabica / Robusta : la cellule jaune « Date affichée » pilote tout ; par défaut le dernier jour saisi, tu peux y taper n'importe quelle date présente dans Donnees.

Sheet Donnees
A1: date | B1: table | C1: unit | D1: unit_label | E1: arabica_day | F1: conilon_day | G1: soluble_day | H1: total_day | I1: arabica_cum | J1: conilon_cum | K1: soluble_cum | L1: total_cum | M1: arabica_prev | N1: conilon_prev | O1: soluble_prev | P1: total_prev | Q1: source
A2: 46269 | B2: certificates | C2: minas | D2: REDEX and EADI (MINAS GERAIS) | E2: 966 | F2: 0 | G2: 0 | H2: 966 | I2: 33232 | J2: 0 | K2: 0 | L2: 33232 | M2: 20625 | N2: 0 | O2: 0 | P2: 20625 | Q2: cecafe_daily.csv
A3: 46269 | B3: certificates | C3: others | D3: OTHERS | E3: 4066 | F3: 0 | G3: 35 | H3: 4101 | I3: 7260 | J3: 2078 | K3: 9139 | L3: 18477 | M3: 19390 | N3: 5200 | O3: 11308 | P3: 35898 | Q3: cecafe_daily.csv
A4: 46269 | B4: certificates | C4: rio | D4: RIO DE JANEIRO | E4: 4187 | F4: 1734 | G4: 0 | H4: 5921 | I4: 46750 | J4: 4116 | K4: 7798 | L4: 58664 | M4: 79854 | N4: 5388 | O4: 4160 | P4: 89402 | Q4: cecafe_daily.csv
A5: 46269 | B5: certificates | C5: salvador | D5: SALVADOR | E5: 0 | F5: 0 | G5: 0 | H5: 0 | I5: 7694 | J5: 0 | K5: 0 | L5: 7694 | M5: 1280 | N5: 986 | O5: 0 | P5: 2266 | Q5: cecafe_daily.csv
A6: 46269 | B6: certificates | C6: santos | D6: SANTOS | E6: 54939 | F6: 16666 | G6: 40 | H6: 71645 | I6: 355900 | J6: 26066 | K6: 23406 | L6: 405372 | M6: 236214 | N6: 11052 | O6: 33169 | P6: 280435 | Q6: cecafe_daily.csv
A7: 46269 | B7: certificates | C7: total | D7: TOTALS | E7: 65103 | F7: 29353 | G7: 75 | H7: 94531 | I7: 459336 | J7: 199941 | K7: 40343 | L7: 699620 | M7: 361607 | N7: 34113 | O7: 61428 | P7: 457148 | Q7: cecafe_daily.csv
A8: 46269 | B8: certificates | C8: vitoria | D8: VICTORY | E8: 945 | F8: 10953 | G8: 0 | H8: 11898 | I8: 8500 | J8: 167681 | K8: 0 | L8: 176181 | M8: 4244 | N8: 11487 | O8: 12791 | P8: 28522 | Q8: cecafe_daily.csv
A9: 46269 | B9: customs | C9: minas | D9: REDEX and EADI (MINAS GERAIS) | E9: 491 | F9: 0 | G9: 0 | H9: 491 | I9: 5674 | J9: 0 | K9: 0 | L9: 5674 | M9: 14131 | N9: 0 | O9: 0 | P9: 14131 | Q9: cecafe_daily.csv
A10: 46269 | B10: customs | C10: others | D10: OTHERS | E10: 0 | F10: 0 | G10: 0 | H10: 0 | I10: 846 | J10: 892 | K10: 558 | L10: 2296 | M10: 9123 | N10: 866 | O10: 4256 | P10: 14245 | Q10: cecafe_daily.csv
A11: 46269 | B11: customs | C11: rio | D11: RIO DE JANEIRO | E11: 3320 | F11: 1734 | G11: 0 | H11: 5054 | I11: 14040 | J11: 1734 | K11: 1528 | L11: 17302 | M11: 79532 | N11: 3948 | O11: 4160 | P11: 87640 | Q11: cecafe_daily.csv
A12: 46269 | B12: customs | C12: santos | D12: SANTOS | E12: 13195 | F12: 0 | G12: 0 | H12: 13195 | I12: 113214 | J12: 3333 | K12: 647 | L12: 117194 | M12: 210833 | N12: 11052 | O12: 7886 | P12: 229771 | Q12: cecafe_daily.csv
A13: 46269 | B13: customs | C13: total | D13: TOTALS | E13: 17951 | F13: 5067 | G13: 0 | H13: 23018 | I13: 134719 | J13: 22706 | K13: 2733 | L13: 160158 | M13: 313939 | N13: 22860 | O13: 16302 | P13: 353101 | Q13: cecafe_daily.csv
... A18: 46269 | B18: shipment | C18: total | D18: TOTALS | E18: 17951 | F18: 5067 | G18: 0 | H18: 23018 | I18: 134719 | J18: 22706 | K18: 2733 | L18: 160158 | M18: 313939 | N18: 22860 | O18: 16302 | P18: 353101 | Q18: cecafe_daily.csv
A20: Colle ici les nouvelles journées (même format que volumes/cecafe_daily.csv). Les onglets Arabica et Robusta se mettent à jour seuls.

Sheet Arabica
A1: Arabica — mouvement du jour, ports, cumul
A2: Cecafé Resumo Diário · arabica · sacs de 60 kg · tout est calculé à partir de l'onglet Donnees
A4: Date affichée | B4: =MAX(Donnees!$A$2:$A$5000) | C4: ← par défaut le dernier jour saisi ; tape une autre date (présente dans Donnees) pour la revoir
A5: Veille (jour précédent saisi) | B5: =IF(MAX(INDEX((Donnees!$A$2:$A$5000<$B$4)*Donnees!$A$2:$A$5000,0))=0,"",MAX(INDEX((Donnees!$A$2:$A$5000<$B$4)*Donnees!$A$2:$A$5000,0)))
A6: Dernier jour saisi | B6: =MAX(Donnees!$A$2:$A$5000)
A7: ARABICA — résumé (les noms de mois suivent la date affichée)
A8: Type | B8: Mouvement du jour | C8: =CHOOSE(MONTH($B$4),"Janvier","Février","Mars","Avril","Mai","Juin","Juillet","Août","Septembre","Octobre","Novembre","Décembre")&" "&YEAR($B$4) | D8: =CHOOSE(MONTH(DATE(YEAR($B$4),MONTH($B$4)+(-1),1)),"Janvier","Février","Mars","Avril","Mai","Juin","Juillet","Août","Septembre","Octobre","Novembre","Décembre")&" "&YEAR(DATE(YEAR($B$4),MONTH($B$4)+(-1),1)) | E8: Variation (%)
A9: ÉMISSION (certificats) | B9: =SUMIFS(Donnees!$E$2:$E$5000,Donnees!$A$2:$A$5000,$B$4,Donnees!$B$2:$B$5000,"certificates",Donnees!$C$2:$C$5000,"total") | C9: =SUMIFS(Donnees!$I$2:$I$5000,Donnees!$A$2:$A$5000,$B$4,Donnees!$B$2:$B$5000,"certificates",Donnees!$C$2:$C$5000,"total") | D9: =SUMIFS(Donnees!$M$2:$M$5000,Donnees!$A$2:$A$5000,$B$4,Donnees!$B$2:$B$5000,"certificates",Donnees!$C$2:$C$5000,"total") | E9: =IF(D9=0,NA(),C9/D9-1)
A10: EMBARQUE | B10: =SUMIFS(Donnees!$E$2:$E$5000,Donnees!$A$2:$A$5000,$B$4,Donnees!$B$2:$B$5000,"shipment",Donnees!$C$2:$C$5000,"total") | C10: =SUMIFS(Donnees!$I$2:$I$5000,Donnees!$A$2:$A$5000,$B$4,Donnees!$B$2:$B$5000,"shipment",Donnees!$C$2:$C$5000,"total") | D10: =SUMIFS(Donnees!$M$2:$M$5000,Donnees!$A$2:$A$5000,$B$4,Donnees!$B$2:$B$5000,"shipment",Donnees!$C$2:$C$5000,"total") | E10: =IF(D10=0,NA(),C10/D10-1)
A11: Dédouanement = embarquement en total : même café vu par la douane. Colonne mois précédent = même période du mois précédent.
A12: 1. Par étape, toutes unités : jour J, veille, cumul du mois, variation % vs mois précédent
A13: Étape | B13: Jour J | C13: Veille | D13: ="Cumul "&CHOOSE(MONTH($B$4),"Janvier","Février","Mars","Avril","Mai","Juin","Juillet","Août","Septembre","Octobre","Novembre","Décembre")&" "&YEAR($B$4) | E13: =CHOOSE(MONTH(DATE(YEAR($B$4),MONTH($B$4)+(-1),1)),"Janvier","Février","Mars","Avril","Mai","Juin","Juillet","Août","Septembre","Octobre","Novembre","Décembre")&" "&YEAR(DATE(YEAR($B$4),MONTH($B$4)+(-1),1))&" (même période)" | F13: Variation % vs mois précédent | G13: Certifiés − embarqués (cumul)
A14: Certificats d'origine | B14: =SUMIFS(Donnees!$E$2:$E$5000,Donnees!$A$2:$A$5000,$B$4,Donnees!$B$2:$B$5000,"certificates",Donnees!$C$2:$C$5000,"total") | C14: =IF($B$5="",NA(),SUMIFS(Donnees!$E$2:$E$5000,Donnees!$A$2:$A$5000,$B$5,Donnees!$B$2:$B$5000,"certificates",Donnees!$C$2:$C$5000,"total")) | D14: =SUMIFS(Donnees!$I$2:$I$5000,Donnees!$A$2:$A$5000,$B$4,Donnees!$B$2:$B$5000,"certificates",Donnees!$C$2:$C$5000,"total") | E14: =SUMIFS(Donnees!$M$2:$M$5000,Donnees!$A$2:$A$5000,$B$4,Donnees!$B$2:$B$5000,"certificates",Donnees!$C$2:$C$5000,"total") | F14: =IF(E14=0,NA(),D14/E14-1) | G14: =D14-D16
A15: Dédouanement | B15: =SUMIFS(Donnees!$E$2:$E$5000,Donnees!$A$2:$A$5000,$B$4,Donnees!$B$2:$B$5000,"customs",Donnees!$C$2:$C$5000,"total") | C15: =IF($B$5="",NA(),SUMIFS(Donnees!$E$2:$E$5000,Donnees!$A$2:$A$5000,$B$5,Donnees!$B$2:$B$5000,"customs",Donnees!$C$2:$C$5000,"total")) | D15: =SUMIFS(Donnees!$I$2:$I$5000,Donnees!$A$2:$A$5000,$B$4,Donnees!$B$2:$B$5000,"customs",Donnees!$C$2:$C$5000,"total") | E15: =SUMIFS(Donnees!$M$2:$M$5000,Donnees!$A$2:$A$5000,$B$4,Donnees!$B$2:$B$5000,"customs",Donnees!$C$2:$C$5000,"total") | F15: =IF(E15=0,NA(),D15/E15-1) | G15: café vendu, pas encore parti
A16: Embarquement | B16: =SUMIFS(Donnees!$E$2:$E$5000,Donnees!$A$2:$A$5000,$B$4,Donnees!$B$2:$B$5000,"shipment",Donnees!$C$2:$C$5000,"total") | C16: =IF($B$5="",NA(),SUMIFS(Donnees!$E$2:$E$5000,Donnees!$A$2:$A$5000,$B$5,Donnees!$B$2:$B$5000,"shipment",Donnees!$C$2:$C$5000,"total")) | D16: =SUMIFS(Donnees!$I$2:$I$5000,Donnees!$A$2:$A$5000,$B$4,Donnees!$B$2:$B$5000,"shipment",Donnees!$C$2:$C$5000,"total") | E16: =SUMIFS(Donnees!$M$2:$M$5000,Donnees!$A$2:$A$5000,$B$4,Donnees!$B$2:$B$5000,"shipment",Donnees!$C$2:$C$5000,"total") | F16: =IF(E16=0,NA(),D16/E16-1)
A18: 2 et 3. Par port : mouvement du jour (graphique 2) et variation % du cumul vs mois précédent (graphique 3)
A19: Port / unité | B19: Certificats J | C19: Dédouanés J | D19: Embarqués J | E19: Var. % certificats | F19: Var. % dédouanés | G19: Var. % embarqués
A20: Santos | B20: =SUMIFS(Donnees!$E$2:$E$5000,Donnees!$A$2:$A$5000,$B$4,Donnees!$B$2:$B$5000,"certificates",Donnees!$C$2:$C$5000,"santos") | C20: =SUMIFS(Donnees!$E$2:$E$5000,Donnees!$A$2:$A$5000,$B$4,Donnees!$B$2:$B$5000,"customs",Donnees!$C$2:$C$5000,"santos") | D20: =SUMIFS(Donnees!$E$2:$E$5000,Donnees!$A$2:$A$5000,$B$4,Donnees!$B$2:$B$5000,"shipment",Donnees!$C$2:$C$5000,"santos") | E20: =IF(SUMIFS(Donnees!$M$2:$M$5000,Donnees!$A$2:$A$5000,$B$4,Donnees!$B$2:$B$5000,"certificates",Donnees!$C$2:$C$5000,"santos")=0,NA(),SUMIFS(Donnees!$I$2:$I$5000,Donnees!$A$2:$A$5000,$B$4,Donnees!$B$2:$B$5000,"certificates",Donnees!$C$2:$C$5000,"santos")/SUMIFS(Donnees!$M$2:$M$5000,Donnees!$A$2:$A$5000,$B$4,Donnees!$B$2:$B$5000,"certificates",Donnees!$C$2:$C$5000,"santos")-1) | F20: =IF(SUMIFS(Donnees!$M$2:$M$5000,Donnees!$A$2:$A$5000,$B$4,Donnees!$B$2:$B$5000,"customs",Donnees!$C$2:$C$5000,"santos")=0,NA(),SUMIFS(Donnees!$I$2:$I$5000,Donnees!$A$2:$A$5000,$B$4,Donnees!$B$2:$B$5000,"customs",Donnees!$C$2:$C$5000,"santos")/SUMIFS(Donnees!$M$2:$M$5000,Donnees!$A$2:$A$5000,$B$4,Donnees!$B$2:$B$5000,"customs",Donnees!$C$2:$C$5000,"santos")-1) | G20: =IF(SUMIFS(Donnees!$M$2:$M$5000,Donnees!$A$2:$A$5000,$B$4,Donnees!$B$2:$B$5000,"shipment",Donnees!$C$2:$C$5000,"santos")=0,NA(),SUMIFS(Donnees!$I$2:$I$5000,Donnees!$A$2:$A$5000,$B$4,Donnees!$B$2:$B$5000,"shipment",Donnees!$C$2:$C$5000,"santos")/SUMIFS(Donnees!$M$2:$M$5000,Donnees!$A$2:$A$5000,$B$4,Donnees!$B$2:$B$5000,"shipment",Donnees!$C$2:$C$5000,"santos")-1)
A21: Vitória (ES) | B21: =SUMIFS(Donnees!$E$2:$E$5000,Donnees!$A$2:$A$5000,$B$4,Donnees!$B$2:$B$5000,"certificates",Donnees!$C$2:$C$5000,"vitoria") | C21: =SUMIFS(Donnees!$E$2:$E$5000,Donnees!$A$2:$A$5000,$B$4,Donnees!$B$2:$B$5000,"customs",Donnees!$C$2:$C$5000,"vitoria") | D21: =SUMIFS(Donnees!$E$2:$E$5000,Donnees!$A$2:$A$5000,$B$4,Donnees!$B$2:$B$5000,"shipment",Donnees!$C$2:$C$5000,"vitoria") | E21: =IF(SUMIFS(Donnees!$M$2:$M$5000,Donnees!$A$2:$A$5000,$B$4,Donnees!$B$2:$B$5000,"certificates",Donnees!$C$2:$C$5000,"vitoria")=0,NA(),SUMIFS(Donnees!$I$2:$I$5000,Donnees!$A$2:$A$5000,$B$4,Donnees!$B$2:$B$5000,"certificates",Donnees!$C$2:$C$5000,"vitoria")/SUMIFS(Donnees!$M$2:$M$5000,Donnees!$A$2:$A$5000,$B$4,Donnees!$B$2:$B$5000,"certificates",Donnees!$C$2:$C$5000,"vitoria")-1) | F21: =IF(SUMIFS(Donnees!$M$2:$M$5000,Donnees!$A$2:$A$5000,$B$4,Donnees!$B$2:$B$5000,"customs",Donnees!$C$2:$C$5000,"vitoria")=0,NA(),SUMIFS(Donnees!$I$2:$I$5000,Donnees!$A$2:$A$5000,$B$4,Donnees!$B$2:$B$5000,"customs",Donnees!$C$2:$C$5000,"vitoria")/SUMIFS(Donnees!$M$2:$M$5000,Donnees!$A$2:$A$5000,$B$4,Donnees!$B$2:$B$5000,"customs",Donnees!$C$2:$C$5000,"vitoria")-1) | G21: =IF(SUMIFS(Donnees!$M$2:$M$5000,Donnees!$A$2:$A$5000,$B$4,Donnees!$B$2:$B$5000,"shipment",Donnees!$C$2:$C$5000,"vitoria")=0,NA(),SUMIFS(Donnees!$I$2:$I$5000,Donnees!$A$2:$A$5000,$B$4,Donnees!$B$2:$B$5000,"shipment",Donnees!$C$2:$C$5000,"vitoria")/SUMIFS(Donnees!$M$2:$M$5000,Donnees!$A$2:$A$5000,$B$4,Donnees!$B$2:$B$5000,"shipment",Donnees!$C$2:$C$5000,"vitoria")-1)
A22: Rio de Janeiro | B22: =SUMIFS(Donnees!$E$2:$E$5000,Donnees!$A$2:$A$5000,$B$4,Donnees!$B$2:$B$5000,"certificates",Donnees!$C$2:$C$5000,"rio") | C22: =SUMIFS(Donnees!$E$2:$E$5000,Donnees!$A$2:$A$5000,$B$4,Donnees!$B$2:$B$5000,"customs",Donnees!$C$2:$C$5000,"rio") | D22: =SUMIFS(Donnees!$E$2:$E$5000,Donnees!$A$2:$A$5000,$B$4,Donnees!$B$2:$B$5000,"shipment",Donnees!$C$2:$C$5000,"rio") | E22: =IF(SUMIFS(Donnees!$M$2:$M$5000,Donnees!$A$2:$A$5000,$B$4,Donnees!$B$2:$B$5000,"certificates",Donnees!$C$2:$C$5000,"rio")=0,NA(),SUMIFS(Donnees!$I$2:$I$5000,Donnees!$A$2:$A$5000,$B$4,Donnees!$B$2:$B$5000,"certificates",Donnees!$C$2:$C$5000,"rio")/SUMIFS(Donnees!$M$2:$M$5000,Donnees!$A$2:$A$5000,$B$4,Donnees!$B$2:$B$5000,"certificates",Donnees!$C$2:$C$5000,"rio")-1) | F22: =IF(SUMIFS(Donnees!$M$2:$M$5000,Donnees!$A$2:$A$5000,$B$4,Donnees!$B$2:$B$5000,"customs",Donnees!$C$2:$C$5000,"rio")=0,NA(),SUMIFS(Donnees!$I$2:$I$5000,Donnees!$A$2:$A$5000,$B$4,Donnees!$B$2:$B$5000,"customs",Donnees!$C$2:$C$5000,"rio")/SUMIFS(Donnees!$M$2:$M$5000,Donnees!$A$2:$A$5000,$B$4,Donnees!$B$2:$B$5000,"customs",Donnees!$C$2:$C$5000,"rio")-1) | G22: =IF(SUMIFS(Donnees!$M$2:$M$5000,Donnees!$A$2:$A$5000,$B$4,Donnees!$B$2:$B$5000,"shipment",Donnees!$C$2:$C$5000,"rio")=0,NA(),SUMIFS(Donnees!$I$2:$I$5000,Donnees!$A$2:$A$5000,$B$4,Donnees!$B$2:$B$5000,"shipment",Donnees!$C$2:$C$5000,"rio")/SUMIFS(Donnees!$M$2:$M$5000,Donnees!$A$2:$A$5000,$B$4,Donnees!$B$2:$B$5000,"shipment",Donnees!$C$2:$C$5000,"rio")-1)
A23: REDEX / EADI Minas Gerais | B23: =SUMIFS(Donnees!$E$2:$E$5000,Donnees!$A$2:$A$5000,$B$4,Donnees!$B$2:$B$5000,"certificates",Donnees!$C$2:$C$5000,"minas") | C23: =SUMIFS(Donnees!$E$2:$E$5000,Donnees!$A$2:$A$5000,$B$4,Donnees!$B$2:$B$5000,"customs",Donnees!$C$2:$C$5000,"minas") | D23: =SUMIFS(Donnees!$E$2:$E$5000,Donnees!$A$2:$A$5000,$B$4,Donnees!$B$2:$B$5000,"shipment",Donnees!$C$2:$C$5000,"minas") | E23: =IF(SUMIFS(Donnees!$M$2:$M$5000,Donnees!$A$2:$A$5000,$B$4,Donnees!$B$2:$B$5000,"certificates",Donnees!$C$2:$C$5000,"minas")=0,NA(),SUMIFS(Donnees!$I$2:$I$5000,Donnees!$A$2:$A$5000,$B$4,Donnees!$B$2:$B$5000,"certificates",Donnees!$C$2:$C$5000,"minas")/SUMIFS(Donnees!$M$2:$M$5000,Donnees!$A$2:$A$5000,$B$4,Donnees!$B$2:$B$5000,"certificates",Donnees!$C$2:$C$5000,"minas")-1) | F23: =IF(SUMIFS(Donnees!$M$2:$M$5000,Donnees!$A$2:$A$5000,$B$4,Donnees!$B$2:$B$5000,"customs",Donnees!$C$2:$C$5000,"minas")=0,NA(),SUMIFS(Donnees!$I$2:$I$5000,Donnees!$A$2:$A$5000,$B$4,Donnees!$B$2:$B$5000,"customs",Donnees!$C$2:$C$5000,"minas")/SUMIFS(Donnees!$M$2:$M$5000,Donnees!$A$2:$A$5000,$B$4,Donnees!$B$2:$B$5000,"customs",Donnees!$C$2:$C$5000,"minas")-1) | G23: =IF(SUMIFS(Donnees!$M$2:$M$5000,Donnees!$A$2:$A$5000,$B$4,Donnees!$B$2:$B$5000,"shipment",Donnees!$C$2:$C$5000,"minas")=0,NA(),SUMIFS(Donnees!$I$2:$I$5000,Donnees!$A$2:$A$5000,$B$4,Donnees!$B$2:$B$5000,"shipment",Donnees!$C$2:$C$5000,"minas")/SUMIFS(Donnees!$M$2:$M$5000,Donnees!$A$2:$A$5000,$B$4,Donnees!$B$2:$B$5000,"shipment",Donnees!$C$2:$C$5000,"minas")-1)
A24: Salvador | B24: =SUMIFS(Donnees!$E$2:$E$5000,Donnees!$A$2:$A$5000,$B$4,Donnees!$B$2:$B$5000,"certificates",Donnees!$C$2:$C$5000,"salvador") | C24: =SUMIFS(Donnees!$E$2:$E$5000,Donnees!$A$2:$A$5000,$B$4,Donnees!$B$2:$B$5000,"customs",Donnees!$C$2:$C$5000,"salvador") | D24: =SUMIFS(Donnees!$E$2:$E$5000,Donnees!$A$2:$A$5000,$B$4,Donnees!$B$2:$B$5000,"shipment",Donnees!$C$2:$C$5000,"salvador") | E24: =IF(SUMIFS(Donnees!$M$2:$M$5000,Donnees!$A$2:$A$5000,$B$4,Donnees!$B$2:$B$5000,"certificates",Donnees!$C$2:$C$5000,"salvador")=0,NA(),SUMIFS(Donnees!$I$2:$I$5000,Donnees!$A$2:$A$5000,$B$4,Donnees!$B$2:$B$5000,"certificates",Donnees!$C$2:$C$5000,"salvador")/SUMIFS(Donnees!$M$2:$M$5000,Donnees!$A$2:$A$5000,$B$4,Donnees!$B$2:$B$5000,"certificates",Donnees!$C$2:$C$5000,"salvador")-1) | F24: =IF(SUMIFS(Donnees!$M$2:$M$5000,Donnees!$A$2:$A$5000,$B$4,Donnees!$B$2:$B$5000,"customs",Donnees!$C$2:$C$5000,"salvador")=0,NA(),SUMIFS(Donnees!$I$2:$I$5000,Donnees!$A$2:$A$5000,$B$4,Donnees!$B$2:$B$5000,"customs",Donnees!$C$2:$C$5000,"salvador")/SUMIFS(Donnees!$M$2:$M$5000,Donnees!$A$2:$A$5000,$B$4,Donnees!$B$2:$B$5000,"customs",Donnees!$C$2:$C$5000,"salvador")-1) | G24: =IF(SUMIFS(Donnees!$M$2:$M$5000,Donnees!$A$2:$A$5000,$B$4,Donnees!$B$2:$B$5000,"shipment",Donnees!$C$2:$C$5000,"salvador")=0,NA(),SUMIFS(Donnees!$I$2:$I$5000,Donnees!$A$2:$A$5000,$B$4,Donnees!$B$2:$B$5000,"shipment",Donnees!$C$2:$C$5000,"salvador")/SUMIFS(Donnees!$M$2:$M$5000,Donnees!$A$2:$A$5000,$B$4,Donnees!$B$2:$B$5000,"shipment",Donnees!$C$2:$C$5000,"salvador")-1)
A25: Autres | B25: =SUMIFS(Donnees!$E$2:$E$5000,Donnees!$A$2:$A$5000,$B$4,Donnees!$B$2:$B$5000,"certificates",Donnees!$C$2:$C$5000,"others") | C25: =SUMIFS(Donnees!$E$2:$E$5000,Donnees!$A$2:$A$5000,$B$4,Donnees!$B$2:$B$5000,"customs",Donnees!$C$2:$C$5000,"others") | D25: =SUMIFS(Donnees!$E$2:$E$5000,Donnees!$A$2:$A$5000,$B$4,Donnees!$B$2:$B$5000,"shipment",Donnees!$C$2:$C$5000,"others") | E25: =IF(SUMIFS(Donnees!$M$2:$M$5000,Donnees!$A$2:$A$5000,$B$4,Donnees!$B$2:$B$5000,"certificates",Donnees!$C$2:$C$5000,"others")=0,NA(),SUMIFS(Donnees!$I$2:$I$5000,Donnees!$A$2:$A$5000,$B$4,Donnees!$B$2:$B$5000,"certificates",Donnees!$C$2:$C$5000,"others")/SUMIFS(Donnees!$M$2:$M$5000,Donnees!$A$2:$A$5000,$B$4,Donnees!$B$2:$B$5000,"certificates",Donnees!$C$2:$C$5000,"others")-1) | F25: =IF(SUMIFS(Donnees!$M$2:$M$5000,Donnees!$A$2:$A$5000,$B$4,Donnees!$B$2:$B$5000,"customs",Donnees!$C$2:$C$5000,"others")=0,NA(),SUMIFS(Donnees!$I$2:$I$5000,Donnees!$A$2:$A$5000,$B$4,Donnees!$B$2:$B$5000,"customs",Donnees!$C$2:$C$5000,"others")/SUMIFS(Donnees!$M$2:$M$5000,Donnees!$A$2:$A$5000,$B$4,Donnees!$B$2:$B$5000,"customs",Donnees!$C$2:$C$5000,"others")-1) | G25: =IF(SUMIFS(Donnees!$M$2:$M$5000,Donnees!$A$2:$A$5000,$B$4,Donnees!$B$2:$B$5000,"shipment",Donnees!$C$2:$C$5000,"others")=0,NA(),SUMIFS(Donnees!$I$2:$I$5000,Donnees!$A$2:$A$5000,$B$4,Donnees!$B$2:$B$5000,"shipment",Donnees!$C$2:$C$5000,"others")/SUMIFS(Donnees!$M$2:$M$5000,Donnees!$A$2:$A$5000,$B$4,Donnees!$B$2:$B$5000,"shipment",Donnees!$C$2:$C$5000,"others")-1)
A26: Vitória et REDEX/EADI Minas n'ont pas de ligne « embarquement » sur la page : leur café part par Santos. #N/A = pas de valeur le mois précédent.
A28: 4. Par port, cumul du mois (rouge) contre même période du mois précédent (bleu)
A29: Port / unité | B29: Certificats cumul | C29: Certificats mois préc. | D29: Dédouanés cumul | E29: Dédouanés mois préc. | F29: Embarqués cumul | G29: Embarqués mois préc.
A30: Santos | B30: =SUMIFS(Donnees!$I$2:$I$5000,Donnees!$A$2:$A$5000,$B$4,Donnees!$B$2:$B$5000,"certificates",Donnees!$C$2:$C$5000,"santos") | C30: =SUMIFS(Donnees!$M$2:$M$5000,Donnees!$A$2:$A$5000,$B$4,Donnees!$B$2:$B$5000,"certificates",Donnees!$C$2:$C$5000,"santos") | D30: =SUMIFS(Donnees!$I$2:$I$5000,Donnees!$A$2:$A$5000,$B$4,Donnees!$B$2:$B$5000,"customs",Donnees!$C$2:$C$5000,"santos") | E30: =SUMIFS(Donnees!$M$2:$M$5000,Donnees!$A$2:$A$5000,$B$4,Donnees!$B$2:$B$5000,"customs",Donnees!$C$2:$C$5000,"santos") | F30: =SUMIFS(Donnees!$I$2:$I$5000,Donnees!$A$2:$A$5000,$B$4,Donnees!$B$2:$B$5000,"shipment",Donnees!$C$2:$C$5000,"santos") | G30: =SUMIFS(Donnees!$M$2:$M$5000,Donnees!$A$2:$A$5000,$B$4,Donnees!$B$2:$B$5000,"shipment",Donnees!$C$2:$C$5000,"santos")
A31: Vitória (ES) | B31: =SUMIFS(Donnees!$I$2:$I$5000,Donnees!$A$2:$A$5000,$B$4,Donnees!$B$2:$B$5000,"certificates",Donnees!$C$2:$C$5000,"vitoria") | C31: =SUMIFS(Donnees!$M$2:$M$5000,Donnees!$A$2:$A$5000,$B$4,Donnees!$B$2:$B$5000,"certificates",Donnees!$C$2:$C$5000,"vitoria") | D31: =SUMIFS(Donnees!$I$2:$I$5000,Donnees!$A$2:$A$5000,$B$4,Donnees!$B$2:$B$5000,"customs",Donnees!$C$2:$C$5000,"vitoria") | E31: =SUMIFS(Donnees!$M$2:$M$5000,Donnees!$A$2:$A$5000,$B$4,Donnees!$B$2:$B$5000,"customs",Donnees!$C$2:$C$5000,"vitoria") | F31: =SUMIFS(Donnees!$I$2:$I$5000,Donnees!$A$2:$A$5000,$B$4,Donnees!$B$2:$B$5000,"shipment",Donnees!$C$2:$C$5000,"vitoria") | G31: =SUMIFS(Donnees!$M$2:$M$5000,Donnees!$A$2:$A$5000,$B$4,Donnees!$B$2:$B$5000,"shipment",Donnees!$C$2:$C$5000,"vitoria")
A32: Rio de Janeiro | B32: =SUMIFS(Donnees!$I$2:$I$5000,Donnees!$A$2:$A$5000,$B$4,Donnees!$B$2:$B$5000,"certificates",Donnees!$C$2:$C$5000,"rio") | C32: =SUMIFS(Donnees!$M$2:$M$5000,Donnees!$A$2:$A$5000,$B$4,Donnees!$B$2:$B$5000,"certificates",Donnees!$C$2:$C$5000,"rio") | D32: =SUMIFS(Donnees!$I$2:$I$5000,Donnees!$A$2:$A$5000,$B$4,Donnees!$B$2:$B$5000,"customs",Donnees!$C$2:$C$5000,"rio") | E32: =SUMIFS(Donnees!$M$2:$M$5000,Donnees!$A$2:$A$5000,$B$4,Donnees!$B$2:$B$5000,"customs",Donnees!$C$2:$C$5000,"rio") | F32: =SUMIFS(Donnees!$I$2:$I$5000,Donnees!$A$2:$A$5000,$B$4,Donnees!$B$2:$B$5000,"shipment",Donnees!$C$2:$C$5000,"rio") | G32: =SUMIFS(Donnees!$M$2:$M$5000,Donnees!$A$2:$A$5000,$B$4,Donnees!$B$2:$B$5000,"shipment",Donnees!$C$2:$C$5000,"rio")
A33: REDEX / EADI Minas Gerais | B33: =SUMIFS(Donnees!$I$2:$I$5000,Donnees!$A$2:$A$5000,$B$4,Donnees!$B$2:$B$5000,"certificates",Donnees!$C$2:$C$5000,"minas") | C33: =SUMIFS(Donnees!$M$2:$M$5000,Donnees!$A$2:$A$5000,$B$4,Donnees!$B$2:$B$5000,"certificates",Donnees!$C$2:$C$5000,"minas") | D33: =SUMIFS(Donnees!$I$2:$I$5000,Donnees!$A$2:$A$5000,$B$4,Donnees!$B$2:$B$5000,"customs",Donnees!$C$2:$C$5000,"minas") | E33: =SUMIFS(Donnees!$M$2:$M$5000,Donnees!$A$2:$A$5000,$B$4,Donnees!$B$2:$B$5000,"customs",Donnees!$C$2:$C$5000,"minas") | F33: =SUMIFS(Donnees!$I$2:$I$5000,Donnees!$A$2:$A$5000,$B$4,Donnees!$B$2:$B$5000,"shipment",Donnees!$C$2:$C$5000,"minas") | G33: =SUMIFS(Donnees!$M$2:$M$5000,Donnees!$A$2:$A$5000,$B$4,Donnees!$B$2:$B$5000,"shipment",Donnees!$C$2:$C$5000,"minas")
A34: Salvador | B34: =SUMIFS(Donnees!$I$2:$I$5000,Donnees!$A$2:$A$5000,$B$4,Donnees!$B$2:$B$5000,"certificates",Donnees!$C$2:$C$5000,"salvador") | C34: =SUMIFS(Donnees!$M$2:$M$5000,Donnees!$A$2:$A$5000,$B$4,Donnees!$B$2:$B$5000,"certificates",Donnees!$C$2:$C$5000,"salvador") | D34: =SUMIFS(Donnees!$I$2:$I$5000,Donnees!$A$2:$A$5000,$B$4,Donnees!$B$2:$B$5000,"customs",Donnees!$C$2:$C$5000,"salvador") | E34: =SUMIFS(Donnees!$M$2:$M$5000,Donnees!$A$2:$A$5000,$B$4,Donnees!$B$2:$B$5000,"customs",Donnees!$C$2:$C$5000,"salvador") | F34: =SUMIFS(Donnees!$I$2:$I$5000,Donnees!$A$2:$A$5000,$B$4,Donnees!$B$2:$B$5000,"shipment",Donnees!$C$2:$C$5000,"salvador") | G34: =SUMIFS(Donnees!$M$2:$M$5000,Donnees!$A$2:$A$5000,$B$4,Donnees!$B$2:$B$5000,"shipment",Donnees!$C$2:$C$5000,"salvador")
A35: Autres | B35: =SUMIFS(Donnees!$I$2:$I$5000,Donnees!$A$2:$A$5000,$B$4,Donnees!$B$2:$B$5000,"certificates",Donnees!$C$2:$C$5000,"others") | C35: =SUMIFS(Donnees!$M$2:$M$5000,Donnees!$A$2:$A$5000,$B$4,Donnees!$B$2:$B$5000,"certificates",Donnees!$C$2:$C$5000,"others") | D35: =SUMIFS(Donnees!$I$2:$I$5000,Donnees!$A$2:$A$5000,$B$4,Donnees!$B$2:$B$5000,"customs",Donnees!$C$2:$C$5000,"others") | E35: =SUMIFS(Donnees!$M$2:$M$5000,Donnees!$A$2:$A$5000,$B$4,Donnees!$B$2:$B$5000,"customs",Donnees!$C$2:$C$5000,"others") | F35: =SUMIFS(Donnees!$I$2:$I$5000,Donnees!$A$2:$A$5000,$B$4,Donnees!$B$2:$B$5000,"shipment",Donnees!$C$2:$C$5000,"others") | G35: =SUMIFS(Donnees!$M$2:$M$5000,Donnees!$A$2:$A$5000,$B$4,Donnees!$B$2:$B$5000,"shipment",Donnees!$C$2:$C$5000,"others")
A38: 5. Historique jour par jour (toutes unités)
A39: Date | B39: Certificats J | C39: Dédouanés J | D39: Embarqués J | E39: Certificats cumul | F39: Embarqués cumul | G39: Certifiés − embarqués | H39: Var. % certificats vs mois préc. | I39: Var. % embarqués vs mois préc.
A40: 46269 | B40: =SUMIFS(Donnees!$E$2:$E$5000,Donnees!$A$2:$A$5000,$A40,Donnees!$B$2:$B$5000,"certificates",Donnees!$C$2:$C$5000,"total") | C40: =SUMIFS(Donnees!$E$2:$E$5000,Donnees!$A$2:$A$5000,$A40,Donnees!$B$2:$B$5000,"customs",Donnees!$C$2:$C$5000,"total") | D40: =SUMIFS(Donnees!$E$2:$E$5000,Donnees!$A$2:$A$5000,$A40,Donnees!$B$2:$B$5000,"shipment",Donnees!$C$2:$C$5000,"total") | E40: =SUMIFS(Donnees!$I$2:$I$5000,Donnees!$A$2:$A$5000,$A40,Donnees!$B$2:$B$5000,"certificates",Donnees!$C$2:$C$5000,"total") | F40: =SUMIFS(Donnees!$I$2:$I$5000,Donnees!$A$2:$A$5000,$A40,Donnees!$B$2:$B$5000,"shipment",Donnees!$C$2:$C$5000,"total") | G40: =E40-F40 | H40: =IF(SUMIFS(Donnees!$M$2:$M$5000,Donnees!$A$2:$A$5000,$A40,Donnees!$B$2:$B$5000,"certificates",Donnees!$C$2:$C$5000,"total")=0,NA(),E40/SUMIFS(Donnees!$M$2:$M$5000,Donnees!$A$2:$A$5000,$A40,Donnees!$B$2:$B$5000,"certificates",Donnees!$C$2:$C$5000,"total")-1) | I40: =IF(SUMIFS(Donnees!$M$2:$M$5000,Donnees!$A$2:$A$5000,$A40,Donnees!$B$2:$B$5000,"shipment",Donnees!$C$2:$C$5000,"total")=0,NA(),F40/SUMIFS(Donnees!$M$2:$M$5000,Donnees!$A$2:$A$5000,$A40,Donnees!$B$2:$B$5000,"shipment",Donnees!$C$2:$C$5000,"total")-1)
A41: Le script build_xlsx.py ajoute une ligne par nouvelle journée. Si tu colles des jours à la main dans Donnees, ajoute aussi la date ici (colonne A), les formules de la ligne au-dessus se copient.

Sheet Robusta
A1: Robusta — mouvement du jour, ports, cumul
A2: Cecafé Resumo Diário · conilon (robusta) · sacs de 60 kg · tout est calculé à partir de l'onglet Donnees
A4: Date affichée | B4: =MAX(Donnees!$A$2:$A$5000) | C4: ← par défaut le dernier jour saisi ; tape une autre date (présente dans Donnees) pour la revoir
A5: Veille (jour précédent saisi) | B5: =IF(MAX(INDEX((Donnees!$A$2:$A$5000<$B$4)*Donnees!$A$2:$A$5000,0))=0,"",MAX(INDEX((Donnees!$A$2:$A$5000<$B$4)*Donnees!$A$2:$A$5000,0)))
A6: Dernier jour saisi | B6: =MAX(Donnees!$A$2:$A$5000)
A7: ROBUSTA — résumé (les noms de mois suivent la date affichée)
A8: Type | B8: Mouvement du jour | C8: =CHOOSE(MONTH($B$4),"Janvier","Février","Mars","Avril","Mai","Juin","Juillet","Août","Septembre","Octobre","Novembre","Décembre")&" "&YEAR($B$4) | D8: =CHOOSE(MONTH(DATE(YEAR($B$4),MONTH($B$4)+(-1),1)),"Janvier","Février","Mars","Avril","Mai","Juin","Juillet","Août","Septembre","Octobre","Novembre","Décembre")&" "&YEAR(DATE(YEAR($B$4),MONTH($B$4)+(-1),1)) | E8: Variation (%)
A9: ÉMISSION (certificats) | B9: =SUMIFS(Donnees!$F$2:$F$5000,Donnees!$A$2:$A$5000,$B$4,Donnees!$B$2:$B$5000,"certificates",Donnees!$C$2:$C$5000,"total") | C9: =SUMIFS(Donnees!$J$2:$J$5000,Donnees!$A$2:$A$5000,$B$4,Donnees!$B$2:$B$5000,"certificates",Donnees!$C$2:$C$5000,"total") | D9: =SUMIFS(Donnees!$N$2:$N$5000,Donnees!$A$2:$A$5000,$B$4,Donnees!$B$2:$B$5000,"certificates",Donnees!$C$2:$C$5000,"total") | E9: =IF(D9=0,NA(),C9/D9-1)
A10: EMBARQUE | B10: =SUMIFS(Donnees!$F$2:$F$5000,Donnees!$A$2:$A$5000,$B$4,Donnees!$B$2:$B$5000,"shipment",Donnees!$C$2:$C$5000,"total") | C10: =SUMIFS(Donnees!$J$2:$J$5000,Donnees!$A$2:$A$5000,$B$4,Donnees!$B$2:$B$5000,"shipment",Donnees!$C$2:$C$5000,"total") | D10: =SUMIFS(Donnees!$N$2:$N$5000,Donnees!$A$2:$A$5000,$B$4,Donnees!$B$2:$B$5000,"shipment",Donnees!$C$2:$C$5000,"total") | E10: =IF(D10=0,NA(),C10/D10-1)
A11: Dédouanement = embarquement en total : même café vu par la douane. Colonne mois précédent = même période du mois précédent.
A12: 1. Par étape, toutes unités : jour J, veille, cumul du mois, variation % vs mois précédent
A13: Étape | B13: Jour J | C13: Veille | D13: ="Cumul "&CHOOSE(MONTH($B$4),"Janvier","Février","Mars","Avril","Mai","Juin","Juillet","Août","Septembre","Octobre","Novembre","Décembre")&" "&YEAR($B$4) | E13: =CHOOSE(MONTH(DATE(YEAR($B$4),MONTH($B$4)+(-1),1)),"Janvier","Février","Mars","Avril","Mai","Juin","Juillet","Août","Septembre","Octobre","Novembre","Décembre")&" "&YEAR(DATE(YEAR($B$4),MONTH($B$4)+(-1),1))&" (même période)" | F13: Variation % vs mois précédent | G13: Certifiés − embarqués (cumul)
A14: Certificats d'origine | B14: =SUMIFS(Donnees!$F$2:$F$5000,Donnees!$A$2:$A$5000,$B$4,Donnees!$B$2:$B$5000,"certificates",Donnees!$C$2:$C$5000,"total") | C14: =IF($B$5="",NA(),SUMIFS(Donnees!$F$2:$F$5000,Donnees!$A$2:$A$5000,$B$5,Donnees!$B$2:$B$5000,"certificates",Donnees!$C$2:$C$5000,"total")) | D14: =SUMIFS(Donnees!$J$2:$J$5000,Donnees!$A$2:$A$5000,$B$4,Donnees!$B$2:$B$5000,"certificates",Donnees!$C$2:$C$5000,"total") | E14: =SUMIFS(Donnees!$N$2:$N$5000,Donnees!$A$2:$A$5000,$B$4,Donnees!$B$2:$B$5000,"certificates",Donnees!$C$2:$C$5000,"total") | F14: =IF(E14=0,NA(),D14/E14-1) | G14: =D14-D16
A15: Dédouanement | B15: =SUMIFS(Donnees!$F$2:$F$5000,Donnees!$A$2:$A$5000,$B$4,Donnees!$B$2:$B$5000,"customs",Donnees!$C$2:$C$5000,"total") | C15: =IF($B$5="",NA(),SUMIFS(Donnees!$F$2:$F$5000,Donnees!$A$2:$A$5000,$B$5,Donnees!$B$2:$B$5000,"customs",Donnees!$C$2:$C$5000,"total")) | D15: =SUMIFS(Donnees!$J$2:$J$5000,Donnees!$A$2:$A$5000,$B$4,Donnees!$B$2:$B$5000,"customs",Donnees!$C$2:$C$5000,"total") | E15: =SUMIFS(Donnees!$N$2:$N$5000,Donnees!$A$2:$A$5000,$B$4,Donnees!$B$2:$B$5000,"customs",Donnees!$C$2:$C$5000,"total") | F15: =IF(E15=0,NA(),D15/E15-1) | G15: café vendu, pas encore parti
A16: Embarquement | B16: =SUMIFS(Donnees!$F$2:$F$5000,Donnees!$A$2:$A$5000,$B$4,Donnees!$B$2:$B$5000,"shipment",Donnees!$C$2:$C$5000,"total") | C16: =IF($B$5="",NA(),SUMIFS(Donnees!$F$2:$F$5000,Donnees!$A$2:$A$5000,$B$5,Donnees!$B$2:$B$5000,"shipment",Donnees!$C$2:$C$5000,"total")) | D16: =SUMIFS(Donnees!$J$2:$J$5000,Donnees!$A$2:$A$5000,$B$4,Donnees!$B$2:$B$5000,"shipment",Donnees!$C$2:$C$5000,"total") | E16: =SUMIFS(Donnees!$N$2:$N$5000,Donnees!$A$2:$A$5000,$B$4,Donnees!$B$2:$B$5000,"shipment",Donnees!$C$2:$C$5000,"total") | F16: =IF(E16=0,NA(),D16/E16-1)
A18: 2 et 3. Par port : mouvement du jour (graphique 2) et variation % du cumul vs mois précédent (graphique 3)
A19: Port / unité | B19: Certificats J | C19: Dédouanés J | D19: Embarqués J | E19: Var. % certificats | F19: Var. % dédouanés | G19: Var. % embarqués
A20: Santos | B20: =SUMIFS(Donnees!$F$2:$F$5000,Donnees!$A$2:$A$5000,$B$4,Donnees!$B$2:$B$5000,"certificates",Donnees!$C$2:$C$5000,"santos") | C20: =SUMIFS(Donnees!$F$2:$F$5000,Donnees!$A$2:$A$5000,$B$4,Donnees!$B$2:$B$5000,"customs",Donnees!$C$2:$C$5000,"santos") | D20: =SUMIFS(Donnees!$F$2:$F$5000,Donnees!$A$2:$A$5000,$B$4,Donnees!$B$2:$B$5000,"shipment",Donnees!$C$2:$C$5000,"santos") | E20: =IF(SUMIFS(Donnees!$N$2:$N$5000,Donnees!$A$2:$A$5000,$B$4,Donnees!$B$2:$B$5000,"certificates",Donnees!$C$2:$C$5000,"santos")=0,NA(),SUMIFS(Donnees!$J$2:$J$5000,Donnees!$A$2:$A$5000,$B$4,Donnees!$B$2:$B$5000,"certificates",Donnees!$C$2:$C$5000,"santos")/SUMIFS(Donnees!$N$2:$N$5000,Donnees!$A$2:$A$5000,$B$4,Donnees!$B$2:$B$5000,"certificates",Donnees!$C$2:$C$5000,"santos")-1) | F20: =IF(SUMIFS(Donnees!$N$2:$N$5000,Donnees!$A$2:$A$5000,$B$4,Donnees!$B$2:$B$5000,"customs",Donnees!$C$2:$C$5000,"santos")=0,NA(),SUMIFS(Donnees!$J$2:$J$5000,Donnees!$A$2:$A$5000,$B$4,Donnees!$B$2:$B$5000,"customs",Donnees!$C$2:$C$5000,"santos")/SUMIFS(Donnees!$N$2:$N$5000,Donnees!$A$2:$A$5000,$B$4,Donnees!$B$2:$B$5000,"customs",Donnees!$C$2:$C$5000,"santos")-1) | G20: =IF(SUMIFS(Donnees!$N$2:$N$5000,Donnees!$A$2:$A$5000,$B$4,Donnees!$B$2:$B$5000,"shipment",Donnees!$C$2:$C$5000,"santos")=0,NA(),SUMIFS(Donnees!$J$2:$J$5000,Donnees!$A$2:$A$5000,$B$4,Donnees!$B$2:$B$5000,"shipment",Donnees!$C$2:$C$5000,"santos")/SUMIFS(Donnees!$N$2:$N$5000,Donnees!$A$2:$A$5000,$B$4,Donnees!$B$2:$B$5000,"shipment",Donnees!$C$2:$C$5000,"santos")-1)
A21: Vitória (ES) | B21: =SUMIFS(Donnees!$F$2:$F$5000,Donnees!$A$2:$A$5000,$B$4,Donnees!$B$2:$B$5000,"certificates",Donnees!$C$2:$C$5000,"vitoria") | C21: =SUMIFS(Donnees!$F$2:$F$5000,Donnees!$A$2:$A$5000,$B$4,Donnees!$B$2:$B$5000,"customs",Donnees!$C$2:$C$5000,"vitoria") | D21: =SUMIFS(Donnees!$F$2:$F$5000,Donnees!$A$2:$A$5000,$B$4,Donnees!$B$2:$B$5000,"shipment",Donnees!$C$2:$C$5000,"vitoria") | E21: =IF(SUMIFS(Donnees!$N$2:$N$5000,Donnees!$A$2:$A$5000,$B$4,Donnees!$B$2:$B$5000,"certificates",Donnees!$C$2:$C$5000,"vitoria")=0,NA(),SUMIFS(Donnees!$J$2:$J$5000,Donnees!$A$2:$A$5000,$B$4,Donnees!$B$2:$B$5000,"certificates",Donnees!$C$2:$C$5000,"vitoria")/SUMIFS(Donnees!$N$2:$N$5000,Donnees!$A$2:$A$5000,$B$4,Donnees!$B$2:$B$5000,"certificates",Donnees!$C$2:$C$5000,"vitoria")-1) | F21: =IF(SUMIFS(Donnees!$N$2:$N$5000,Donnees!$A$2:$A$5000,$B$4,Donnees!$B$2:$B$5000,"customs",Donnees!$C$2:$C$5000,"vitoria")=0,NA(),SUMIFS(Donnees!$J$2:$J$5000,Donnees!$A$2:$A$5000,$B$4,Donnees!$B$2:$B$5000,"customs",Donnees!$C$2:$C$5000,"vitoria")/SUMIFS(Donnees!$N$2:$N$5000,Donnees!$A$2:$A$5000,$B$4,Donnees!$B$2:$B$5000,"customs",Donnees!$C$2:$C$5000,"vitoria")-1) | G21: =IF(SUMIFS(Donnees!$N$2:$N$5000,Donnees!$A$2:$A$5000,$B$4,Donnees!$B$2:$B$5000,"shipment",Donnees!$C$2:$C$5000,"vitoria")=0,NA(),SUMIFS(Donnees!$J$2:$J$5000,Donnees!$A$2:$A$5000,$B$4,Donnees!$B$2:$B$5000,"shipment",Donnees!$C$2:$C$5000,"vitoria")/SUMIFS(Donnees!$N$2:$N$5000,Donnees!$A$2:$A$5000,$B$4,Donnees!$B$2:$B$5000,"shipment",Donnees!$C$2:$C$5000,"vitoria")-1)
A22: Rio de Janeiro | B22: =SUMIFS(Donnees!$F$2:$F$5000,Donnees!$A$2:$A$5000,$B$4,Donnees!$B$2:$B$5000,"certificates",Donnees!$C$2:$C$5000,"rio") | C22: =SUMIFS(Donnees!$F$2:$F$5000,Donnees!$A$2:$A$5000,$B$4,Donnees!$B$2:$B$5000,"customs",Donnees!$C$2:$C$5000,"rio") | D22: =SUMIFS(Donnees!$F$2:$F$5000,Donnees!$A$2:$A$5000,$B$4,Donnees!$B$2:$B$5000,"shipment",Donnees!$C$2:$C$5000,"rio") | E22: =IF(SUMIFS(Donnees!$N$2:$N$5000,Donnees!$A$2:$A$5000,$B$4,Donnees!$B$2:$B$5000,"certificates",Donnees!$C$2:$C$5000,"rio")=0,NA(),SUMIFS(Donnees!$J$2:$J$5000,Donnees!$A$2:$A$5000,$B$4,Donnees!$B$2:$B$5000,"certificates",Donnees!$C$2:$C$5000,"rio")/SUMIFS(Donnees!$N$2:$N$5000,Donnees!$A$2:$A$5000,$B$4,Donnees!$B$2:$B$5000,"certificates",Donnees!$C$2:$C$5000,"rio")-1) | F22: =IF(SUMIFS(Donnees!$N$2:$N$5000,Donnees!$A$2:$A$5000,$B$4,Donnees!$B$2:$B$5000,"customs",Donnees!$C$2:$C$5000,"rio")=0,NA(),SUMIFS(Donnees!$J$2:$J$5000,Donnees!$A$2:$A$5000,$B$4,Donnees!$B$2:$B$5000,"customs",Donnees!$C$2:$C$5000,"rio")/SUMIFS(Donnees!$N$2:$N$5000,Donnees!$A$2:$A$5000,$B$4,Donnees!$B$2:$B$5000,"customs",Donnees!$C$2:$C$5000,"rio")-1) | G22: =IF(SUMIFS(Donnees!$N$2:$N$5000,Donnees!$A$2:$A$5000,$B$4,Donnees!$B$2:$B$5000,"shipment",Donnees!$C$2:$C$5000,"rio")=0,NA(),SUMIFS(Donnees!$J$2:$J$5000,Donnees!$A$2:$A$5000,$B$4,Donnees!$B$2:$B$5000,"shipment",Donnees!$C$2:$C$5000,"rio")/SUMIFS(Donnees!$N$2:$N$5000,Donnees!$A$2:$A$5000,$B$4,Donnees!$B$2:$B$5000,"shipment",Donnees!$C$2:$C$5000,"rio")-1)
A23: REDEX / EADI Minas Gerais | B23: =SUMIFS(Donnees!$F$2:$F$5000,Donnees!$A$2:$A$5000,$B$4,Donnees!$B$2:$B$5000,"certificates",Donnees!$C$2:$C$5000,"minas") | C23: =SUMIFS(Donnees!$F$2:$F$5000,Donnees!$A$2:$A$5000,$B$4,Donnees!$B$2:$B$5000,"customs",Donnees!$C$2:$C$5000,"minas") | D23: =SUMIFS(Donnees!$F$2:$F$5000,Donnees!$A$2:$A$5000,$B$4,Donnees!$B$2:$B$5000,"shipment",Donnees!$C$2:$C$5000,"minas") | E23: =IF(SUMIFS(Donnees!$N$2:$N$5000,Donnees!$A$2:$A$5000,$B$4,Donnees!$B$2:$B$5000,"certificates",Donnees!$C$2:$C$5000,"minas")=0,NA(),SUMIFS(Donnees!$J$2:$J$5000,Donnees!$A$2:$A$5000,$B$4,Donnees!$B$2:$B$5000,"certificates",Donnees!$C$2:$C$5000,"minas")/SUMIFS(Donnees!$N$2:$N$5000,Donnees!$A$2:$A$5000,$B$4,Donnees!$B$2:$B$5000,"certificates",Donnees!$C$2:$C$5000,"minas")-1) | F23: =IF(SUMIFS(Donnees!$N$2:$N$5000,Donnees!$A$2:$A$5000,$B$4,Donnees!$B$2:$B$5000,"customs",Donnees!$C$2:$C$5000,"minas")=0,NA(),SUMIFS(Donnees!$J$2:$J$5000,Donnees!$A$2:$A$5000,$B$4,Donnees!$B$2:$B$5000,"customs",Donnees!$C$2:$C$5000,"minas")/SUMIFS(Donnees!$N$2:$N$5000,Donnees!$A$2:$A$5000,$B$4,Donnees!$B$2:$B$5000,"customs",Donnees!$C$2:$C$5000,"minas")-1) | G23: =IF(SUMIFS(Donnees!$N$2:$N$5000,Donnees!$A$2:$A$5000,$B$4,Donnees!$B$2:$B$5000,"shipment",Donnees!$C$2:$C$5000,"minas")=0,NA(),SUMIFS(Donnees!$J$2:$J$5000,Donnees!$A$2:$A$5000,$B$4,Donnees!$B$2:$B$5000,"shipment",Donnees!$C$2:$C$5000,"minas")/SUMIFS(Donnees!$N$2:$N$5000,Donnees!$A$2:$A$5000,$B$4,Donnees!$B$2:$B$5000,"shipment",Donnees!$C$2:$C$5000,"minas")-1)
A24: Salvador | B24: =SUMIFS(Donnees!$F$2:$F$5000,Donnees!$A$2:$A$5000,$B$4,Donnees!$B$2:$B$5000,"certificates",Donnees!$C$2:$C$5000,"salvador") | C24: =SUMIFS(Donnees!$F$2:$F$5000,Donnees!$A$2:$A$5000,$B$4,Donnees!$B$2:$B$5000,"customs",Donnees!$C$2:$C$5000,"salvador") | D24: =SUMIFS(Donnees!$F$2:$F$5000,Donnees!$A$2:$A$5000,$B$4,Donnees!$B$2:$B$5000,"shipment",Donnees!$C$2:$C$5000,"salvador") | E24: =IF(SUMIFS(Donnees!$N$2:$N$5000,Donnees!$A$2:$A$5000,$B$4,Donnees!$B$2:$B$5000,"certificates",Donnees!$C$2:$C$5000,"salvador")=0,NA(),SUMIFS(Donnees!$J$2:$J$5000,Donnees!$A$2:$A$5000,$B$4,Donnees!$B$2:$B$5000,"certificates",Donnees!$C$2:$C$5000,"salvador")/SUMIFS(Donnees!$N$2:$N$5000,Donnees!$A$2:$A$5000,$B$4,Donnees!$B$2:$B$5000,"certificates",Donnees!$C$2:$C$5000,"salvador")-1) | F24: =IF(SUMIFS(Donnees!$N$2:$N$5000,Donnees!$A$2:$A$5000,$B$4,Donnees!$B$2:$B$5000,"customs",Donnees!$C$2:$C$5000,"salvador")=0,NA(),SUMIFS(Donnees!$J$2:$J$5000,Donnees!$A$2:$A$5000,$B$4,Donnees!$B$2:$B$5000,"customs",Donnees!$C$2:$C$5000,"salvador")/SUMIFS(Donnees!$N$2:$N$5000,Donnees!$A$2:$A$5000,$B$4,Donnees!$B$2:$B$5000,"customs",Donnees!$C$2:$C$5000,"salvador")-1) | G24: =IF(SUMIFS(Donnees!$N$2:$N$5000,Donnees!$A$2:$A$5000,$B$4,Donnees!$B$2:$B$5000,"shipment",Donnees!$C$2:$C$5000,"salvador")=0,NA(),SUMIFS(Donnees!$J$2:$J$5000,Donnees!$A$2:$A$5000,$B$4,Donnees!$B$2:$B$5000,"shipment",Donnees!$C$2:$C$5000,"salvador")/SUMIFS(Donnees!$N$2:$N$5000,Donnees!$A$2:$A$5000,$B$4,Donnees!$B$2:$B$5000,"shipment",Donnees!$C$2:$C$5000,"salvador")-1)
A25: Autres | B25: =SUMIFS(Donnees!$F$2:$F$5000,Donnees!$A$2:$A$5000,$B$4,Donnees!$B$2:$B$5000,"certificates",Donnees!$C$2:$C$5000,"others") | C25: =SUMIFS(Donnees!$F$2:$F$5000,Donnees!$A$2:$A$5000,$B$4,Donnees!$B$2:$B$5000,"customs",Donnees!$C$2:$C$5000,"others") | D25: =SUMIFS(Donnees!$F$2:$F$5000,Donnees!$A$2:$A$5000,$B$4,Donnees!$B$2:$B$5000,"shipment",Donnees!$C$2:$C$5000,"others") | E25: =IF(SUMIFS(Donnees!$N$2:$N$5000,Donnees!$A$2:$A$5000,$B$4,Donnees!$B$2:$B$5000,"certificates",Donnees!$C$2:$C$5000,"others")=0,NA(),SUMIFS(Donnees!$J$2:$J$5000,Donnees!$A$2:$A$5000,$B$4,Donnees!$B$2:$B$5000,"certificates",Donnees!$C$2:$C$5000,"others")/SUMIFS(Donnees!$N$2:$N$5000,Donnees!$A$2:$A$5000,$B$4,Donnees!$B$2:$B$5000,"certificates",Donnees!$C$2:$C$5000,"others")-1) | F25: =IF(SUMIFS(Donnees!$N$2:$N$5000,Donnees!$A$2:$A$5000,$B$4,Donnees!$B$2:$B$5000,"customs",Donnees!$C$2:$C$5000,"others")=0,NA(),SUMIFS(Donnees!$J$2:$J$5000,Donnees!$A$2:$A$5000,$B$4,Donnees!$B$2:$B$5000,"customs",Donnees!$C$2:$C$5000,"others")/SUMIFS(Donnees!$N$2:$N$5000,Donnees!$A$2:$A$5000,$B$4,Donnees!$B$2:$B$5000,"customs",Donnees!$C$2:$C$5000,"others")-1) | G25: =IF(SUMIFS(Donnees!$N$2:$N$5000,Donnees!$A$2:$A$5000,$B$4,Donnees!$B$2:$B$5000,"shipment",Donnees!$C$2:$C$5000,"others")=0,NA(),SUMIFS(Donnees!$J$2:$J$5000,Donnees!$A$2:$A$5000,$B$4,Donnees!$B$2:$B$5000,"shipment",Donnees!$C$2:$C$5000,"others")/SUMIFS(Donnees!$N$2:$N$5000,Donnees!$A$2:$A$5000,$B$4,Donnees!$B$2:$B$5000,"shipment",Donnees!$C$2:$C$5000,"others")-1)
A26: Vitória et REDEX/EADI Minas n'ont pas de ligne « embarquement » sur la page : leur café part par Santos. #N/A = pas de valeur le mois précédent.
A28: 4. Par port, cumul du mois (rouge) contre même période du mois précédent (bleu)
A29: Port / unité | B29: Certificats cumul | C29: Certificats mois préc. | D29: Dédouanés cumul | E29: Dédouanés mois préc. | F29: Embarqués cumul | G29: Embarqués mois préc.
A30: Santos | B30: =SUMIFS(Donnees!$J$2:$J$5000,Donnees!$A$2:$A$5000,$B$4,Donnees!$B$2:$B$5000,"certificates",Donnees!$C$2:$C$5000,"santos") | C30: =SUMIFS(Donnees!$N$2:$N$5000,Donnees!$A$2:$A$5000,$B$4,Donnees!$B$2:$B$5000,"certificates",Donnees!$C$2:$C$5000,"santos") | D30: =SUMIFS(Donnees!$J$2:$J$5000,Donnees!$A$2:$A$5000,$B$4,Donnees!$B$2:$B$5000,"customs",Donnees!$C$2:$C$5000,"santos") | E30: =SUMIFS(Donnees!$N$2:$N$5000,Donnees!$A$2:$A$5000,$B$4,Donnees!$B$2:$B$5000,"customs",Donnees!$C$2:$C$5000,"santos") | F30: =SUMIFS(Donnees!$J$2:$J$5000,Donnees!$A$2:$A$5000,$B$4,Donnees!$B$2:$B$5000,"shipment",Donnees!$C$2:$C$5000,"santos") | G30: =SUMIFS(Donnees!$N$2:$N$5000,Donnees!$A$2:$A$5000,$B$4,Donnees!$B$2:$B$5000,"shipment",Donnees!$C$2:$C$5000,"santos")
A31: Vitória (ES) | B31: =SUMIFS(Donnees!$J$2:$J$5000,Donnees!$A$2:$A$5000,$B$4,Donnees!$B$2:$B$5000,"certificates",Donnees!$C$2:$C$5000,"vitoria") | C31: =SUMIFS(Donnees!$N$2:$N$5000,Donnees!$A$2:$A$5000,$B$4,Donnees!$B$2:$B$5000,"certificates",Donnees!$C$2:$C$5000,"vitoria") | D31: =SUMIFS(Donnees!$J$2:$J$5000,Donnees!$A$2:$A$5000,$B$4,Donnees!$B$2:$B$5000,"customs",Donnees!$C$2:$C$5000,"vitoria") | E31: =SUMIFS(Donnees!$N$2:$N$5000,Donnees!$A$2:$A$5000,$B$4,Donnees!$B$2:$B$5000,"customs",Donnees!$C$2:$C$5000,"vitoria") | F31: =SUMIFS(Donnees!$J$2:$J$5000,Donnees!$A$2:$A$5000,$B$4,Donnees!$B$2:$B$5000,"shipment",Donnees!$C$2:$C$5000,"vitoria") | G31: =SUMIFS(Donnees!$N$2:$N$5000,Donnees!$A$2:$A$5000,$B$4,Donnees!$B$2:$B$5000,"shipment",Donnees!$C$2:$C$5000,"vitoria")
A32: Rio de Janeiro | B32: =SUMIFS(Donnees!$J$2:$J$5000,Donnees!$A$2:$A$5000,$B$4,Donnees!$B$2:$B$5000,"certificates",Donnees!$C$2:$C$5000,"rio") | C32: =SUMIFS(Donnees!$N$2:$N$5000,Donnees!$A$2:$A$5000,$B$4,Donnees!$B$2:$B$5000,"certificates",Donnees!$C$2:$C$5000,"rio") | D32: =SUMIFS(Donnees!$J$2:$J$5000,Donnees!$A$2:$A$5000,$B$4,Donnees!$B$2:$B$5000,"customs",Donnees!$C$2:$C$5000,"rio") | E32: =SUMIFS(Donnees!$N$2:$N$5000,Donnees!$A$2:$A$5000,$B$4,Donnees!$B$2:$B$5000,"customs",Donnees!$C$2:$C$5000,"rio") | F32: =SUMIFS(Donnees!$J$2:$J$5000,Donnees!$A$2:$A$5000,$B$4,Donnees!$B$2:$B$5000,"shipment",Donnees!$C$2:$C$5000,"rio") | G32: =SUMIFS(Donnees!$N$2:$N$5000,Donnees!$A$2:$A$5000,$B$4,Donnees!$B$2:$B$5000,"shipment",Donnees!$C$2:$C$5000,"rio")
A33: REDEX / EADI Minas Gerais | B33: =SUMIFS(Donnees!$J$2:$J$5000,Donnees!$A$2:$A$5000,$B$4,Donnees!$B$2:$B$5000,"certificates",Donnees!$C$2:$C$5000,"minas") | C33: =SUMIFS(Donnees!$N$2:$N$5000,Donnees!$A$2:$A$5000,$B$4,Donnees!$B$2:$B$5000,"certificates",Donnees!$C$2:$C$5000,"minas") | D33: =SUMIFS(Donnees!$J$2:$J$5000,Donnees!$A$2:$A$5000,$B$4,Donnees!$B$2:$B$5000,"customs",Donnees!$C$2:$C$5000,"minas") | E33: =SUMIFS(Donnees!$N$2:$N$5000,Donnees!$A$2:$A$5000,$B$4,Donnees!$B$2:$B$5000,"customs",Donnees!$C$2:$C$5000,"minas") | F33: =SUMIFS(Donnees!$J$2:$J$5000,Donnees!$A$2:$A$5000,$B$4,Donnees!$B$2:$B$5000,"shipment",Donnees!$C$2:$C$5000,"minas") | G33: =SUMIFS(Donnees!$N$2:$N$5000,Donnees!$A$2:$A$5000,$B$4,Donnees!$B$2:$B$5000,"shipment",Donnees!$C$2:$C$5000,"minas")
A34: Salvador | B34: =SUMIFS(Donnees!$J$2:$J$5000,Donnees!$A$2:$A$5000,$B$4,Donnees!$B$2:$B$5000,"certificates",Donnees!$C$2:$C$5000,"salvador") | C34: =SUMIFS(Donnees!$N$2:$N$5000,Donnees!$A$2:$A$5000,$B$4,Donnees!$B$2:$B$5000,"certificates",Donnees!$C$2:$C$5000,"salvador") | D34: =SUMIFS(Donnees!$J$2:$J$5000,Donnees!$A$2:$A$5000,$B$4,Donnees!$B$2:$B$5000,"customs",Donnees!$C$2:$C$5000,"salvador") | E34: =SUMIFS(Donnees!$N$2:$N$5000,Donnees!$A$2:$A$5000,$B$4,Donnees!$B$2:$B$5000,"customs",Donnees!$C$2:$C$5000,"salvador") | F34: =SUMIFS(Donnees!$J$2:$J$5000,Donnees!$A$2:$A$5000,$B$4,Donnees!$B$2:$B$5000,"shipment",Donnees!$C$2:$C$5000,"salvador") | G34: =SUMIFS(Donnees!$N$2:$N$5000,Donnees!$A$2:$A$5000,$B$4,Donnees!$B$2:$B$5000,"shipment",Donnees!$C$2:$C$5000,"salvador")
A35: Autres | B35: =SUMIFS(Donnees!$J$2:$J$5000,Donnees!$A$2:$A$5000,$B$4,Donnees!$B$2:$B$5000,"certificates",Donnees!$C$2:$C$5000,"others") | C35: =SUMIFS(Donnees!$N$2:$N$5000,Donnees!$A$2:$A$5000,$B$4,Donnees!$B$2:$B$5000,"certificates",Donnees!$C$2:$C$5000,"others") | D35: =SUMIFS(Donnees!$J$2:$J$5000,Donnees!$A$2:$A$5000,$B$4,Donnees!$B$2:$B$5000,"customs",Donnees!$C$2:$C$5000,"others") | E35: =SUMIFS(Donnees!$N$2:$N$5000,Donnees!$A$2:$A$5000,$B$4,Donnees!$B$2:$B$5000,"customs",Donnees!$C$2:$C$5000,"others") | F35: =SUMIFS(Donnees!$J$2:$J$5000,Donnees!$A$2:$A$5000,$B$4,Donnees!$B$2:$B$5000,"shipment",Donnees!$C$2:$C$5000,"others") | G35: =SUMIFS(Donnees!$N$2:$N$5000,Donnees!$A$2:$A$5000,$B$4,Donnees!$B$2:$B$5000,"shipment",Donnees!$C$2:$C$5000,"others")
A38: 5. Historique jour par jour (toutes unités)
A39: Date | B39: Certificats J | C39: Dédouanés J | D39: Embarqués J | E39: Certificats cumul | F39: Embarqués cumul | G39: Certifiés − embarqués | H39: Var. % certificats vs mois préc. | I39: Var. % embarqués vs mois préc.
A40: 46269 | B40: =SUMIFS(Donnees!$F$2:$F$5000,Donnees!$A$2:$A$5000,$A40,Donnees!$B$2:$B$5000,"certificates",Donnees!$C$2:$C$5000,"total") | C40: =SUMIFS(Donnees!$F$2:$F$5000,Donnees!$A$2:$A$5000,$A40,Donnees!$B$2:$B$5000,"customs",Donnees!$C$2:$C$5000,"total") | D40: =SUMIFS(Donnees!$F$2:$F$5000,Donnees!$A$2:$A$5000,$A40,Donnees!$B$2:$B$5000,"shipment",Donnees!$C$2:$C$5000,"total") | E40: =SUMIFS(Donnees!$J$2:$J$5000,Donnees!$A$2:$A$5000,$A40,Donnees!$B$2:$B$5000,"certificates",Donnees!$C$2:$C$5000,"total") | F40: =SUMIFS(Donnees!$J$2:$J$5000,Donnees!$A$2:$A$5000,$A40,Donnees!$B$2:$B$5000,"shipment",Donnees!$C$2:$C$5000,"total") | G40: =E40-F40 | H40: =IF(SUMIFS(Donnees!$N$2:$N$5000,Donnees!$A$2:$A$5000,$A40,Donnees!$B$2:$B$5000,"certificates",Donnees!$C$2:$C$5000,"total")=0,NA(),E40/SUMIFS(Donnees!$N$2:$N$5000,Donnees!$A$2:$A$5000,$A40,Donnees!$B$2:$B$5000,"certificates",Donnees!$C$2:$C$5000,"total")-1) | I40: =IF(SUMIFS(Donnees!$N$2:$N$5000,Donnees!$A$2:$A$5000,$A40,Donnees!$B$2:$B$5000,"shipment",Donnees!$C$2:$C$5000,"total")=0,NA(),F40/SUMIFS(Donnees!$N$2:$N$5000,Donnees!$A$2:$A$5000,$A40,Donnees!$B$2:$B$5000,"shipment",Donnees!$C$2:$C$5000,"total")-1)
A41: Le script build_xlsx.py ajoute une ligne par nouvelle journée. Si tu colles des jours à la main dans Donnees, ajoute aussi la date ici (colonne A), les formules de la ligne au-dessus se copient.
