Workbook

Sheet README
A1: Météo des zones caféières du Honduras (Comayagua, Ocotepeque, Copán) par saison ENSO (juillet–juin), pour refaire les graphiques du type « São Mateus »
A2: Même méthode, mêmes saisons, mêmes mois et même classement El Niño / La Niña que le fichier du Sumatra du Sud. Données météo jusqu'au 2026-09-22, ONI jusqu'à JJA 2026.
A4: CE QUE CONTIENT LE FICHIER
A5: Chart_Mean_3 : moyenne des 3 lieux (Comayagua, Ocotepeque, Copán). Chart_Comayagua, Chart_Ocotepeque, Chart_Copan : la même chose lieu par lieu.
A6: Dans chaque feuille Chart : bloc température moyenne (°C) puis bloc pluie mensuelle (mm). Lignes = saisons juillet–juin, colonnes = Jul … Jun, groupées El Niño / La Niña / Neutre, avec la ligne « Average » de chaque groupe (la ligne noire en pointillés du graphique).
A7: Chart_long : les mêmes chiffres en format long (une ligne par lieu × saison × mois), le plus simple pour ChatGPT ou un graphique croisé.
A8: ENSO_seasons et ENSO_monthly : exactement la même table ONI (NOAA CPC) et le même calcul que pour l'Indonésie, donc les mêmes saisons El Niño / La Niña / Neutre.
A9: Monthly : les valeurs mensuelles, calculées par formule à partir de Daily. Daily : les données jour par jour, 3 lieux × 5 variables (pluie des pluviomètres, 3 températures, pluie NASA pour comparaison), 1er juillet 2005 → 2026-09-22.
A10: Checks : les contrôles (jours manquants, totaux, nombre de saisons par phase), et pourquoi la pluie vient des pluviomètres et la température de la NASA.
A11: Rain_anomaly : pluie en % de la normale (moyenne 2005–2019 du même mois), par année civile et par mois, pour les 3 villes et leur moyenne, avec GPCC en comparaison. C'est là qu'on voit les années humides 2008, 2010 et 2011 (La Niña) avant la rouille de 2012–2013 : les graphiques par phase ENSO comparent des années La Niña entre elles et ne les font pas ressortir.
A12: CORRECTION (septembre 2026) : à Copán, la maille CPC perd son pluviomètre en janvier 2024 (49 % puis 41 % de la normale en 2024 et 2025, alors que GPCC donne 92 % et 103 %). De janvier 2024 à août 2026, la pluie de Copán est donc la valeur GPCC ajustée au niveau CPC (cellules bleues sur fond jaune dans Monthly, détail dans Checks). La feuille Daily garde les valeurs CPC brutes.
A14: LES SAISONS : LES MÊMES QUE TA PHOTO ET QUE LE FICHIER INDONÉSIE
... A39: Formules : toutes les feuilles de calcul se recalculent à l'ouverture dans Excel ; les valeurs sont aussi enregistrées dans le fichier, donc lisibles sans recalcul (Python, ChatGPT).

Sheet Chart_Mean_3
A1: Honduras, mean of 3 towns (Comayagua, Ocotepeque, Copán) | Temperature and rainfall by ENSO season
A2: Rain: NOAA CPC gauge analysis (daily, 0.5°). Temperature: NASA POWER daily (grid cell of each town). July–June seasons 2005/06–2024/25 as in the São Mateus chart. Season phase = official NOAA ENSO episode at its Nov–Jan peak (sheet ENSO_seasons). Average rows = mean of the seasons of that phase in the photo window.
A3: Seasons after the photo window are listed below each block, outside the averages. 2026/27: complete months only (data end 2026-09-22).
A5: Mean temperature (°C) — monthly mean of daily T2M
A6: Season | B6: Phase | C6: Jul | D6: Aug | E6: Sep | F6: Oct | G6: Nov | H6: Dec | I6: Jan | J6: Feb | K6: Mar | L6: Apr | M6: May | N6: Jun | O6: Season mean
A7: El Niño (7 seasons)
A8: 2006/07 | B8: El Niño | C8: =INDEX(Monthly!$AF:$AF,MATCH("2006-07",Monthly!$A:$A,0)) -> 22.467849 | D8: =INDEX(Monthly!$AF:$AF,MATCH("2006-08",Monthly!$A:$A,0)) -> 22.804624 | E8: =INDEX(Monthly!$AF:$AF,MATCH("2006-09",Monthly!$A:$A,0)) -> 22.678 | F8: =INDEX(Monthly!$AF:$AF,MATCH("2006-10",Monthly!$A:$A,0)) -> 22.33043 | G8: =INDEX(Monthly!$AF:$AF,MATCH("2006-11",Monthly!$A:$A,0)) -> 19.802556 | H8: =INDEX(Monthly!$AF:$AF,MATCH("2006-12",Monthly!$A:$A,0)) -> 20.177849 | I8: =INDEX(Monthly!$AF:$AF,MATCH("2007-01",Monthly!$A:$A,0)) -> 20.346452 | J8: =INDEX(Monthly!$AF:$AF,MATCH("2007-02",Monthly!$A:$A,0)) -> 21.379881 | K8: =INDEX(Monthly!$AF:$AF,MATCH("2007-03",Monthly!$A:$A,0)) -> 22.161183 | L8: =INDEX(Monthly!$AF:$AF,MATCH("2007-04",Monthly!$A:$A,0)) -> 24.378889 | M8: =INDEX(Monthly!$AF:$AF,MATCH("2007-05",Monthly!$A:$A,0)) -> 24.912796 | N8: =INDEX(Monthly!$AF:$AF,MATCH("2007-06",Monthly!$A:$A,0)) -> 23.184444 | O8: =AVERAGE(C8:N8) -> 22.218746
A9: 2009/10 | B9: El Niño | C9: =INDEX(Monthly!$AF:$AF,MATCH("2009-07",Monthly!$A:$A,0)) -> 22.477634 | D9: =INDEX(Monthly!$AF:$AF,MATCH("2009-08",Monthly!$A:$A,0)) -> 22.400645 | E9: =INDEX(Monthly!$AF:$AF,MATCH("2009-09",Monthly!$A:$A,0)) -> 22.668 | F9: =INDEX(Monthly!$AF:$AF,MATCH("2009-10",Monthly!$A:$A,0)) -> 22.455699 | G9: =INDEX(Monthly!$AF:$AF,MATCH("2009-11",Monthly!$A:$A,0)) -> 20.385889 | H9: =INDEX(Monthly!$AF:$AF,MATCH("2009-12",Monthly!$A:$A,0)) -> 20.372688 | I9: =INDEX(Monthly!$AF:$AF,MATCH("2010-01",Monthly!$A:$A,0)) -> 19.253763 | J9: =INDEX(Monthly!$AF:$AF,MATCH("2010-02",Monthly!$A:$A,0)) -> 21.726429 | K9: =INDEX(Monthly!$AF:$AF,MATCH("2010-03",Monthly!$A:$A,0)) -> 23.028387 | L9: =INDEX(Monthly!$AF:$AF,MATCH("2010-04",Monthly!$A:$A,0)) -> 24.781222 | M9: =INDEX(Monthly!$AF:$AF,MATCH("2010-05",Monthly!$A:$A,0)) -> 24.435269 | N9: =INDEX(Monthly!$AF:$AF,MATCH("2010-06",Monthly!$A:$A,0)) -> 22.939 | O9: =AVERAGE(C9:N9) -> 22.243719
A10: 2014/15 | B10: El Niño | C10: =INDEX(Monthly!$AF:$AF,MATCH("2014-07",Monthly!$A:$A,0)) -> 23.377204 | D10: =INDEX(Monthly!$AF:$AF,MATCH("2014-08",Monthly!$A:$A,0)) -> 22.998495 | E10: =INDEX(Monthly!$AF:$AF,MATCH("2014-09",Monthly!$A:$A,0)) -> 22.18 | F10: =INDEX(Monthly!$AF:$AF,MATCH("2014-10",Monthly!$A:$A,0)) -> 21.477849 | G10: =INDEX(Monthly!$AF:$AF,MATCH("2014-11",Monthly!$A:$A,0)) -> 19.637778 | H10: =INDEX(Monthly!$AF:$AF,MATCH("2014-12",Monthly!$A:$A,0)) -> 18.826237 | I10: =INDEX(Monthly!$AF:$AF,MATCH("2015-01",Monthly!$A:$A,0)) -> 19.009355 | J10: =INDEX(Monthly!$AF:$AF,MATCH("2015-02",Monthly!$A:$A,0)) -> 19.792143 | K10: =INDEX(Monthly!$AF:$AF,MATCH("2015-03",Monthly!$A:$A,0)) -> 21.883871 | L10: =INDEX(Monthly!$AF:$AF,MATCH("2015-04",Monthly!$A:$A,0)) -> 24.867333 | M10: =INDEX(Monthly!$AF:$AF,MATCH("2015-05",Monthly!$A:$A,0)) -> 24.251828 | N10: =INDEX(Monthly!$AF:$AF,MATCH("2015-06",Monthly!$A:$A,0)) -> 22.788 | O10: =AVERAGE(C10:N10) -> 21.757508
A11: 2015/16 | B11: El Niño | C11: =INDEX(Monthly!$AF:$AF,MATCH("2015-07",Monthly!$A:$A,0)) -> 23.66172 | D11: =INDEX(Monthly!$AF:$AF,MATCH("2015-08",Monthly!$A:$A,0)) -> 24.329032 | E11: =INDEX(Monthly!$AF:$AF,MATCH("2015-09",Monthly!$A:$A,0)) -> 22.997667 | F11: =INDEX(Monthly!$AF:$AF,MATCH("2015-10",Monthly!$A:$A,0)) -> 22.336559 | G11: =INDEX(Monthly!$AF:$AF,MATCH("2015-11",Monthly!$A:$A,0)) -> 21.361889 | H11: =INDEX(Monthly!$AF:$AF,MATCH("2015-12",Monthly!$A:$A,0)) -> 21.169677 | I11: =INDEX(Monthly!$AF:$AF,MATCH("2016-01",Monthly!$A:$A,0)) -> 20.159462 | J11: =INDEX(Monthly!$AF:$AF,MATCH("2016-02",Monthly!$A:$A,0)) -> 19.89908 | K11: =INDEX(Monthly!$AF:$AF,MATCH("2016-03",Monthly!$A:$A,0)) -> 24.161613 | L11: =INDEX(Monthly!$AF:$AF,MATCH("2016-04",Monthly!$A:$A,0)) -> 24.951889 | M11: =INDEX(Monthly!$AF:$AF,MATCH("2016-05",Monthly!$A:$A,0)) -> 25.654516 | N11: =INDEX(Monthly!$AF:$AF,MATCH("2016-06",Monthly!$A:$A,0)) -> 23.218 | O11: =AVERAGE(C11:N11) -> 22.825092
A12: 2018/19 | B12: El Niño | C12: =INDEX(Monthly!$AF:$AF,MATCH("2018-07",Monthly!$A:$A,0)) -> 22.746667 | D12: =INDEX(Monthly!$AF:$AF,MATCH("2018-08",Monthly!$A:$A,0)) -> 22.66828 | E12: =INDEX(Monthly!$AF:$AF,MATCH("2018-09",Monthly!$A:$A,0)) -> 22.696 | F12: =INDEX(Monthly!$AF:$AF,MATCH("2018-10",Monthly!$A:$A,0)) -> 21.752796 | G12: =INDEX(Monthly!$AF:$AF,MATCH("2018-11",Monthly!$A:$A,0)) -> 21.827889 | H12: =INDEX(Monthly!$AF:$AF,MATCH("2018-12",Monthly!$A:$A,0)) -> 20.589892 | I12: =INDEX(Monthly!$AF:$AF,MATCH("2019-01",Monthly!$A:$A,0)) -> 20.572258 | J12: =INDEX(Monthly!$AF:$AF,MATCH("2019-02",Monthly!$A:$A,0)) -> 23.290119 | K12: =INDEX(Monthly!$AF:$AF,MATCH("2019-03",Monthly!$A:$A,0)) -> 23.558817 | L12: =INDEX(Monthly!$AF:$AF,MATCH("2019-04",Monthly!$A:$A,0)) -> 25.479889 | M12: =INDEX(Monthly!$AF:$AF,MATCH("2019-05",Monthly!$A:$A,0)) -> 24.57172 | N12: =INDEX(Monthly!$AF:$AF,MATCH("2019-06",Monthly!$A:$A,0)) -> 24.062222 | O12: =AVERAGE(C12:N12) -> 22.818046
A13: 2019/20 | B13: El Niño | C13: =INDEX(Monthly!$AF:$AF,MATCH("2019-07",Monthly!$A:$A,0)) -> 23.843978 | D13: =INDEX(Monthly!$AF:$AF,MATCH("2019-08",Monthly!$A:$A,0)) -> 24.163871 | E13: =INDEX(Monthly!$AF:$AF,MATCH("2019-09",Monthly!$A:$A,0)) -> 23.283 | F13: =INDEX(Monthly!$AF:$AF,MATCH("2019-10",Monthly!$A:$A,0)) -> 22.336022 | G13: =INDEX(Monthly!$AF:$AF,MATCH("2019-11",Monthly!$A:$A,0)) -> 20.827333 | H13: =INDEX(Monthly!$AF:$AF,MATCH("2019-12",Monthly!$A:$A,0)) -> 20.352581 | I13: =INDEX(Monthly!$AF:$AF,MATCH("2020-01",Monthly!$A:$A,0)) -> 21.092151 | J13: =INDEX(Monthly!$AF:$AF,MATCH("2020-02",Monthly!$A:$A,0)) -> 22.304368 | K13: =INDEX(Monthly!$AF:$AF,MATCH("2020-03",Monthly!$A:$A,0)) -> 23.619355 | L13: =INDEX(Monthly!$AF:$AF,MATCH("2020-04",Monthly!$A:$A,0)) -> 27.046667 | M13: =INDEX(Monthly!$AF:$AF,MATCH("2020-05",Monthly!$A:$A,0)) -> 24.679677 | N13: =INDEX(Monthly!$AF:$AF,MATCH("2020-06",Monthly!$A:$A,0)) -> 22.924111 | O13: =AVERAGE(C13:N13) -> 23.039426
A14: 2023/24 | B14: El Niño | C14: =INDEX(Monthly!$AF:$AF,MATCH("2023-07",Monthly!$A:$A,0)) -> 23.477634 | D14: =INDEX(Monthly!$AF:$AF,MATCH("2023-08",Monthly!$A:$A,0)) -> 23.729462 | E14: =INDEX(Monthly!$AF:$AF,MATCH("2023-09",Monthly!$A:$A,0)) -> 23.877444 | F14: =INDEX(Monthly!$AF:$AF,MATCH("2023-10",Monthly!$A:$A,0)) -> 22.688172 | G14: =INDEX(Monthly!$AF:$AF,MATCH("2023-11",Monthly!$A:$A,0)) -> 21.425444 | H14: =INDEX(Monthly!$AF:$AF,MATCH("2023-12",Monthly!$A:$A,0)) -> 20.277957 | I14: =INDEX(Monthly!$AF:$AF,MATCH("2024-01",Monthly!$A:$A,0)) -> 21.044409 | J14: =INDEX(Monthly!$AF:$AF,MATCH("2024-02",Monthly!$A:$A,0)) -> 21.133448 | K14: =INDEX(Monthly!$AF:$AF,MATCH("2024-03",Monthly!$A:$A,0)) -> 25.11086 | L14: =INDEX(Monthly!$AF:$AF,MATCH("2024-04",Monthly!$A:$A,0)) -> 25.641222 | M14: =INDEX(Monthly!$AF:$AF,MATCH("2024-05",Monthly!$A:$A,0)) -> 27.531935 | N14: =INDEX(Monthly!$AF:$AF,MATCH("2024-06",Monthly!$A:$A,0)) -> 24.011556 | O14: =AVERAGE(C14:N14) -> 23.329129
A15: Average El Niño | B15: 7 seasons | C15: =AVERAGE(C8:C14) -> 23.150384 | D15: =AVERAGE(D8:D14) -> 23.299201 | E15: =AVERAGE(E8:E14) -> 22.911444 | F15: =AVERAGE(F8:F14) -> 22.19679 | G15: =AVERAGE(G8:G14) -> 20.752683 | H15: =AVERAGE(H8:H14) -> 20.252412 | I15: =AVERAGE(I8:I14) -> 20.211121 | J15: =AVERAGE(J8:J14) -> 21.360781 | ... N15: =AVERAGE(N8:N14) -> 23.303905 | O15: =AVERAGE(C15:N15) -> 22.604524
A17: La Niña (9 seasons)
A18: 2005/06 | B18: La Niña | C18: =INDEX(Monthly!$AF:$AF,MATCH("2005-07",Monthly!$A:$A,0)) -> 22.663441 | D18: =INDEX(Monthly!$AF:$AF,MATCH("2005-08",Monthly!$A:$A,0)) -> 22.784409 | E18: =INDEX(Monthly!$AF:$AF,MATCH("2005-09",Monthly!$A:$A,0)) -> 22.388111 | F18: =INDEX(Monthly!$AF:$AF,MATCH("2005-10",Monthly!$A:$A,0)) -> 21.018387 | G18: =INDEX(Monthly!$AF:$AF,MATCH("2005-11",Monthly!$A:$A,0)) -> 19.830444 | H18: =INDEX(Monthly!$AF:$AF,MATCH("2005-12",Monthly!$A:$A,0)) -> 20.398172 | I18: =INDEX(Monthly!$AF:$AF,MATCH("2006-01",Monthly!$A:$A,0)) -> 20.128925 | J18: =INDEX(Monthly!$AF:$AF,MATCH("2006-02",Monthly!$A:$A,0)) -> 20.36869 | K18: =INDEX(Monthly!$AF:$AF,MATCH("2006-03",Monthly!$A:$A,0)) -> 22.834731 | L18: =INDEX(Monthly!$AF:$AF,MATCH("2006-04",Monthly!$A:$A,0)) -> 24.139111 | M18: =INDEX(Monthly!$AF:$AF,MATCH("2006-05",Monthly!$A:$A,0)) -> 24.48172 | N18: =INDEX(Monthly!$AF:$AF,MATCH("2006-06",Monthly!$A:$A,0)) -> 22.454222 | O18: =AVERAGE(C18:N18) -> 21.95753
A19: 2007/08 | B19: La Niña | C19: =INDEX(Monthly!$AF:$AF,MATCH("2007-07",Monthly!$A:$A,0)) -> 22.836882 | D19: =INDEX(Monthly!$AF:$AF,MATCH("2007-08",Monthly!$A:$A,0)) -> 22.467204 | E19: =INDEX(Monthly!$AF:$AF,MATCH("2007-09",Monthly!$A:$A,0)) -> 21.802333 | F19: =INDEX(Monthly!$AF:$AF,MATCH("2007-10",Monthly!$A:$A,0)) -> 20.912581 | G19: =INDEX(Monthly!$AF:$AF,MATCH("2007-11",Monthly!$A:$A,0)) -> 19.378 | H19: =INDEX(Monthly!$AF:$AF,MATCH("2007-12",Monthly!$A:$A,0)) -> 19.170108 | I19: =INDEX(Monthly!$AF:$AF,MATCH("2008-01",Monthly!$A:$A,0)) -> 19.251075 | J19: =INDEX(Monthly!$AF:$AF,MATCH("2008-02",Monthly!$A:$A,0)) -> 21.12069 | K19: =INDEX(Monthly!$AF:$AF,MATCH("2008-03",Monthly!$A:$A,0)) -> 22.471075 | L19: =INDEX(Monthly!$AF:$AF,MATCH("2008-04",Monthly!$A:$A,0)) -> 24.000889 | M19: =INDEX(Monthly!$AF:$AF,MATCH("2008-05",Monthly!$A:$A,0)) -> 24.862366 | N19: =INDEX(Monthly!$AF:$AF,MATCH("2008-06",Monthly!$A:$A,0)) -> 22.482556 | O19: =AVERAGE(C19:N19) -> 21.729646
A20: 2008/09 | B20: La Niña | C20: =INDEX(Monthly!$AF:$AF,MATCH("2008-07",Monthly!$A:$A,0)) -> 21.755591 | D20: =INDEX(Monthly!$AF:$AF,MATCH("2008-08",Monthly!$A:$A,0)) -> 22.230645 | E20: =INDEX(Monthly!$AF:$AF,MATCH("2008-09",Monthly!$A:$A,0)) -> 22.268111 | F20: =INDEX(Monthly!$AF:$AF,MATCH("2008-10",Monthly!$A:$A,0)) -> 20.856452 | G20: =INDEX(Monthly!$AF:$AF,MATCH("2008-11",Monthly!$A:$A,0)) -> 18.513 | H20: =INDEX(Monthly!$AF:$AF,MATCH("2008-12",Monthly!$A:$A,0)) -> 18.500108 | I20: =INDEX(Monthly!$AF:$AF,MATCH("2009-01",Monthly!$A:$A,0)) -> 18.497849 | J20: =INDEX(Monthly!$AF:$AF,MATCH("2009-02",Monthly!$A:$A,0)) -> 19.112381 | K20: =INDEX(Monthly!$AF:$AF,MATCH("2009-03",Monthly!$A:$A,0)) -> 20.205484 | L20: =INDEX(Monthly!$AF:$AF,MATCH("2009-04",Monthly!$A:$A,0)) -> 24.052444 | M20: =INDEX(Monthly!$AF:$AF,MATCH("2009-05",Monthly!$A:$A,0)) -> 23.407634 | N20: =INDEX(Monthly!$AF:$AF,MATCH("2009-06",Monthly!$A:$A,0)) -> 22.988111 | O20: =AVERAGE(C20:N20) -> 21.032318
A21: 2010/11 | B21: La Niña | C21: =INDEX(Monthly!$AF:$AF,MATCH("2010-07",Monthly!$A:$A,0)) -> 22.388065 | D21: =INDEX(Monthly!$AF:$AF,MATCH("2010-08",Monthly!$A:$A,0)) -> 22.370108 | E21: =INDEX(Monthly!$AF:$AF,MATCH("2010-09",Monthly!$A:$A,0)) -> 22.046889 | F21: =INDEX(Monthly!$AF:$AF,MATCH("2010-10",Monthly!$A:$A,0)) -> 20.132903 | G21: =INDEX(Monthly!$AF:$AF,MATCH("2010-11",Monthly!$A:$A,0)) -> 19.088111 | H21: =INDEX(Monthly!$AF:$AF,MATCH("2010-12",Monthly!$A:$A,0)) -> 17.203763 | I21: =INDEX(Monthly!$AF:$AF,MATCH("2011-01",Monthly!$A:$A,0)) -> 19.941935 | J21: =INDEX(Monthly!$AF:$AF,MATCH("2011-02",Monthly!$A:$A,0)) -> 21.073452 | K21: =INDEX(Monthly!$AF:$AF,MATCH("2011-03",Monthly!$A:$A,0)) -> 22.02871 | L21: =INDEX(Monthly!$AF:$AF,MATCH("2011-04",Monthly!$A:$A,0)) -> 24.566444 | M21: =INDEX(Monthly!$AF:$AF,MATCH("2011-05",Monthly!$A:$A,0)) -> 24.132581 | N21: =INDEX(Monthly!$AF:$AF,MATCH("2011-06",Monthly!$A:$A,0)) -> 22.866556 | O21: =AVERAGE(C21:N21) -> 21.486626
A22: 2011/12 | B22: La Niña | C22: =INDEX(Monthly!$AF:$AF,MATCH("2011-07",Monthly!$A:$A,0)) -> 22.178387 | D22: =INDEX(Monthly!$AF:$AF,MATCH("2011-08",Monthly!$A:$A,0)) -> 22.64 | E22: =INDEX(Monthly!$AF:$AF,MATCH("2011-09",Monthly!$A:$A,0)) -> 22.123556 | F22: =INDEX(Monthly!$AF:$AF,MATCH("2011-10",Monthly!$A:$A,0)) -> 20.31043 | G22: =INDEX(Monthly!$AF:$AF,MATCH("2011-11",Monthly!$A:$A,0)) -> 19.350111 | H22: =INDEX(Monthly!$AF:$AF,MATCH("2011-12",Monthly!$A:$A,0)) -> 18.605914 | I22: =INDEX(Monthly!$AF:$AF,MATCH("2012-01",Monthly!$A:$A,0)) -> 19.253763 | J22: =INDEX(Monthly!$AF:$AF,MATCH("2012-02",Monthly!$A:$A,0)) -> 20.762759 | K22: =INDEX(Monthly!$AF:$AF,MATCH("2012-03",Monthly!$A:$A,0)) -> 21.863978 | L22: =INDEX(Monthly!$AF:$AF,MATCH("2012-04",Monthly!$A:$A,0)) -> 23.314222 | M22: =INDEX(Monthly!$AF:$AF,MATCH("2012-05",Monthly!$A:$A,0)) -> 23.668817 | N22: =INDEX(Monthly!$AF:$AF,MATCH("2012-06",Monthly!$A:$A,0)) -> 22.933556 | O22: =AVERAGE(C22:N22) -> 21.417124
A23: 2017/18 | B23: La Niña | C23: =INDEX(Monthly!$AF:$AF,MATCH("2017-07",Monthly!$A:$A,0)) -> 22.312366 | D23: =INDEX(Monthly!$AF:$AF,MATCH("2017-08",Monthly!$A:$A,0)) -> 22.653011 | E23: =INDEX(Monthly!$AF:$AF,MATCH("2017-09",Monthly!$A:$A,0)) -> 22.634 | F23: =INDEX(Monthly!$AF:$AF,MATCH("2017-10",Monthly!$A:$A,0)) -> 21.37129 | G23: =INDEX(Monthly!$AF:$AF,MATCH("2017-11",Monthly!$A:$A,0)) -> 19.566444 | H23: =INDEX(Monthly!$AF:$AF,MATCH("2017-12",Monthly!$A:$A,0)) -> 18.707849 | I23: =INDEX(Monthly!$AF:$AF,MATCH("2018-01",Monthly!$A:$A,0)) -> 17.993333 | J23: =INDEX(Monthly!$AF:$AF,MATCH("2018-02",Monthly!$A:$A,0)) -> 20.537738 | K23: =INDEX(Monthly!$AF:$AF,MATCH("2018-03",Monthly!$A:$A,0)) -> 23.067312 | L23: =INDEX(Monthly!$AF:$AF,MATCH("2018-04",Monthly!$A:$A,0)) -> 24.248333 | M23: =INDEX(Monthly!$AF:$AF,MATCH("2018-05",Monthly!$A:$A,0)) -> 24.329785 | N23: =INDEX(Monthly!$AF:$AF,MATCH("2018-06",Monthly!$A:$A,0)) -> 22.491556 | O23: =AVERAGE(C23:N23) -> 21.659418
A24: 2020/21 | B24: La Niña | C24: =INDEX(Monthly!$AF:$AF,MATCH("2020-07",Monthly!$A:$A,0)) -> 22.918925 | D24: =INDEX(Monthly!$AF:$AF,MATCH("2020-08",Monthly!$A:$A,0)) -> 22.626129 | E24: =INDEX(Monthly!$AF:$AF,MATCH("2020-09",Monthly!$A:$A,0)) -> 22.714111 | F24: =INDEX(Monthly!$AF:$AF,MATCH("2020-10",Monthly!$A:$A,0)) -> 21.835806 | G24: =INDEX(Monthly!$AF:$AF,MATCH("2020-11",Monthly!$A:$A,0)) -> 20.896222 | H24: =INDEX(Monthly!$AF:$AF,MATCH("2020-12",Monthly!$A:$A,0)) -> 19.137634 | I24: =INDEX(Monthly!$AF:$AF,MATCH("2021-01",Monthly!$A:$A,0)) -> 19.517312 | J24: =INDEX(Monthly!$AF:$AF,MATCH("2021-02",Monthly!$A:$A,0)) -> 19.907619 | K24: =INDEX(Monthly!$AF:$AF,MATCH("2021-03",Monthly!$A:$A,0)) -> 20.918387 | L24: =INDEX(Monthly!$AF:$AF,MATCH("2021-04",Monthly!$A:$A,0)) -> 22.738889 | M24: =INDEX(Monthly!$AF:$AF,MATCH("2021-05",Monthly!$A:$A,0)) -> 23.60086 | N24: =INDEX(Monthly!$AF:$AF,MATCH("2021-06",Monthly!$A:$A,0)) -> 22.886444 | O24: =AVERAGE(C24:N24) -> 21.641528
A25: 2021/22 | B25: La Niña | C25: =INDEX(Monthly!$AF:$AF,MATCH("2021-07",Monthly!$A:$A,0)) -> 22.559892 | D25: =INDEX(Monthly!$AF:$AF,MATCH("2021-08",Monthly!$A:$A,0)) -> 22.572796 | E25: =INDEX(Monthly!$AF:$AF,MATCH("2021-09",Monthly!$A:$A,0)) -> 22.602667 | F25: =INDEX(Monthly!$AF:$AF,MATCH("2021-10",Monthly!$A:$A,0)) -> 22.37871 | G25: =INDEX(Monthly!$AF:$AF,MATCH("2021-11",Monthly!$A:$A,0)) -> 19.538778 | H25: =INDEX(Monthly!$AF:$AF,MATCH("2021-12",Monthly!$A:$A,0)) -> 19.874301 | I25: =INDEX(Monthly!$AF:$AF,MATCH("2022-01",Monthly!$A:$A,0)) -> 19.243763 | J25: =INDEX(Monthly!$AF:$AF,MATCH("2022-02",Monthly!$A:$A,0)) -> 19.848452 | K25: =INDEX(Monthly!$AF:$AF,MATCH("2022-03",Monthly!$A:$A,0)) -> 21.717204 | L25: =INDEX(Monthly!$AF:$AF,MATCH("2022-04",Monthly!$A:$A,0)) -> 23.678222 | M25: =INDEX(Monthly!$AF:$AF,MATCH("2022-05",Monthly!$A:$A,0)) -> 23.06129 | N25: =INDEX(Monthly!$AF:$AF,MATCH("2022-06",Monthly!$A:$A,0)) -> 21.936889 | O25: =AVERAGE(C25:N25) -> 21.584414
A26: 2022/23 | B26: La Niña | C26: =INDEX(Monthly!$AF:$AF,MATCH("2022-07",Monthly!$A:$A,0)) -> 22.267849 | D26: =INDEX(Monthly!$AF:$AF,MATCH("2022-08",Monthly!$A:$A,0)) -> 22.380968 | E26: =INDEX(Monthly!$AF:$AF,MATCH("2022-09",Monthly!$A:$A,0)) -> 22.176444 | F26: =INDEX(Monthly!$AF:$AF,MATCH("2022-10",Monthly!$A:$A,0)) -> 21.657204 | G26: =INDEX(Monthly!$AF:$AF,MATCH("2022-11",Monthly!$A:$A,0)) -> 21.002 | H26: =INDEX(Monthly!$AF:$AF,MATCH("2022-12",Monthly!$A:$A,0)) -> 19.398495 | I26: =INDEX(Monthly!$AF:$AF,MATCH("2023-01",Monthly!$A:$A,0)) -> 19.470538 | J26: =INDEX(Monthly!$AF:$AF,MATCH("2023-02",Monthly!$A:$A,0)) -> 20.25619 | K26: =INDEX(Monthly!$AF:$AF,MATCH("2023-03",Monthly!$A:$A,0)) -> 22.710215 | L26: =INDEX(Monthly!$AF:$AF,MATCH("2023-04",Monthly!$A:$A,0)) -> 24.570778 | M26: =INDEX(Monthly!$AF:$AF,MATCH("2023-05",Monthly!$A:$A,0)) -> 25.330108 | N26: =INDEX(Monthly!$AF:$AF,MATCH("2023-06",Monthly!$A:$A,0)) -> 24.498333 | O26: =AVERAGE(C26:N26) -> 22.14326
A27: Average La Niña | B27: 9 seasons | C27: =AVERAGE(C18:C26) -> 22.431266 | D27: =AVERAGE(D18:D26) -> 22.52503 | E27: =AVERAGE(E18:E26) -> 22.306247 | F27: =AVERAGE(F18:F26) -> 21.163751 | G27: =AVERAGE(G18:G26) -> 19.68479 | H27: =AVERAGE(H18:H26) -> 18.999594 | I27: =AVERAGE(I18:I26) -> 19.255388 | J27: =AVERAGE(J18:J26) -> 20.331997 | ... N27: =AVERAGE(N18:N26) -> 22.83758 | O27: =AVERAGE(C27:N27) -> 21.627985
A29: Neutral (4 seasons)
A30: 2012/13 | B30: Neutral | C30: =INDEX(Monthly!$AF:$AF,MATCH("2012-07",Monthly!$A:$A,0)) -> 22.448495 | D30: =INDEX(Monthly!$AF:$AF,MATCH("2012-08",Monthly!$A:$A,0)) -> 22.613118 | E30: =INDEX(Monthly!$AF:$AF,MATCH("2012-09",Monthly!$A:$A,0)) -> 22.201444 | F30: =INDEX(Monthly!$AF:$AF,MATCH("2012-10",Monthly!$A:$A,0)) -> 21.085699 | G30: =INDEX(Monthly!$AF:$AF,MATCH("2012-11",Monthly!$A:$A,0)) -> 18.742556 | H30: =INDEX(Monthly!$AF:$AF,MATCH("2012-12",Monthly!$A:$A,0)) -> 19.581075 | I30: =INDEX(Monthly!$AF:$AF,MATCH("2013-01",Monthly!$A:$A,0)) -> 19.901398 | J30: =INDEX(Monthly!$AF:$AF,MATCH("2013-02",Monthly!$A:$A,0)) -> 21.786548 | K30: =INDEX(Monthly!$AF:$AF,MATCH("2013-03",Monthly!$A:$A,0)) -> 21.545269 | L30: =INDEX(Monthly!$AF:$AF,MATCH("2013-04",Monthly!$A:$A,0)) -> 25.417667 | M30: =INDEX(Monthly!$AF:$AF,MATCH("2013-05",Monthly!$A:$A,0)) -> 24.195484 | N30: =INDEX(Monthly!$AF:$AF,MATCH("2013-06",Monthly!$A:$A,0)) -> 22.898222 | O30: =AVERAGE(C30:N30) -> 21.868081
A31: 2013/14 | B31: Neutral | C31: =INDEX(Monthly!$AF:$AF,MATCH("2013-07",Monthly!$A:$A,0)) -> 22.321613 | D31: =INDEX(Monthly!$AF:$AF,MATCH("2013-08",Monthly!$A:$A,0)) -> 22.526882 | E31: =INDEX(Monthly!$AF:$AF,MATCH("2013-09",Monthly!$A:$A,0)) -> 22.221222 | F31: =INDEX(Monthly!$AF:$AF,MATCH("2013-10",Monthly!$A:$A,0)) -> 22.005054 | G31: =INDEX(Monthly!$AF:$AF,MATCH("2013-11",Monthly!$A:$A,0)) -> 20.340667 | H31: =INDEX(Monthly!$AF:$AF,MATCH("2013-12",Monthly!$A:$A,0)) -> 19.780108 | I31: =INDEX(Monthly!$AF:$AF,MATCH("2014-01",Monthly!$A:$A,0)) -> 18.702043 | J31: =INDEX(Monthly!$AF:$AF,MATCH("2014-02",Monthly!$A:$A,0)) -> 21.37119 | K31: =INDEX(Monthly!$AF:$AF,MATCH("2014-03",Monthly!$A:$A,0)) -> 23.257097 | L31: =INDEX(Monthly!$AF:$AF,MATCH("2014-04",Monthly!$A:$A,0)) -> 24.592222 | M31: =INDEX(Monthly!$AF:$AF,MATCH("2014-05",Monthly!$A:$A,0)) -> 23.783656 | N31: =INDEX(Monthly!$AF:$AF,MATCH("2014-06",Monthly!$A:$A,0)) -> 23.074667 | O31: =AVERAGE(C31:N31) -> 21.998035
A32: 2016/17 | B32: Neutral | C32: =INDEX(Monthly!$AF:$AF,MATCH("2016-07",Monthly!$A:$A,0)) -> 23.15129 | D32: =INDEX(Monthly!$AF:$AF,MATCH("2016-08",Monthly!$A:$A,0)) -> 23.013763 | E32: =INDEX(Monthly!$AF:$AF,MATCH("2016-09",Monthly!$A:$A,0)) -> 22.539 | F32: =INDEX(Monthly!$AF:$AF,MATCH("2016-10",Monthly!$A:$A,0)) -> 21.442688 | G32: =INDEX(Monthly!$AF:$AF,MATCH("2016-11",Monthly!$A:$A,0)) -> 20.330444 | H32: =INDEX(Monthly!$AF:$AF,MATCH("2016-12",Monthly!$A:$A,0)) -> 20.915161 | I32: =INDEX(Monthly!$AF:$AF,MATCH("2017-01",Monthly!$A:$A,0)) -> 20.167957 | J32: =INDEX(Monthly!$AF:$AF,MATCH("2017-02",Monthly!$A:$A,0)) -> 22.286429 | K32: =INDEX(Monthly!$AF:$AF,MATCH("2017-03",Monthly!$A:$A,0)) -> 22.065376 | L32: =INDEX(Monthly!$AF:$AF,MATCH("2017-04",Monthly!$A:$A,0)) -> 24.880778 | M32: =INDEX(Monthly!$AF:$AF,MATCH("2017-05",Monthly!$A:$A,0)) -> 24.004839 | N32: =INDEX(Monthly!$AF:$AF,MATCH("2017-06",Monthly!$A:$A,0)) -> 22.894667 | O32: =AVERAGE(C32:N32) -> 22.307699
A33: 2024/25 | B33: Neutral | C33: =INDEX(Monthly!$AF:$AF,MATCH("2024-07",Monthly!$A:$A,0)) -> 23.087527 | D33: =INDEX(Monthly!$AF:$AF,MATCH("2024-08",Monthly!$A:$A,0)) -> 23.20086 | E33: =INDEX(Monthly!$AF:$AF,MATCH("2024-09",Monthly!$A:$A,0)) -> 23.517111 | F33: =INDEX(Monthly!$AF:$AF,MATCH("2024-10",Monthly!$A:$A,0)) -> 22.048387 | G33: =INDEX(Monthly!$AF:$AF,MATCH("2024-11",Monthly!$A:$A,0)) -> 21.084667 | H33: =INDEX(Monthly!$AF:$AF,MATCH("2024-12",Monthly!$A:$A,0)) -> 20.003333 | I33: =INDEX(Monthly!$AF:$AF,MATCH("2025-01",Monthly!$A:$A,0)) -> 20.066022 | J33: =INDEX(Monthly!$AF:$AF,MATCH("2025-02",Monthly!$A:$A,0)) -> 21.454286 | K33: =INDEX(Monthly!$AF:$AF,MATCH("2025-03",Monthly!$A:$A,0)) -> 23.177527 | L33: =INDEX(Monthly!$AF:$AF,MATCH("2025-04",Monthly!$A:$A,0)) -> 23.278 | M33: =INDEX(Monthly!$AF:$AF,MATCH("2025-05",Monthly!$A:$A,0)) -> 25.948602 | N33: =INDEX(Monthly!$AF:$AF,MATCH("2025-06",Monthly!$A:$A,0)) -> 23.154222 | O33: =AVERAGE(C33:N33) -> 22.501712
A34: Average Neutral | B34: 4 seasons | C34: =AVERAGE(C30:C33) -> 22.752231 | D34: =AVERAGE(D30:D33) -> 22.838656 | E34: =AVERAGE(E30:E33) -> 22.619694 | F34: =AVERAGE(F30:F33) -> 21.645457 | G34: =AVERAGE(G30:G33) -> 20.124583 | H34: =AVERAGE(H30:H33) -> 20.069919 | I34: =AVERAGE(I30:I33) -> 19.709355 | J34: =AVERAGE(J30:J33) -> 21.724613 | ... N34: =AVERAGE(N30:N33) -> 23.005444 | O34: =AVERAGE(C34:N34) -> 22.168882
A36: After the photo window (not in the averages)
A37: 2025/26 | B37: Neutral | C37: =INDEX(Monthly!$AF:$AF,MATCH("2025-07",Monthly!$A:$A,0)) -> 22.938065 | D37: =INDEX(Monthly!$AF:$AF,MATCH("2025-08",Monthly!$A:$A,0)) -> 23.591828 | E37: =INDEX(Monthly!$AF:$AF,MATCH("2025-09",Monthly!$A:$A,0)) -> 23.348 | F37: =INDEX(Monthly!$AF:$AF,MATCH("2025-10",Monthly!$A:$A,0)) -> 22.022043 | G37: =INDEX(Monthly!$AF:$AF,MATCH("2025-11",Monthly!$A:$A,0)) -> 20.872111 | H37: =INDEX(Monthly!$AF:$AF,MATCH("2025-12",Monthly!$A:$A,0)) -> 20.927957 | I37: =INDEX(Monthly!$AF:$AF,MATCH("2026-01",Monthly!$A:$A,0)) -> 19.643441 | J37: =INDEX(Monthly!$AF:$AF,MATCH("2026-02",Monthly!$A:$A,0)) -> 19.408214 | K37: =INDEX(Monthly!$AF:$AF,MATCH("2026-03",Monthly!$A:$A,0)) -> 22.11828 | L37: =INDEX(Monthly!$AF:$AF,MATCH("2026-04",Monthly!$A:$A,0)) -> 23.145889 | M37: =INDEX(Monthly!$AF:$AF,MATCH("2026-05",Monthly!$A:$A,0)) -> 25.724301 | N37: =INDEX(Monthly!$AF:$AF,MATCH("2026-06",Monthly!$A:$A,0)) -> 24.292 | O37: =AVERAGE(C37:N37) -> 22.336011
A38: 2026/27 | B38: El Niño (in progress) | C38: =INDEX(Monthly!$AF:$AF,MATCH("2026-07",Monthly!$A:$A,0)) -> 24.61043 | D38: =INDEX(Monthly!$AF:$AF,MATCH("2026-08",Monthly!$A:$A,0)) -> 24.86957
A41: Monthly rainfall (mm) — sum of daily rainfall from rain gauges (NOAA CPC)
A42: Season | B42: Phase | C42: Jul | D42: Aug | E42: Sep | F42: Oct | G42: Nov | H42: Dec | I42: Jan | J42: Feb | K42: Mar | L42: Apr | M42: May | N42: Jun | O42: Season total
A43: El Niño (7 seasons)
A44: 2006/07 | B44: El Niño | C44: =INDEX(Monthly!$AE:$AE,MATCH("2006-07",Monthly!$A:$A,0)) -> 164.15433 | D44: =INDEX(Monthly!$AE:$AE,MATCH("2006-08",Monthly!$A:$A,0)) -> 131.59133 | E44: =INDEX(Monthly!$AE:$AE,MATCH("2006-09",Monthly!$A:$A,0)) -> 160.00633 | F44: =INDEX(Monthly!$AE:$AE,MATCH("2006-10",Monthly!$A:$A,0)) -> 134.13 | G44: =INDEX(Monthly!$AE:$AE,MATCH("2006-11",Monthly!$A:$A,0)) -> 48.461667 | H44: =INDEX(Monthly!$AE:$AE,MATCH("2006-12",Monthly!$A:$A,0)) -> 57.113333 | I44: =INDEX(Monthly!$AE:$AE,MATCH("2007-01",Monthly!$A:$A,0)) -> 21.410333 | J44: =INDEX(Monthly!$AE:$AE,MATCH("2007-02",Monthly!$A:$A,0)) -> 11.01 | K44: =INDEX(Monthly!$AE:$AE,MATCH("2007-03",Monthly!$A:$A,0)) -> 10.826667 | L44: =INDEX(Monthly!$AE:$AE,MATCH("2007-04",Monthly!$A:$A,0)) -> 42.211333 | M44: =INDEX(Monthly!$AE:$AE,MATCH("2007-05",Monthly!$A:$A,0)) -> 96.007333 | N44: =INDEX(Monthly!$AE:$AE,MATCH("2007-06",Monthly!$A:$A,0)) -> 219.43767 | O44: =SUM(C44:N44) -> 1096.3603
A45: 2009/10 | B45: El Niño | C45: =INDEX(Monthly!$AE:$AE,MATCH("2009-07",Monthly!$A:$A,0)) -> 170.408 | D45: =INDEX(Monthly!$AE:$AE,MATCH("2009-08",Monthly!$A:$A,0)) -> 225.11267 | E45: =INDEX(Monthly!$AE:$AE,MATCH("2009-09",Monthly!$A:$A,0)) -> 144.964 | F45: =INDEX(Monthly!$AE:$AE,MATCH("2009-10",Monthly!$A:$A,0)) -> 96.57 | G45: =INDEX(Monthly!$AE:$AE,MATCH("2009-11",Monthly!$A:$A,0)) -> 96.675333 | H45: =INDEX(Monthly!$AE:$AE,MATCH("2009-12",Monthly!$A:$A,0)) -> 39.386 | I45: =INDEX(Monthly!$AE:$AE,MATCH("2010-01",Monthly!$A:$A,0)) -> 23.679 | J45: =INDEX(Monthly!$AE:$AE,MATCH("2010-02",Monthly!$A:$A,0)) -> 15.198667 | K45: =INDEX(Monthly!$AE:$AE,MATCH("2010-03",Monthly!$A:$A,0)) -> 1.2973333 | L45: =INDEX(Monthly!$AE:$AE,MATCH("2010-04",Monthly!$A:$A,0)) -> 105.63133 | M45: =INDEX(Monthly!$AE:$AE,MATCH("2010-05",Monthly!$A:$A,0)) -> 271.56767 | N45: =INDEX(Monthly!$AE:$AE,MATCH("2010-06",Monthly!$A:$A,0)) -> 282.77733 | O45: =SUM(C45:N45) -> 1473.2673
A46: 2014/15 | B46: El Niño | C46: =INDEX(Monthly!$AE:$AE,MATCH("2014-07",Monthly!$A:$A,0)) -> 57.108 | D46: =INDEX(Monthly!$AE:$AE,MATCH("2014-08",Monthly!$A:$A,0)) -> 218.994 | E46: =INDEX(Monthly!$AE:$AE,MATCH("2014-09",Monthly!$A:$A,0)) -> 256.66467 | F46: =INDEX(Monthly!$AE:$AE,MATCH("2014-10",Monthly!$A:$A,0)) -> 224.90167 | G46: =INDEX(Monthly!$AE:$AE,MATCH("2014-11",Monthly!$A:$A,0)) -> 59.056333 | H46: =INDEX(Monthly!$AE:$AE,MATCH("2014-12",Monthly!$A:$A,0)) -> 39.896 | I46: =INDEX(Monthly!$AE:$AE,MATCH("2015-01",Monthly!$A:$A,0)) -> 16.983667 | J46: =INDEX(Monthly!$AE:$AE,MATCH("2015-02",Monthly!$A:$A,0)) -> 15.721 | K46: =INDEX(Monthly!$AE:$AE,MATCH("2015-03",Monthly!$A:$A,0)) -> 23.108 | L46: =INDEX(Monthly!$AE:$AE,MATCH("2015-04",Monthly!$A:$A,0)) -> 25.756333 | M46: =INDEX(Monthly!$AE:$AE,MATCH("2015-05",Monthly!$A:$A,0)) -> 49.325 | N46: =INDEX(Monthly!$AE:$AE,MATCH("2015-06",Monthly!$A:$A,0)) -> 176.20567 | O46: =SUM(C46:N46) -> 1163.7203
A47: 2015/16 | B47: El Niño | C47: =INDEX(Monthly!$AE:$AE,MATCH("2015-07",Monthly!$A:$A,0)) -> 41.780667 | D47: =INDEX(Monthly!$AE:$AE,MATCH("2015-08",Monthly!$A:$A,0)) -> 91.647 | E47: =INDEX(Monthly!$AE:$AE,MATCH("2015-09",Monthly!$A:$A,0)) -> 349.681 | F47: =INDEX(Monthly!$AE:$AE,MATCH("2015-10",Monthly!$A:$A,0)) -> 221.28667 | G47: =INDEX(Monthly!$AE:$AE,MATCH("2015-11",Monthly!$A:$A,0)) -> 78.855333 | H47: =INDEX(Monthly!$AE:$AE,MATCH("2015-12",Monthly!$A:$A,0)) -> 29.059 | I47: =INDEX(Monthly!$AE:$AE,MATCH("2016-01",Monthly!$A:$A,0)) -> 10.469667 | J47: =INDEX(Monthly!$AE:$AE,MATCH("2016-02",Monthly!$A:$A,0)) -> 23.033 | K47: =INDEX(Monthly!$AE:$AE,MATCH("2016-03",Monthly!$A:$A,0)) -> 20.843 | L47: =INDEX(Monthly!$AE:$AE,MATCH("2016-04",Monthly!$A:$A,0)) -> 25.474333 | M47: =INDEX(Monthly!$AE:$AE,MATCH("2016-05",Monthly!$A:$A,0)) -> 62.776667 | N47: =INDEX(Monthly!$AE:$AE,MATCH("2016-06",Monthly!$A:$A,0)) -> 224.60333 | O47: =SUM(C47:N47) -> 1179.5097
A48: 2018/19 | B48: El Niño | C48: =INDEX(Monthly!$AE:$AE,MATCH("2018-07",Monthly!$A:$A,0)) -> 91.265333 | D48: =INDEX(Monthly!$AE:$AE,MATCH("2018-08",Monthly!$A:$A,0)) -> 194.27533 | E48: =INDEX(Monthly!$AE:$AE,MATCH("2018-09",Monthly!$A:$A,0)) -> 180.26167 | F48: =INDEX(Monthly!$AE:$AE,MATCH("2018-10",Monthly!$A:$A,0)) -> 128.453 | G48: =INDEX(Monthly!$AE:$AE,MATCH("2018-11",Monthly!$A:$A,0)) -> 22.420333 | H48: =INDEX(Monthly!$AE:$AE,MATCH("2018-12",Monthly!$A:$A,0)) -> 16.474333 | I48: =INDEX(Monthly!$AE:$AE,MATCH("2019-01",Monthly!$A:$A,0)) -> 20.014 | J48: =INDEX(Monthly!$AE:$AE,MATCH("2019-02",Monthly!$A:$A,0)) -> 7.4603333 | K48: =INDEX(Monthly!$AE:$AE,MATCH("2019-03",Monthly!$A:$A,0)) -> 1.3106667 | L48: =INDEX(Monthly!$AE:$AE,MATCH("2019-04",Monthly!$A:$A,0)) -> 20.644 | M48: =INDEX(Monthly!$AE:$AE,MATCH("2019-05",Monthly!$A:$A,0)) -> 208.451 | N48: =INDEX(Monthly!$AE:$AE,MATCH("2019-06",Monthly!$A:$A,0)) -> 150.111 | O48: =SUM(C48:N48) -> 1041.141
A49: 2019/20 | B49: El Niño | C49: =INDEX(Monthly!$AE:$AE,MATCH("2019-07",Monthly!$A:$A,0)) -> 125.22567 | D49: =INDEX(Monthly!$AE:$AE,MATCH("2019-08",Monthly!$A:$A,0)) -> 197.68367 | E49: =INDEX(Monthly!$AE:$AE,MATCH("2019-09",Monthly!$A:$A,0)) -> 232.23833 | F49: =INDEX(Monthly!$AE:$AE,MATCH("2019-10",Monthly!$A:$A,0)) -> 284.97133 | G49: =INDEX(Monthly!$AE:$AE,MATCH("2019-11",Monthly!$A:$A,0)) -> 37.483 | H49: =INDEX(Monthly!$AE:$AE,MATCH("2019-12",Monthly!$A:$A,0)) -> 22.194667 | I49: =INDEX(Monthly!$AE:$AE,MATCH("2020-01",Monthly!$A:$A,0)) -> 22.042667 | J49: =INDEX(Monthly!$AE:$AE,MATCH("2020-02",Monthly!$A:$A,0)) -> 15.166 | K49: =INDEX(Monthly!$AE:$AE,MATCH("2020-03",Monthly!$A:$A,0)) -> 12.69 | L49: =INDEX(Monthly!$AE:$AE,MATCH("2020-04",Monthly!$A:$A,0)) -> 9.8823333 | M49: =INDEX(Monthly!$AE:$AE,MATCH("2020-05",Monthly!$A:$A,0)) -> 230.05 | N49: =INDEX(Monthly!$AE:$AE,MATCH("2020-06",Monthly!$A:$A,0)) -> 147.45367 | O49: =SUM(C49:N49) -> 1337.0813
A50: 2023/24 | B50: El Niño | C50: =INDEX(Monthly!$AE:$AE,MATCH("2023-07",Monthly!$A:$A,0)) -> 187.293 | D50: =INDEX(Monthly!$AE:$AE,MATCH("2023-08",Monthly!$A:$A,0)) -> 133.71267 | E50: =INDEX(Monthly!$AE:$AE,MATCH("2023-09",Monthly!$A:$A,0)) -> 181.29267 | F50: =INDEX(Monthly!$AE:$AE,MATCH("2023-10",Monthly!$A:$A,0)) -> 145.47167 | G50: =INDEX(Monthly!$AE:$AE,MATCH("2023-11",Monthly!$A:$A,0)) -> 76.028667 | H50: =INDEX(Monthly!$AE:$AE,MATCH("2023-12",Monthly!$A:$A,0)) -> 27.362 | I50: =INDEX(Monthly!$AE:$AE,MATCH("2024-01",Monthly!$A:$A,0)) -> 5.6271086 | J50: =INDEX(Monthly!$AE:$AE,MATCH("2024-02",Monthly!$A:$A,0)) -> 5.7066619 | K50: =INDEX(Monthly!$AE:$AE,MATCH("2024-03",Monthly!$A:$A,0)) -> 1.7983398 | L50: =INDEX(Monthly!$AE:$AE,MATCH("2024-04",Monthly!$A:$A,0)) -> 33.593622 | M50: =INDEX(Monthly!$AE:$AE,MATCH("2024-05",Monthly!$A:$A,0)) -> 48.701259 | N50: =INDEX(Monthly!$AE:$AE,MATCH("2024-06",Monthly!$A:$A,0)) -> 297.86629 | O50: =SUM(C50:N50) -> 1144.4539
A51: Average El Niño | B51: 7 seasons | C51: =AVERAGE(C44:C50) -> 119.605 | D51: =AVERAGE(D44:D50) -> 170.43095 | E51: =AVERAGE(E44:E50) -> 215.01552 | F51: =AVERAGE(F44:F50) -> 176.54062 | G51: =AVERAGE(G44:G50) -> 59.854381 | H51: =AVERAGE(H44:H50) -> 33.069333 | I51: =AVERAGE(I44:I50) -> 17.175206 | J51: =AVERAGE(J44:J50) -> 13.327952 | ... N51: =AVERAGE(N44:N50) -> 214.06499 | O51: =SUM(C51:N51) -> 1205.0763
A53: La Niña (9 seasons)
A54: 2005/06 | B54: La Niña | C54: =INDEX(Monthly!$AE:$AE,MATCH("2005-07",Monthly!$A:$A,0)) -> 139.01733 | D54: =INDEX(Monthly!$AE:$AE,MATCH("2005-08",Monthly!$A:$A,0)) -> 155.90533 | E54: =INDEX(Monthly!$AE:$AE,MATCH("2005-09",Monthly!$A:$A,0)) -> 199.99333 | F54: =INDEX(Monthly!$AE:$AE,MATCH("2005-10",Monthly!$A:$A,0)) -> 104.91933 | G54: =INDEX(Monthly!$AE:$AE,MATCH("2005-11",Monthly!$A:$A,0)) -> 16.416333 | H54: =INDEX(Monthly!$AE:$AE,MATCH("2005-12",Monthly!$A:$A,0)) -> 21.504667 | I54: =INDEX(Monthly!$AE:$AE,MATCH("2006-01",Monthly!$A:$A,0)) -> 20.606 | J54: =INDEX(Monthly!$AE:$AE,MATCH("2006-02",Monthly!$A:$A,0)) -> 5.604 | K54: =INDEX(Monthly!$AE:$AE,MATCH("2006-03",Monthly!$A:$A,0)) -> 5.2956667 | L54: =INDEX(Monthly!$AE:$AE,MATCH("2006-04",Monthly!$A:$A,0)) -> 41.957333 | M54: =INDEX(Monthly!$AE:$AE,MATCH("2006-05",Monthly!$A:$A,0)) -> 116.615 | N54: =INDEX(Monthly!$AE:$AE,MATCH("2006-06",Monthly!$A:$A,0)) -> 235.36867 | O54: =SUM(C54:N54) -> 1063.203
A55: 2007/08 | B55: La Niña | C55: =INDEX(Monthly!$AE:$AE,MATCH("2007-07",Monthly!$A:$A,0)) -> 209.17467 | D55: =INDEX(Monthly!$AE:$AE,MATCH("2007-08",Monthly!$A:$A,0)) -> 215.88 | E55: =INDEX(Monthly!$AE:$AE,MATCH("2007-09",Monthly!$A:$A,0)) -> 289.15533 | F55: =INDEX(Monthly!$AE:$AE,MATCH("2007-10",Monthly!$A:$A,0)) -> 210.64533 | G55: =INDEX(Monthly!$AE:$AE,MATCH("2007-11",Monthly!$A:$A,0)) -> 37.384667 | H55: =INDEX(Monthly!$AE:$AE,MATCH("2007-12",Monthly!$A:$A,0)) -> 11.013 | I55: =INDEX(Monthly!$AE:$AE,MATCH("2008-01",Monthly!$A:$A,0)) -> 24.649333 | J55: =INDEX(Monthly!$AE:$AE,MATCH("2008-02",Monthly!$A:$A,0)) -> 13.695667 | K55: =INDEX(Monthly!$AE:$AE,MATCH("2008-03",Monthly!$A:$A,0)) -> 8.664 | L55: =INDEX(Monthly!$AE:$AE,MATCH("2008-04",Monthly!$A:$A,0)) -> 48.091667 | M55: =INDEX(Monthly!$AE:$AE,MATCH("2008-05",Monthly!$A:$A,0)) -> 110.48533 | N55: =INDEX(Monthly!$AE:$AE,MATCH("2008-06",Monthly!$A:$A,0)) -> 182.43933 | O55: =SUM(C55:N55) -> 1361.2783
A56: 2008/09 | B56: La Niña | C56: =INDEX(Monthly!$AE:$AE,MATCH("2008-07",Monthly!$A:$A,0)) -> 353.418 | D56: =INDEX(Monthly!$AE:$AE,MATCH("2008-08",Monthly!$A:$A,0)) -> 275.51733 | E56: =INDEX(Monthly!$AE:$AE,MATCH("2008-09",Monthly!$A:$A,0)) -> 376.468 | F56: =INDEX(Monthly!$AE:$AE,MATCH("2008-10",Monthly!$A:$A,0)) -> 193.58267 | G56: =INDEX(Monthly!$AE:$AE,MATCH("2008-11",Monthly!$A:$A,0)) -> 20.612667 | H56: =INDEX(Monthly!$AE:$AE,MATCH("2008-12",Monthly!$A:$A,0)) -> 50.873 | I56: =INDEX(Monthly!$AE:$AE,MATCH("2009-01",Monthly!$A:$A,0)) -> 16.486333 | J56: =INDEX(Monthly!$AE:$AE,MATCH("2009-02",Monthly!$A:$A,0)) -> 48.281667 | K56: =INDEX(Monthly!$AE:$AE,MATCH("2009-03",Monthly!$A:$A,0)) -> 6.147 | L56: =INDEX(Monthly!$AE:$AE,MATCH("2009-04",Monthly!$A:$A,0)) -> 17.863 | M56: =INDEX(Monthly!$AE:$AE,MATCH("2009-05",Monthly!$A:$A,0)) -> 213.36733 | N56: =INDEX(Monthly!$AE:$AE,MATCH("2009-06",Monthly!$A:$A,0)) -> 234.08767 | O56: =SUM(C56:N56) -> 1806.7047
A57: 2010/11 | B57: La Niña | C57: =INDEX(Monthly!$AE:$AE,MATCH("2010-07",Monthly!$A:$A,0)) -> 199.029 | D57: =INDEX(Monthly!$AE:$AE,MATCH("2010-08",Monthly!$A:$A,0)) -> 293.492 | E57: =INDEX(Monthly!$AE:$AE,MATCH("2010-09",Monthly!$A:$A,0)) -> 203.384 | F57: =INDEX(Monthly!$AE:$AE,MATCH("2010-10",Monthly!$A:$A,0)) -> 24.640667 | G57: =INDEX(Monthly!$AE:$AE,MATCH("2010-11",Monthly!$A:$A,0)) -> 17.627 | H57: =INDEX(Monthly!$AE:$AE,MATCH("2010-12",Monthly!$A:$A,0)) -> 12.834333 | I57: =INDEX(Monthly!$AE:$AE,MATCH("2011-01",Monthly!$A:$A,0)) -> 15.127 | J57: =INDEX(Monthly!$AE:$AE,MATCH("2011-02",Monthly!$A:$A,0)) -> 25.108 | K57: =INDEX(Monthly!$AE:$AE,MATCH("2011-03",Monthly!$A:$A,0)) -> 12.543667 | L57: =INDEX(Monthly!$AE:$AE,MATCH("2011-04",Monthly!$A:$A,0)) -> 72.389 | M57: =INDEX(Monthly!$AE:$AE,MATCH("2011-05",Monthly!$A:$A,0)) -> 140.51167 | N57: =INDEX(Monthly!$AE:$AE,MATCH("2011-06",Monthly!$A:$A,0)) -> 268.40067 | O57: =SUM(C57:N57) -> 1285.087
A58: 2011/12 | B58: La Niña | C58: =INDEX(Monthly!$AE:$AE,MATCH("2011-07",Monthly!$A:$A,0)) -> 311.098 | D58: =INDEX(Monthly!$AE:$AE,MATCH("2011-08",Monthly!$A:$A,0)) -> 207.83433 | E58: =INDEX(Monthly!$AE:$AE,MATCH("2011-09",Monthly!$A:$A,0)) -> 257.55267 | F58: =INDEX(Monthly!$AE:$AE,MATCH("2011-10",Monthly!$A:$A,0)) -> 256.19933 | G58: =INDEX(Monthly!$AE:$AE,MATCH("2011-11",Monthly!$A:$A,0)) -> 37.912 | H58: =INDEX(Monthly!$AE:$AE,MATCH("2011-12",Monthly!$A:$A,0)) -> 36.933333 | I58: =INDEX(Monthly!$AE:$AE,MATCH("2012-01",Monthly!$A:$A,0)) -> 10.635 | J58: =INDEX(Monthly!$AE:$AE,MATCH("2012-02",Monthly!$A:$A,0)) -> 14.716 | K58: =INDEX(Monthly!$AE:$AE,MATCH("2012-03",Monthly!$A:$A,0)) -> 22.110667 | L58: =INDEX(Monthly!$AE:$AE,MATCH("2012-04",Monthly!$A:$A,0)) -> 65.148667 | M58: =INDEX(Monthly!$AE:$AE,MATCH("2012-05",Monthly!$A:$A,0)) -> 208.98533 | N58: =INDEX(Monthly!$AE:$AE,MATCH("2012-06",Monthly!$A:$A,0)) -> 121.61167 | O58: =SUM(C58:N58) -> 1550.737
A59: 2017/18 | B59: La Niña | C59: =INDEX(Monthly!$AE:$AE,MATCH("2017-07",Monthly!$A:$A,0)) -> 260.471 | D59: =INDEX(Monthly!$AE:$AE,MATCH("2017-08",Monthly!$A:$A,0)) -> 166.402 | E59: =INDEX(Monthly!$AE:$AE,MATCH("2017-09",Monthly!$A:$A,0)) -> 299.021 | F59: =INDEX(Monthly!$AE:$AE,MATCH("2017-10",Monthly!$A:$A,0)) -> 178.93367 | G59: =INDEX(Monthly!$AE:$AE,MATCH("2017-11",Monthly!$A:$A,0)) -> 25.105 | H59: =INDEX(Monthly!$AE:$AE,MATCH("2017-12",Monthly!$A:$A,0)) -> 22.787333 | I59: =INDEX(Monthly!$AE:$AE,MATCH("2018-01",Monthly!$A:$A,0)) -> 30.066 | J59: =INDEX(Monthly!$AE:$AE,MATCH("2018-02",Monthly!$A:$A,0)) -> 11.934667 | K59: =INDEX(Monthly!$AE:$AE,MATCH("2018-03",Monthly!$A:$A,0)) -> 6.387 | L59: =INDEX(Monthly!$AE:$AE,MATCH("2018-04",Monthly!$A:$A,0)) -> 83.849333 | M59: =INDEX(Monthly!$AE:$AE,MATCH("2018-05",Monthly!$A:$A,0)) -> 179.13033 | N59: =INDEX(Monthly!$AE:$AE,MATCH("2018-06",Monthly!$A:$A,0)) -> 227.12533 | O59: =SUM(C59:N59) -> 1491.2127
A60: 2020/21 | B60: La Niña | C60: =INDEX(Monthly!$AE:$AE,MATCH("2020-07",Monthly!$A:$A,0)) -> 174.66667 | D60: =INDEX(Monthly!$AE:$AE,MATCH("2020-08",Monthly!$A:$A,0)) -> 236.777 | E60: =INDEX(Monthly!$AE:$AE,MATCH("2020-09",Monthly!$A:$A,0)) -> 328.681 | F60: =INDEX(Monthly!$AE:$AE,MATCH("2020-10",Monthly!$A:$A,0)) -> 180.56933 | G60: =INDEX(Monthly!$AE:$AE,MATCH("2020-11",Monthly!$A:$A,0)) -> 282.53167 | H60: =INDEX(Monthly!$AE:$AE,MATCH("2020-12",Monthly!$A:$A,0)) -> 12.047 | I60: =INDEX(Monthly!$AE:$AE,MATCH("2021-01",Monthly!$A:$A,0)) -> 16.480333 | J60: =INDEX(Monthly!$AE:$AE,MATCH("2021-02",Monthly!$A:$A,0)) -> 21.201333 | K60: =INDEX(Monthly!$AE:$AE,MATCH("2021-03",Monthly!$A:$A,0)) -> 11.704667 | L60: =INDEX(Monthly!$AE:$AE,MATCH("2021-04",Monthly!$A:$A,0)) -> 113.82067 | M60: =INDEX(Monthly!$AE:$AE,MATCH("2021-05",Monthly!$A:$A,0)) -> 108.09133 | N60: =INDEX(Monthly!$AE:$AE,MATCH("2021-06",Monthly!$A:$A,0)) -> 328.454 | O60: =SUM(C60:N60) -> 1815.025
A61: 2021/22 | B61: La Niña | C61: =INDEX(Monthly!$AE:$AE,MATCH("2021-07",Monthly!$A:$A,0)) -> 128.62267 | D61: =INDEX(Monthly!$AE:$AE,MATCH("2021-08",Monthly!$A:$A,0)) -> 278.53833 | E61: =INDEX(Monthly!$AE:$AE,MATCH("2021-09",Monthly!$A:$A,0)) -> 150.547 | F61: =INDEX(Monthly!$AE:$AE,MATCH("2021-10",Monthly!$A:$A,0)) -> 182.87233 | G61: =INDEX(Monthly!$AE:$AE,MATCH("2021-11",Monthly!$A:$A,0)) -> 24.385 | H61: =INDEX(Monthly!$AE:$AE,MATCH("2021-12",Monthly!$A:$A,0)) -> 9.7833333 | I61: =INDEX(Monthly!$AE:$AE,MATCH("2022-01",Monthly!$A:$A,0)) -> 24.638667 | J61: =INDEX(Monthly!$AE:$AE,MATCH("2022-02",Monthly!$A:$A,0)) -> 27.105333 | K61: =INDEX(Monthly!$AE:$AE,MATCH("2022-03",Monthly!$A:$A,0)) -> 22.647 | L61: =INDEX(Monthly!$AE:$AE,MATCH("2022-04",Monthly!$A:$A,0)) -> 55.152 | M61: =INDEX(Monthly!$AE:$AE,MATCH("2022-05",Monthly!$A:$A,0)) -> 167.557 | N61: =INDEX(Monthly!$AE:$AE,MATCH("2022-06",Monthly!$A:$A,0)) -> 279.325 | O61: =SUM(C61:N61) -> 1351.1737
A62: 2022/23 | B62: La Niña | C62: =INDEX(Monthly!$AE:$AE,MATCH("2022-07",Monthly!$A:$A,0)) -> 160.61233 | D62: =INDEX(Monthly!$AE:$AE,MATCH("2022-08",Monthly!$A:$A,0)) -> 320.081 | E62: =INDEX(Monthly!$AE:$AE,MATCH("2022-09",Monthly!$A:$A,0)) -> 356.446 | F62: =INDEX(Monthly!$AE:$AE,MATCH("2022-10",Monthly!$A:$A,0)) -> 183.625 | G62: =INDEX(Monthly!$AE:$AE,MATCH("2022-11",Monthly!$A:$A,0)) -> 79.812667 | H62: =INDEX(Monthly!$AE:$AE,MATCH("2022-12",Monthly!$A:$A,0)) -> 6.133 | I62: =INDEX(Monthly!$AE:$AE,MATCH("2023-01",Monthly!$A:$A,0)) -> 8.5426667 | J62: =INDEX(Monthly!$AE:$AE,MATCH("2023-02",Monthly!$A:$A,0)) -> 3.2656667 | K62: =INDEX(Monthly!$AE:$AE,MATCH("2023-03",Monthly!$A:$A,0)) -> 26.746333 | L62: =INDEX(Monthly!$AE:$AE,MATCH("2023-04",Monthly!$A:$A,0)) -> 26.840667 | M62: =INDEX(Monthly!$AE:$AE,MATCH("2023-05",Monthly!$A:$A,0)) -> 113.84467 | N62: =INDEX(Monthly!$AE:$AE,MATCH("2023-06",Monthly!$A:$A,0)) -> 151.38833 | O62: =SUM(C62:N62) -> 1437.3383
A63: Average La Niña | B63: 9 seasons | C63: =AVERAGE(C54:C62) -> 215.1233 | D63: =AVERAGE(D54:D62) -> 238.93637 | E63: =AVERAGE(E54:E62) -> 273.47204 | F63: =AVERAGE(F54:F62) -> 168.44307 | G63: =AVERAGE(G54:G62) -> 60.198556 | H63: =AVERAGE(H54:H62) -> 20.434333 | I63: =AVERAGE(I54:I62) -> 18.581259 | J63: =AVERAGE(J54:J62) -> 18.990259 | ... N63: =AVERAGE(N54:N62) -> 225.35563 | O63: =SUM(C63:N63) -> 1462.4177
A65: Neutral (4 seasons)
A66: 2012/13 | B66: Neutral | C66: =INDEX(Monthly!$AE:$AE,MATCH("2012-07",Monthly!$A:$A,0)) -> 116.08633 | D66: =INDEX(Monthly!$AE:$AE,MATCH("2012-08",Monthly!$A:$A,0)) -> 355.45033 | E66: =INDEX(Monthly!$AE:$AE,MATCH("2012-09",Monthly!$A:$A,0)) -> 150.59667 | F66: =INDEX(Monthly!$AE:$AE,MATCH("2012-10",Monthly!$A:$A,0)) -> 169.00767 | G66: =INDEX(Monthly!$AE:$AE,MATCH("2012-11",Monthly!$A:$A,0)) -> 40.291667 | H66: =INDEX(Monthly!$AE:$AE,MATCH("2012-12",Monthly!$A:$A,0)) -> 36.138333 | I66: =INDEX(Monthly!$AE:$AE,MATCH("2013-01",Monthly!$A:$A,0)) -> 23.72 | J66: =INDEX(Monthly!$AE:$AE,MATCH("2013-02",Monthly!$A:$A,0)) -> 10.371667 | K66: =INDEX(Monthly!$AE:$AE,MATCH("2013-03",Monthly!$A:$A,0)) -> 28.181667 | L66: =INDEX(Monthly!$AE:$AE,MATCH("2013-04",Monthly!$A:$A,0)) -> 22.558 | M66: =INDEX(Monthly!$AE:$AE,MATCH("2013-05",Monthly!$A:$A,0)) -> 167.28267 | N66: =INDEX(Monthly!$AE:$AE,MATCH("2013-06",Monthly!$A:$A,0)) -> 139.201 | O66: =SUM(C66:N66) -> 1258.886
A67: 2013/14 | B67: Neutral | C67: =INDEX(Monthly!$AE:$AE,MATCH("2013-07",Monthly!$A:$A,0)) -> 159.42667 | D67: =INDEX(Monthly!$AE:$AE,MATCH("2013-08",Monthly!$A:$A,0)) -> 179.337 | E67: =INDEX(Monthly!$AE:$AE,MATCH("2013-09",Monthly!$A:$A,0)) -> 220.005 | F67: =INDEX(Monthly!$AE:$AE,MATCH("2013-10",Monthly!$A:$A,0)) -> 173.91767 | G67: =INDEX(Monthly!$AE:$AE,MATCH("2013-11",Monthly!$A:$A,0)) -> 47.492 | H67: =INDEX(Monthly!$AE:$AE,MATCH("2013-12",Monthly!$A:$A,0)) -> 22.761667 | I67: =INDEX(Monthly!$AE:$AE,MATCH("2014-01",Monthly!$A:$A,0)) -> 26.906 | J67: =INDEX(Monthly!$AE:$AE,MATCH("2014-02",Monthly!$A:$A,0)) -> 12.295667 | K67: =INDEX(Monthly!$AE:$AE,MATCH("2014-03",Monthly!$A:$A,0)) -> 31.33 | L67: =INDEX(Monthly!$AE:$AE,MATCH("2014-04",Monthly!$A:$A,0)) -> 8.633 | M67: =INDEX(Monthly!$AE:$AE,MATCH("2014-05",Monthly!$A:$A,0)) -> 126.148 | N67: =INDEX(Monthly!$AE:$AE,MATCH("2014-06",Monthly!$A:$A,0)) -> 191.51467 | O67: =SUM(C67:N67) -> 1199.7673
A68: 2016/17 | B68: Neutral | C68: =INDEX(Monthly!$AE:$AE,MATCH("2016-07",Monthly!$A:$A,0)) -> 119.10633 | D68: =INDEX(Monthly!$AE:$AE,MATCH("2016-08",Monthly!$A:$A,0)) -> 172.99867 | E68: =INDEX(Monthly!$AE:$AE,MATCH("2016-09",Monthly!$A:$A,0)) -> 224.262 | F68: =INDEX(Monthly!$AE:$AE,MATCH("2016-10",Monthly!$A:$A,0)) -> 84.275333 | G68: =INDEX(Monthly!$AE:$AE,MATCH("2016-11",Monthly!$A:$A,0)) -> 41.388333 | H68: =INDEX(Monthly!$AE:$AE,MATCH("2016-12",Monthly!$A:$A,0)) -> 28.385333 | I68: =INDEX(Monthly!$AE:$AE,MATCH("2017-01",Monthly!$A:$A,0)) -> 15.713333 | J68: =INDEX(Monthly!$AE:$AE,MATCH("2017-02",Monthly!$A:$A,0)) -> 3.5496667 | K68: =INDEX(Monthly!$AE:$AE,MATCH("2017-03",Monthly!$A:$A,0)) -> 27.738667 | L68: =INDEX(Monthly!$AE:$AE,MATCH("2017-04",Monthly!$A:$A,0)) -> 63.192333 | M68: =INDEX(Monthly!$AE:$AE,MATCH("2017-05",Monthly!$A:$A,0)) -> 232.45033 | N68: =INDEX(Monthly!$AE:$AE,MATCH("2017-06",Monthly!$A:$A,0)) -> 305.73333 | O68: =SUM(C68:N68) -> 1318.7937
A69: 2024/25 | B69: Neutral | C69: =INDEX(Monthly!$AE:$AE,MATCH("2024-07",Monthly!$A:$A,0)) -> 204.91029 | D69: =INDEX(Monthly!$AE:$AE,MATCH("2024-08",Monthly!$A:$A,0)) -> 178.56664 | E69: =INDEX(Monthly!$AE:$AE,MATCH("2024-09",Monthly!$A:$A,0)) -> 227.15387 | F69: =INDEX(Monthly!$AE:$AE,MATCH("2024-10",Monthly!$A:$A,0)) -> 61.695146 | G69: =INDEX(Monthly!$AE:$AE,MATCH("2024-11",Monthly!$A:$A,0)) -> 113.95052 | H69: =INDEX(Monthly!$AE:$AE,MATCH("2024-12",Monthly!$A:$A,0)) -> 27.794915 | I69: =INDEX(Monthly!$AE:$AE,MATCH("2025-01",Monthly!$A:$A,0)) -> 18.451535 | J69: =INDEX(Monthly!$AE:$AE,MATCH("2025-02",Monthly!$A:$A,0)) -> 10.385123 | K69: =INDEX(Monthly!$AE:$AE,MATCH("2025-03",Monthly!$A:$A,0)) -> 8.8464951 | L69: =INDEX(Monthly!$AE:$AE,MATCH("2025-04",Monthly!$A:$A,0)) -> 37.920371 | M69: =INDEX(Monthly!$AE:$AE,MATCH("2025-05",Monthly!$A:$A,0)) -> 85.287552 | N69: =INDEX(Monthly!$AE:$AE,MATCH("2025-06",Monthly!$A:$A,0)) -> 362.09082 | O69: =SUM(C69:N69) -> 1337.0533
A70: Average Neutral | B70: 4 seasons | C70: =AVERAGE(C66:C69) -> 149.88241 | D70: =AVERAGE(D66:D69) -> 221.58816 | E70: =AVERAGE(E66:E69) -> 205.50438 | F70: =AVERAGE(F66:F69) -> 122.22395 | G70: =AVERAGE(G66:G69) -> 60.780631 | H70: =AVERAGE(H66:H69) -> 28.770062 | I70: =AVERAGE(I66:I69) -> 21.197717 | J70: =AVERAGE(J66:J69) -> 9.1505308 | ... N70: =AVERAGE(N66:N69) -> 249.63496 | O70: =SUM(C70:N70) -> 1278.6251
A72: After the photo window (not in the averages)
A73: 2025/26 | B73: Neutral | C73: =INDEX(Monthly!$AE:$AE,MATCH("2025-07",Monthly!$A:$A,0)) -> 169.19464 | D73: =INDEX(Monthly!$AE:$AE,MATCH("2025-08",Monthly!$A:$A,0)) -> 167.86057 | E73: =INDEX(Monthly!$AE:$AE,MATCH("2025-09",Monthly!$A:$A,0)) -> 252.18277 | F73: =INDEX(Monthly!$AE:$AE,MATCH("2025-10",Monthly!$A:$A,0)) -> 190.4256 | G73: =INDEX(Monthly!$AE:$AE,MATCH("2025-11",Monthly!$A:$A,0)) -> 27.328422 | H73: =INDEX(Monthly!$AE:$AE,MATCH("2025-12",Monthly!$A:$A,0)) -> 35.470834 | I73: =INDEX(Monthly!$AE:$AE,MATCH("2026-01",Monthly!$A:$A,0)) -> 23.463553 | J73: =INDEX(Monthly!$AE:$AE,MATCH("2026-02",Monthly!$A:$A,0)) -> 10.074633 | K73: =INDEX(Monthly!$AE:$AE,MATCH("2026-03",Monthly!$A:$A,0)) -> 37.450123 | L73: =INDEX(Monthly!$AE:$AE,MATCH("2026-04",Monthly!$A:$A,0)) -> 223.47925 | M73: =INDEX(Monthly!$AE:$AE,MATCH("2026-05",Monthly!$A:$A,0)) -> 96.050598 | N73: =INDEX(Monthly!$AE:$AE,MATCH("2026-06",Monthly!$A:$A,0)) -> 148.79176 | O73: =SUM(C73:N73) -> 1381.7727
A74: 2026/27 | B74: El Niño (in progress) | C74: =INDEX(Monthly!$AE:$AE,MATCH("2026-07",Monthly!$A:$A,0)) -> 82.447265 | D74: =INDEX(Monthly!$AE:$AE,MATCH("2026-08",Monthly!$A:$A,0)) -> 34.968759

Sheet Chart_Comayagua
A1: Comayagua — Comayagua department, town of Comayagua | Temperature and rainfall by ENSO season
A2: Rain: NOAA CPC gauge analysis (daily, 0.5°). Temperature: NASA POWER daily (grid cell of each town). July–June seasons 2005/06–2024/25 as in the São Mateus chart. Season phase = official NOAA ENSO episode at its Nov–Jan peak (sheet ENSO_seasons). Average rows = mean of the seasons of that phase in the photo window.
A3: Seasons after the photo window are listed below each block, outside the averages. 2026/27: complete months only (data end 2026-09-22).
A5: Mean temperature (°C) — monthly mean of daily T2M
A6: Season | B6: Phase | C6: Jul | D6: Aug | E6: Sep | F6: Oct | G6: Nov | H6: Dec | I6: Jan | J6: Feb | K6: Mar | L6: Apr | M6: May | N6: Jun | O6: Season mean
A7: El Niño (7 seasons)
A8: 2006/07 | B8: El Niño | C8: =INDEX(Monthly!$Q:$Q,MATCH("2006-07",Monthly!$A:$A,0)) -> 22.176774 | D8: =INDEX(Monthly!$Q:$Q,MATCH("2006-08",Monthly!$A:$A,0)) -> 23.21129 | E8: =INDEX(Monthly!$Q:$Q,MATCH("2006-09",Monthly!$A:$A,0)) -> 22.943333 | F8: =INDEX(Monthly!$Q:$Q,MATCH("2006-10",Monthly!$A:$A,0)) -> 22.402581 | G8: =INDEX(Monthly!$Q:$Q,MATCH("2006-11",Monthly!$A:$A,0)) -> 19.812 | H8: =INDEX(Monthly!$Q:$Q,MATCH("2006-12",Monthly!$A:$A,0)) -> 20.26129 | I8: =INDEX(Monthly!$Q:$Q,MATCH("2007-01",Monthly!$A:$A,0)) -> 20.432903 | J8: =INDEX(Monthly!$Q:$Q,MATCH("2007-02",Monthly!$A:$A,0)) -> 22.0625 | K8: =INDEX(Monthly!$Q:$Q,MATCH("2007-03",Monthly!$A:$A,0)) -> 22.597097 | L8: =INDEX(Monthly!$Q:$Q,MATCH("2007-04",Monthly!$A:$A,0)) -> 24.424333 | M8: =INDEX(Monthly!$Q:$Q,MATCH("2007-05",Monthly!$A:$A,0)) -> 24.415806 | N8: =INDEX(Monthly!$Q:$Q,MATCH("2007-06",Monthly!$A:$A,0)) -> 22.939667 | O8: =AVERAGE(C8:N8) -> 22.306631
A9: 2009/10 | B9: El Niño | C9: =INDEX(Monthly!$Q:$Q,MATCH("2009-07",Monthly!$A:$A,0)) -> 21.751613 | D9: =INDEX(Monthly!$Q:$Q,MATCH("2009-08",Monthly!$A:$A,0)) -> 21.994516 | E9: =INDEX(Monthly!$Q:$Q,MATCH("2009-09",Monthly!$A:$A,0)) -> 22.478333 | F9: =INDEX(Monthly!$Q:$Q,MATCH("2009-10",Monthly!$A:$A,0)) -> 22.285484 | G9: =INDEX(Monthly!$Q:$Q,MATCH("2009-11",Monthly!$A:$A,0)) -> 20.468333 | H9: =INDEX(Monthly!$Q:$Q,MATCH("2009-12",Monthly!$A:$A,0)) -> 20.500645 | I9: =INDEX(Monthly!$Q:$Q,MATCH("2010-01",Monthly!$A:$A,0)) -> 19.630968 | J9: =INDEX(Monthly!$Q:$Q,MATCH("2010-02",Monthly!$A:$A,0)) -> 21.976429 | K9: =INDEX(Monthly!$Q:$Q,MATCH("2010-03",Monthly!$A:$A,0)) -> 23.029677 | L9: =INDEX(Monthly!$Q:$Q,MATCH("2010-04",Monthly!$A:$A,0)) -> 24.217667 | M9: =INDEX(Monthly!$Q:$Q,MATCH("2010-05",Monthly!$A:$A,0)) -> 24.053548 | N9: =INDEX(Monthly!$Q:$Q,MATCH("2010-06",Monthly!$A:$A,0)) -> 22.292 | O9: =AVERAGE(C9:N9) -> 22.056601
A10: 2014/15 | B10: El Niño | C10: =INDEX(Monthly!$Q:$Q,MATCH("2014-07",Monthly!$A:$A,0)) -> 23.799677 | D10: =INDEX(Monthly!$Q:$Q,MATCH("2014-08",Monthly!$A:$A,0)) -> 23.637419 | E10: =INDEX(Monthly!$Q:$Q,MATCH("2014-09",Monthly!$A:$A,0)) -> 21.93 | F10: =INDEX(Monthly!$Q:$Q,MATCH("2014-10",Monthly!$A:$A,0)) -> 21.115161 | G10: =INDEX(Monthly!$Q:$Q,MATCH("2014-11",Monthly!$A:$A,0)) -> 19.474 | H10: =INDEX(Monthly!$Q:$Q,MATCH("2014-12",Monthly!$A:$A,0)) -> 18.653226 | I10: =INDEX(Monthly!$Q:$Q,MATCH("2015-01",Monthly!$A:$A,0)) -> 19.012903 | J10: =INDEX(Monthly!$Q:$Q,MATCH("2015-02",Monthly!$A:$A,0)) -> 20.400714 | K10: =INDEX(Monthly!$Q:$Q,MATCH("2015-03",Monthly!$A:$A,0)) -> 22.555161 | L10: =INDEX(Monthly!$Q:$Q,MATCH("2015-04",Monthly!$A:$A,0)) -> 25.500667 | M10: =INDEX(Monthly!$Q:$Q,MATCH("2015-05",Monthly!$A:$A,0)) -> 24.357742 | N10: =INDEX(Monthly!$Q:$Q,MATCH("2015-06",Monthly!$A:$A,0)) -> 22.342 | O10: =AVERAGE(C10:N10) -> 21.898223
A11: 2015/16 | B11: El Niño | C11: =INDEX(Monthly!$Q:$Q,MATCH("2015-07",Monthly!$A:$A,0)) -> 23.425806 | D11: =INDEX(Monthly!$Q:$Q,MATCH("2015-08",Monthly!$A:$A,0)) -> 24.618065 | E11: =INDEX(Monthly!$Q:$Q,MATCH("2015-09",Monthly!$A:$A,0)) -> 23.135333 | F11: =INDEX(Monthly!$Q:$Q,MATCH("2015-10",Monthly!$A:$A,0)) -> 21.960968 | G11: =INDEX(Monthly!$Q:$Q,MATCH("2015-11",Monthly!$A:$A,0)) -> 20.871 | H11: =INDEX(Monthly!$Q:$Q,MATCH("2015-12",Monthly!$A:$A,0)) -> 20.899032 | I11: =INDEX(Monthly!$Q:$Q,MATCH("2016-01",Monthly!$A:$A,0)) -> 20.61871 | J11: =INDEX(Monthly!$Q:$Q,MATCH("2016-02",Monthly!$A:$A,0)) -> 20.448621 | K11: =INDEX(Monthly!$Q:$Q,MATCH("2016-03",Monthly!$A:$A,0)) -> 24.167742 | L11: =INDEX(Monthly!$Q:$Q,MATCH("2016-04",Monthly!$A:$A,0)) -> 24.814333 | M11: =INDEX(Monthly!$Q:$Q,MATCH("2016-05",Monthly!$A:$A,0)) -> 25.440968 | N11: =INDEX(Monthly!$Q:$Q,MATCH("2016-06",Monthly!$A:$A,0)) -> 22.514667 | O11: =AVERAGE(C11:N11) -> 22.742937
A12: 2018/19 | B12: El Niño | C12: =INDEX(Monthly!$Q:$Q,MATCH("2018-07",Monthly!$A:$A,0)) -> 22.120968 | D12: =INDEX(Monthly!$Q:$Q,MATCH("2018-08",Monthly!$A:$A,0)) -> 22.31871 | E12: =INDEX(Monthly!$Q:$Q,MATCH("2018-09",Monthly!$A:$A,0)) -> 22.388 | F12: =INDEX(Monthly!$Q:$Q,MATCH("2018-10",Monthly!$A:$A,0)) -> 21.297742 | G12: =INDEX(Monthly!$Q:$Q,MATCH("2018-11",Monthly!$A:$A,0)) -> 21.593 | H12: =INDEX(Monthly!$Q:$Q,MATCH("2018-12",Monthly!$A:$A,0)) -> 20.305806 | I12: =INDEX(Monthly!$Q:$Q,MATCH("2019-01",Monthly!$A:$A,0)) -> 20.501613 | J12: =INDEX(Monthly!$Q:$Q,MATCH("2019-02",Monthly!$A:$A,0)) -> 22.9775 | K12: =INDEX(Monthly!$Q:$Q,MATCH("2019-03",Monthly!$A:$A,0)) -> 23.505161 | L12: =INDEX(Monthly!$Q:$Q,MATCH("2019-04",Monthly!$A:$A,0)) -> 25.216 | M12: =INDEX(Monthly!$Q:$Q,MATCH("2019-05",Monthly!$A:$A,0)) -> 24.21 | N12: =INDEX(Monthly!$Q:$Q,MATCH("2019-06",Monthly!$A:$A,0)) -> 23.975333 | O12: =AVERAGE(C12:N12) -> 22.534153
A13: 2019/20 | B13: El Niño | C13: =INDEX(Monthly!$Q:$Q,MATCH("2019-07",Monthly!$A:$A,0)) -> 23.910968 | D13: =INDEX(Monthly!$Q:$Q,MATCH("2019-08",Monthly!$A:$A,0)) -> 24.363548 | E13: =INDEX(Monthly!$Q:$Q,MATCH("2019-09",Monthly!$A:$A,0)) -> 23.420333 | F13: =INDEX(Monthly!$Q:$Q,MATCH("2019-10",Monthly!$A:$A,0)) -> 21.712258 | G13: =INDEX(Monthly!$Q:$Q,MATCH("2019-11",Monthly!$A:$A,0)) -> 20.740667 | H13: =INDEX(Monthly!$Q:$Q,MATCH("2019-12",Monthly!$A:$A,0)) -> 20.9 | I13: =INDEX(Monthly!$Q:$Q,MATCH("2020-01",Monthly!$A:$A,0)) -> 21.342581 | J13: =INDEX(Monthly!$Q:$Q,MATCH("2020-02",Monthly!$A:$A,0)) -> 22.377586 | K13: =INDEX(Monthly!$Q:$Q,MATCH("2020-03",Monthly!$A:$A,0)) -> 23.615806 | L13: =INDEX(Monthly!$Q:$Q,MATCH("2020-04",Monthly!$A:$A,0)) -> 27.101667 | M13: =INDEX(Monthly!$Q:$Q,MATCH("2020-05",Monthly!$A:$A,0)) -> 24.329677 | N13: =INDEX(Monthly!$Q:$Q,MATCH("2020-06",Monthly!$A:$A,0)) -> 21.985 | O13: =AVERAGE(C13:N13) -> 22.983341
A14: 2023/24 | B14: El Niño | C14: =INDEX(Monthly!$Q:$Q,MATCH("2023-07",Monthly!$A:$A,0)) -> 22.586452 | D14: =INDEX(Monthly!$Q:$Q,MATCH("2023-08",Monthly!$A:$A,0)) -> 23.352258 | E14: =INDEX(Monthly!$Q:$Q,MATCH("2023-09",Monthly!$A:$A,0)) -> 23.898 | F14: =INDEX(Monthly!$Q:$Q,MATCH("2023-10",Monthly!$A:$A,0)) -> 22.467742 | G14: =INDEX(Monthly!$Q:$Q,MATCH("2023-11",Monthly!$A:$A,0)) -> 21.122667 | H14: =INDEX(Monthly!$Q:$Q,MATCH("2023-12",Monthly!$A:$A,0)) -> 20.094516 | I14: =INDEX(Monthly!$Q:$Q,MATCH("2024-01",Monthly!$A:$A,0)) -> 20.747419 | J14: =INDEX(Monthly!$Q:$Q,MATCH("2024-02",Monthly!$A:$A,0)) -> 20.962414 | K14: =INDEX(Monthly!$Q:$Q,MATCH("2024-03",Monthly!$A:$A,0)) -> 25.484194 | L14: =INDEX(Monthly!$Q:$Q,MATCH("2024-04",Monthly!$A:$A,0)) -> 26.005667 | M14: =INDEX(Monthly!$Q:$Q,MATCH("2024-05",Monthly!$A:$A,0)) -> 27.280968 | N14: =INDEX(Monthly!$Q:$Q,MATCH("2024-06",Monthly!$A:$A,0)) -> 23.144 | O14: =AVERAGE(C14:N14) -> 23.095525
A15: Average El Niño | B15: 7 seasons | C15: =AVERAGE(C8:C14) -> 22.824608 | D15: =AVERAGE(D8:D14) -> 23.356544 | E15: =AVERAGE(E8:E14) -> 22.884762 | F15: =AVERAGE(F8:F14) -> 21.891705 | G15: =AVERAGE(G8:G14) -> 20.583095 | H15: =AVERAGE(H8:H14) -> 20.230645 | I15: =AVERAGE(I8:I14) -> 20.326728 | J15: =AVERAGE(J8:J14) -> 21.600823 | ... N15: =AVERAGE(N8:N14) -> 22.74181 | O15: =AVERAGE(C15:N15) -> 22.516773
A17: La Niña (9 seasons)
A18: 2005/06 | B18: La Niña | C18: =INDEX(Monthly!$Q:$Q,MATCH("2005-07",Monthly!$A:$A,0)) -> 22.002258 | D18: =INDEX(Monthly!$Q:$Q,MATCH("2005-08",Monthly!$A:$A,0)) -> 22.353871 | E18: =INDEX(Monthly!$Q:$Q,MATCH("2005-09",Monthly!$A:$A,0)) -> 22 | F18: =INDEX(Monthly!$Q:$Q,MATCH("2005-10",Monthly!$A:$A,0)) -> 20.72871 | G18: =INDEX(Monthly!$Q:$Q,MATCH("2005-11",Monthly!$A:$A,0)) -> 19.751333 | H18: =INDEX(Monthly!$Q:$Q,MATCH("2005-12",Monthly!$A:$A,0)) -> 20.613226 | I18: =INDEX(Monthly!$Q:$Q,MATCH("2006-01",Monthly!$A:$A,0)) -> 20.27 | J18: =INDEX(Monthly!$Q:$Q,MATCH("2006-02",Monthly!$A:$A,0)) -> 20.678929 | K18: =INDEX(Monthly!$Q:$Q,MATCH("2006-03",Monthly!$A:$A,0)) -> 23.187097 | L18: =INDEX(Monthly!$Q:$Q,MATCH("2006-04",Monthly!$A:$A,0)) -> 24.347 | M18: =INDEX(Monthly!$Q:$Q,MATCH("2006-05",Monthly!$A:$A,0)) -> 24.822581 | N18: =INDEX(Monthly!$Q:$Q,MATCH("2006-06",Monthly!$A:$A,0)) -> 22.343667 | O18: =AVERAGE(C18:N18) -> 21.924889
A19: 2007/08 | B19: La Niña | C19: =INDEX(Monthly!$Q:$Q,MATCH("2007-07",Monthly!$A:$A,0)) -> 22.554839 | D19: =INDEX(Monthly!$Q:$Q,MATCH("2007-08",Monthly!$A:$A,0)) -> 22.386129 | E19: =INDEX(Monthly!$Q:$Q,MATCH("2007-09",Monthly!$A:$A,0)) -> 21.39 | F19: =INDEX(Monthly!$Q:$Q,MATCH("2007-10",Monthly!$A:$A,0)) -> 20.509032 | G19: =INDEX(Monthly!$Q:$Q,MATCH("2007-11",Monthly!$A:$A,0)) -> 19.098667 | H19: =INDEX(Monthly!$Q:$Q,MATCH("2007-12",Monthly!$A:$A,0)) -> 18.827419 | I19: =INDEX(Monthly!$Q:$Q,MATCH("2008-01",Monthly!$A:$A,0)) -> 19.476774 | J19: =INDEX(Monthly!$Q:$Q,MATCH("2008-02",Monthly!$A:$A,0)) -> 21.523448 | K19: =INDEX(Monthly!$Q:$Q,MATCH("2008-03",Monthly!$A:$A,0)) -> 22.901935 | L19: =INDEX(Monthly!$Q:$Q,MATCH("2008-04",Monthly!$A:$A,0)) -> 24.436667 | M19: =INDEX(Monthly!$Q:$Q,MATCH("2008-05",Monthly!$A:$A,0)) -> 25.066129 | N19: =INDEX(Monthly!$Q:$Q,MATCH("2008-06",Monthly!$A:$A,0)) -> 22.063 | O19: =AVERAGE(C19:N19) -> 21.68617
A20: 2008/09 | B20: La Niña | C20: =INDEX(Monthly!$Q:$Q,MATCH("2008-07",Monthly!$A:$A,0)) -> 20.920323 | D20: =INDEX(Monthly!$Q:$Q,MATCH("2008-08",Monthly!$A:$A,0)) -> 21.499355 | E20: =INDEX(Monthly!$Q:$Q,MATCH("2008-09",Monthly!$A:$A,0)) -> 21.823667 | F20: =INDEX(Monthly!$Q:$Q,MATCH("2008-10",Monthly!$A:$A,0)) -> 20.555484 | G20: =INDEX(Monthly!$Q:$Q,MATCH("2008-11",Monthly!$A:$A,0)) -> 18.329333 | H20: =INDEX(Monthly!$Q:$Q,MATCH("2008-12",Monthly!$A:$A,0)) -> 18.084194 | I20: =INDEX(Monthly!$Q:$Q,MATCH("2009-01",Monthly!$A:$A,0)) -> 18.124839 | J20: =INDEX(Monthly!$Q:$Q,MATCH("2009-02",Monthly!$A:$A,0)) -> 19.190714 | K20: =INDEX(Monthly!$Q:$Q,MATCH("2009-03",Monthly!$A:$A,0)) -> 20.811613 | L20: =INDEX(Monthly!$Q:$Q,MATCH("2009-04",Monthly!$A:$A,0)) -> 24.516 | M20: =INDEX(Monthly!$Q:$Q,MATCH("2009-05",Monthly!$A:$A,0)) -> 23.329032 | N20: =INDEX(Monthly!$Q:$Q,MATCH("2009-06",Monthly!$A:$A,0)) -> 22.431333 | O20: =AVERAGE(C20:N20) -> 20.801324
A21: 2010/11 | B21: La Niña | C21: =INDEX(Monthly!$Q:$Q,MATCH("2010-07",Monthly!$A:$A,0)) -> 21.722903 | D21: =INDEX(Monthly!$Q:$Q,MATCH("2010-08",Monthly!$A:$A,0)) -> 21.827097 | E21: =INDEX(Monthly!$Q:$Q,MATCH("2010-09",Monthly!$A:$A,0)) -> 21.645 | F21: =INDEX(Monthly!$Q:$Q,MATCH("2010-10",Monthly!$A:$A,0)) -> 19.763548 | G21: =INDEX(Monthly!$Q:$Q,MATCH("2010-11",Monthly!$A:$A,0)) -> 18.627667 | H21: =INDEX(Monthly!$Q:$Q,MATCH("2010-12",Monthly!$A:$A,0)) -> 17.037097 | I21: =INDEX(Monthly!$Q:$Q,MATCH("2011-01",Monthly!$A:$A,0)) -> 19.704516 | J21: =INDEX(Monthly!$Q:$Q,MATCH("2011-02",Monthly!$A:$A,0)) -> 20.911071 | K21: =INDEX(Monthly!$Q:$Q,MATCH("2011-03",Monthly!$A:$A,0)) -> 21.889355 | L21: =INDEX(Monthly!$Q:$Q,MATCH("2011-04",Monthly!$A:$A,0)) -> 24.286333 | M21: =INDEX(Monthly!$Q:$Q,MATCH("2011-05",Monthly!$A:$A,0)) -> 24.112581 | N21: =INDEX(Monthly!$Q:$Q,MATCH("2011-06",Monthly!$A:$A,0)) -> 22.604 | O21: =AVERAGE(C21:N21) -> 21.177597
A22: 2011/12 | B22: La Niña | C22: =INDEX(Monthly!$Q:$Q,MATCH("2011-07",Monthly!$A:$A,0)) -> 21.600968 | D22: =INDEX(Monthly!$Q:$Q,MATCH("2011-08",Monthly!$A:$A,0)) -> 22.119355 | E22: =INDEX(Monthly!$Q:$Q,MATCH("2011-09",Monthly!$A:$A,0)) -> 21.698 | F22: =INDEX(Monthly!$Q:$Q,MATCH("2011-10",Monthly!$A:$A,0)) -> 19.907097 | G22: =INDEX(Monthly!$Q:$Q,MATCH("2011-11",Monthly!$A:$A,0)) -> 18.920333 | H22: =INDEX(Monthly!$Q:$Q,MATCH("2011-12",Monthly!$A:$A,0)) -> 18.165806 | I22: =INDEX(Monthly!$Q:$Q,MATCH("2012-01",Monthly!$A:$A,0)) -> 18.992258 | J22: =INDEX(Monthly!$Q:$Q,MATCH("2012-02",Monthly!$A:$A,0)) -> 21.104483 | K22: =INDEX(Monthly!$Q:$Q,MATCH("2012-03",Monthly!$A:$A,0)) -> 22.529677 | L22: =INDEX(Monthly!$Q:$Q,MATCH("2012-04",Monthly!$A:$A,0)) -> 23.510667 | M22: =INDEX(Monthly!$Q:$Q,MATCH("2012-05",Monthly!$A:$A,0)) -> 23.386774 | N22: =INDEX(Monthly!$Q:$Q,MATCH("2012-06",Monthly!$A:$A,0)) -> 22.377 | O22: =AVERAGE(C22:N22) -> 21.192702
A23: 2017/18 | B23: La Niña | C23: =INDEX(Monthly!$Q:$Q,MATCH("2017-07",Monthly!$A:$A,0)) -> 21.605484 | D23: =INDEX(Monthly!$Q:$Q,MATCH("2017-08",Monthly!$A:$A,0)) -> 21.970323 | E23: =INDEX(Monthly!$Q:$Q,MATCH("2017-09",Monthly!$A:$A,0)) -> 21.969 | F23: =INDEX(Monthly!$Q:$Q,MATCH("2017-10",Monthly!$A:$A,0)) -> 21.000645 | G23: =INDEX(Monthly!$Q:$Q,MATCH("2017-11",Monthly!$A:$A,0)) -> 19.259667 | H23: =INDEX(Monthly!$Q:$Q,MATCH("2017-12",Monthly!$A:$A,0)) -> 18.384516 | I23: =INDEX(Monthly!$Q:$Q,MATCH("2018-01",Monthly!$A:$A,0)) -> 17.995161 | J23: =INDEX(Monthly!$Q:$Q,MATCH("2018-02",Monthly!$A:$A,0)) -> 20.155 | K23: =INDEX(Monthly!$Q:$Q,MATCH("2018-03",Monthly!$A:$A,0)) -> 22.891613 | L23: =INDEX(Monthly!$Q:$Q,MATCH("2018-04",Monthly!$A:$A,0)) -> 24.055333 | M23: =INDEX(Monthly!$Q:$Q,MATCH("2018-05",Monthly!$A:$A,0)) -> 23.823226 | N23: =INDEX(Monthly!$Q:$Q,MATCH("2018-06",Monthly!$A:$A,0)) -> 21.637667 | O23: =AVERAGE(C23:N23) -> 21.22897
A24: 2020/21 | B24: La Niña | C24: =INDEX(Monthly!$Q:$Q,MATCH("2020-07",Monthly!$A:$A,0)) -> 22.038065 | D24: =INDEX(Monthly!$Q:$Q,MATCH("2020-08",Monthly!$A:$A,0)) -> 22.056129 | E24: =INDEX(Monthly!$Q:$Q,MATCH("2020-09",Monthly!$A:$A,0)) -> 22.277333 | F24: =INDEX(Monthly!$Q:$Q,MATCH("2020-10",Monthly!$A:$A,0)) -> 21.298387 | G24: =INDEX(Monthly!$Q:$Q,MATCH("2020-11",Monthly!$A:$A,0)) -> 20.58 | H24: =INDEX(Monthly!$Q:$Q,MATCH("2020-12",Monthly!$A:$A,0)) -> 18.617742 | I24: =INDEX(Monthly!$Q:$Q,MATCH("2021-01",Monthly!$A:$A,0)) -> 18.839355 | J24: =INDEX(Monthly!$Q:$Q,MATCH("2021-02",Monthly!$A:$A,0)) -> 19.291786 | K24: =INDEX(Monthly!$Q:$Q,MATCH("2021-03",Monthly!$A:$A,0)) -> 20.167097 | L24: =INDEX(Monthly!$Q:$Q,MATCH("2021-04",Monthly!$A:$A,0)) -> 22.113333 | M24: =INDEX(Monthly!$Q:$Q,MATCH("2021-05",Monthly!$A:$A,0)) -> 23.18871 | N24: =INDEX(Monthly!$Q:$Q,MATCH("2021-06",Monthly!$A:$A,0)) -> 22.597667 | O24: =AVERAGE(C24:N24) -> 21.0888
A25: 2021/22 | B25: La Niña | C25: =INDEX(Monthly!$Q:$Q,MATCH("2021-07",Monthly!$A:$A,0)) -> 22.078387 | D25: =INDEX(Monthly!$Q:$Q,MATCH("2021-08",Monthly!$A:$A,0)) -> 22.102581 | E25: =INDEX(Monthly!$Q:$Q,MATCH("2021-09",Monthly!$A:$A,0)) -> 22.141667 | F25: =INDEX(Monthly!$Q:$Q,MATCH("2021-10",Monthly!$A:$A,0)) -> 21.954839 | G25: =INDEX(Monthly!$Q:$Q,MATCH("2021-11",Monthly!$A:$A,0)) -> 19.435333 | H25: =INDEX(Monthly!$Q:$Q,MATCH("2021-12",Monthly!$A:$A,0)) -> 19.470645 | I25: =INDEX(Monthly!$Q:$Q,MATCH("2022-01",Monthly!$A:$A,0)) -> 19.239355 | J25: =INDEX(Monthly!$Q:$Q,MATCH("2022-02",Monthly!$A:$A,0)) -> 19.7975 | K25: =INDEX(Monthly!$Q:$Q,MATCH("2022-03",Monthly!$A:$A,0)) -> 22.239032 | L25: =INDEX(Monthly!$Q:$Q,MATCH("2022-04",Monthly!$A:$A,0)) -> 24.002 | M25: =INDEX(Monthly!$Q:$Q,MATCH("2022-05",Monthly!$A:$A,0)) -> 23.129355 | N25: =INDEX(Monthly!$Q:$Q,MATCH("2022-06",Monthly!$A:$A,0)) -> 21.362667 | O25: =AVERAGE(C25:N25) -> 21.41278
A26: 2022/23 | B26: La Niña | C26: =INDEX(Monthly!$Q:$Q,MATCH("2022-07",Monthly!$A:$A,0)) -> 21.585484 | D26: =INDEX(Monthly!$Q:$Q,MATCH("2022-08",Monthly!$A:$A,0)) -> 21.689677 | E26: =INDEX(Monthly!$Q:$Q,MATCH("2022-09",Monthly!$A:$A,0)) -> 21.654333 | F26: =INDEX(Monthly!$Q:$Q,MATCH("2022-10",Monthly!$A:$A,0)) -> 21.317097 | G26: =INDEX(Monthly!$Q:$Q,MATCH("2022-11",Monthly!$A:$A,0)) -> 20.48 | H26: =INDEX(Monthly!$Q:$Q,MATCH("2022-12",Monthly!$A:$A,0)) -> 18.74129 | I26: =INDEX(Monthly!$Q:$Q,MATCH("2023-01",Monthly!$A:$A,0)) -> 18.810968 | J26: =INDEX(Monthly!$Q:$Q,MATCH("2023-02",Monthly!$A:$A,0)) -> 19.983571 | K26: =INDEX(Monthly!$Q:$Q,MATCH("2023-03",Monthly!$A:$A,0)) -> 22.793548 | L26: =INDEX(Monthly!$Q:$Q,MATCH("2023-04",Monthly!$A:$A,0)) -> 24.466333 | M26: =INDEX(Monthly!$Q:$Q,MATCH("2023-05",Monthly!$A:$A,0)) -> 24.870968 | N26: =INDEX(Monthly!$Q:$Q,MATCH("2023-06",Monthly!$A:$A,0)) -> 23.17 | O26: =AVERAGE(C26:N26) -> 21.630273
A27: Average La Niña | B27: 9 seasons | C27: =AVERAGE(C18:C26) -> 21.789857 | D27: =AVERAGE(D18:D26) -> 22.000502 | E27: =AVERAGE(E18:E26) -> 21.844333 | F27: =AVERAGE(F18:F26) -> 20.781649 | G27: =AVERAGE(G18:G26) -> 19.386926 | H27: =AVERAGE(H18:H26) -> 18.660215 | I27: =AVERAGE(I18:I26) -> 19.050358 | J27: =AVERAGE(J18:J26) -> 20.292945 | ... N27: =AVERAGE(N18:N26) -> 22.287444 | O27: =AVERAGE(C27:N27) -> 21.349278
A29: Neutral (4 seasons)
A30: 2012/13 | B30: Neutral | C30: =INDEX(Monthly!$Q:$Q,MATCH("2012-07",Monthly!$A:$A,0)) -> 22.291613 | D30: =INDEX(Monthly!$Q:$Q,MATCH("2012-08",Monthly!$A:$A,0)) -> 22.382903 | E30: =INDEX(Monthly!$Q:$Q,MATCH("2012-09",Monthly!$A:$A,0)) -> 21.880333 | F30: =INDEX(Monthly!$Q:$Q,MATCH("2012-10",Monthly!$A:$A,0)) -> 20.74871 | G30: =INDEX(Monthly!$Q:$Q,MATCH("2012-11",Monthly!$A:$A,0)) -> 18.623667 | H30: =INDEX(Monthly!$Q:$Q,MATCH("2012-12",Monthly!$A:$A,0)) -> 19.635161 | I30: =INDEX(Monthly!$Q:$Q,MATCH("2013-01",Monthly!$A:$A,0)) -> 20.003871 | J30: =INDEX(Monthly!$Q:$Q,MATCH("2013-02",Monthly!$A:$A,0)) -> 21.887143 | K30: =INDEX(Monthly!$Q:$Q,MATCH("2013-03",Monthly!$A:$A,0)) -> 21.816774 | L30: =INDEX(Monthly!$Q:$Q,MATCH("2013-04",Monthly!$A:$A,0)) -> 25.029667 | M30: =INDEX(Monthly!$Q:$Q,MATCH("2013-05",Monthly!$A:$A,0)) -> 23.851613 | N30: =INDEX(Monthly!$Q:$Q,MATCH("2013-06",Monthly!$A:$A,0)) -> 22.178333 | O30: =AVERAGE(C30:N30) -> 21.694149
A31: 2013/14 | B31: Neutral | C31: =INDEX(Monthly!$Q:$Q,MATCH("2013-07",Monthly!$A:$A,0)) -> 22.001935 | D31: =INDEX(Monthly!$Q:$Q,MATCH("2013-08",Monthly!$A:$A,0)) -> 22.588065 | E31: =INDEX(Monthly!$Q:$Q,MATCH("2013-09",Monthly!$A:$A,0)) -> 21.831333 | F31: =INDEX(Monthly!$Q:$Q,MATCH("2013-10",Monthly!$A:$A,0)) -> 21.307742 | G31: =INDEX(Monthly!$Q:$Q,MATCH("2013-11",Monthly!$A:$A,0)) -> 19.931333 | H31: =INDEX(Monthly!$Q:$Q,MATCH("2013-12",Monthly!$A:$A,0)) -> 19.253548 | I31: =INDEX(Monthly!$Q:$Q,MATCH("2014-01",Monthly!$A:$A,0)) -> 18.579355 | J31: =INDEX(Monthly!$Q:$Q,MATCH("2014-02",Monthly!$A:$A,0)) -> 21.285 | K31: =INDEX(Monthly!$Q:$Q,MATCH("2014-03",Monthly!$A:$A,0)) -> 23.762258 | L31: =INDEX(Monthly!$Q:$Q,MATCH("2014-04",Monthly!$A:$A,0)) -> 25.248 | M31: =INDEX(Monthly!$Q:$Q,MATCH("2014-05",Monthly!$A:$A,0)) -> 24.043871 | N31: =INDEX(Monthly!$Q:$Q,MATCH("2014-06",Monthly!$A:$A,0)) -> 23.157 | O31: =AVERAGE(C31:N31) -> 21.915787
A32: 2016/17 | B32: Neutral | C32: =INDEX(Monthly!$Q:$Q,MATCH("2016-07",Monthly!$A:$A,0)) -> 22.88871 | D32: =INDEX(Monthly!$Q:$Q,MATCH("2016-08",Monthly!$A:$A,0)) -> 22.986129 | E32: =INDEX(Monthly!$Q:$Q,MATCH("2016-09",Monthly!$A:$A,0)) -> 22.424667 | F32: =INDEX(Monthly!$Q:$Q,MATCH("2016-10",Monthly!$A:$A,0)) -> 21.355161 | G32: =INDEX(Monthly!$Q:$Q,MATCH("2016-11",Monthly!$A:$A,0)) -> 20.351 | H32: =INDEX(Monthly!$Q:$Q,MATCH("2016-12",Monthly!$A:$A,0)) -> 20.567419 | I32: =INDEX(Monthly!$Q:$Q,MATCH("2017-01",Monthly!$A:$A,0)) -> 20.069032 | J32: =INDEX(Monthly!$Q:$Q,MATCH("2017-02",Monthly!$A:$A,0)) -> 22.255357 | K32: =INDEX(Monthly!$Q:$Q,MATCH("2017-03",Monthly!$A:$A,0)) -> 22.44 | L32: =INDEX(Monthly!$Q:$Q,MATCH("2017-04",Monthly!$A:$A,0)) -> 24.981333 | M32: =INDEX(Monthly!$Q:$Q,MATCH("2017-05",Monthly!$A:$A,0)) -> 23.623548 | N32: =INDEX(Monthly!$Q:$Q,MATCH("2017-06",Monthly!$A:$A,0)) -> 22.417 | O32: =AVERAGE(C32:N32) -> 22.196613
A33: 2024/25 | B33: Neutral | C33: =INDEX(Monthly!$Q:$Q,MATCH("2024-07",Monthly!$A:$A,0)) -> 22.366452 | D33: =INDEX(Monthly!$Q:$Q,MATCH("2024-08",Monthly!$A:$A,0)) -> 22.525484 | E33: =INDEX(Monthly!$Q:$Q,MATCH("2024-09",Monthly!$A:$A,0)) -> 22.814 | F33: =INDEX(Monthly!$Q:$Q,MATCH("2024-10",Monthly!$A:$A,0)) -> 21.645484 | G33: =INDEX(Monthly!$Q:$Q,MATCH("2024-11",Monthly!$A:$A,0)) -> 20.538333 | H33: =INDEX(Monthly!$Q:$Q,MATCH("2024-12",Monthly!$A:$A,0)) -> 19.526452 | I33: =INDEX(Monthly!$Q:$Q,MATCH("2025-01",Monthly!$A:$A,0)) -> 19.190323 | J33: =INDEX(Monthly!$Q:$Q,MATCH("2025-02",Monthly!$A:$A,0)) -> 20.02 | K33: =INDEX(Monthly!$Q:$Q,MATCH("2025-03",Monthly!$A:$A,0)) -> 22.072258 | L33: =INDEX(Monthly!$Q:$Q,MATCH("2025-04",Monthly!$A:$A,0)) -> 21.937667 | M33: =INDEX(Monthly!$Q:$Q,MATCH("2025-05",Monthly!$A:$A,0)) -> 24.806452 | N33: =INDEX(Monthly!$Q:$Q,MATCH("2025-06",Monthly!$A:$A,0)) -> 22.262 | O33: =AVERAGE(C33:N33) -> 21.642075
A34: Average Neutral | B34: 4 seasons | C34: =AVERAGE(C30:C33) -> 22.387177 | D34: =AVERAGE(D30:D33) -> 22.620645 | E34: =AVERAGE(E30:E33) -> 22.237583 | F34: =AVERAGE(F30:F33) -> 21.264274 | G34: =AVERAGE(G30:G33) -> 19.861083 | H34: =AVERAGE(H30:H33) -> 19.745645 | I34: =AVERAGE(I30:I33) -> 19.460645 | J34: =AVERAGE(J30:J33) -> 21.361875 | ... N34: =AVERAGE(N30:N33) -> 22.503583 | O34: =AVERAGE(C34:N34) -> 21.862156
A36: After the photo window (not in the averages)
A37: 2025/26 | B37: Neutral | C37: =INDEX(Monthly!$Q:$Q,MATCH("2025-07",Monthly!$A:$A,0)) -> 22.03871 | D37: =INDEX(Monthly!$Q:$Q,MATCH("2025-08",Monthly!$A:$A,0)) -> 22.722581 | E37: =INDEX(Monthly!$Q:$Q,MATCH("2025-09",Monthly!$A:$A,0)) -> 22.457333 | F37: =INDEX(Monthly!$Q:$Q,MATCH("2025-10",Monthly!$A:$A,0)) -> 21.337419 | G37: =INDEX(Monthly!$Q:$Q,MATCH("2025-11",Monthly!$A:$A,0)) -> 20.172 | H37: =INDEX(Monthly!$Q:$Q,MATCH("2025-12",Monthly!$A:$A,0)) -> 19.831613 | I37: =INDEX(Monthly!$Q:$Q,MATCH("2026-01",Monthly!$A:$A,0)) -> 19.039032 | J37: =INDEX(Monthly!$Q:$Q,MATCH("2026-02",Monthly!$A:$A,0)) -> 18.859286 | K37: =INDEX(Monthly!$Q:$Q,MATCH("2026-03",Monthly!$A:$A,0)) -> 21.568387 | L37: =INDEX(Monthly!$Q:$Q,MATCH("2026-04",Monthly!$A:$A,0)) -> 21.735 | M37: =INDEX(Monthly!$Q:$Q,MATCH("2026-05",Monthly!$A:$A,0)) -> 24.451935 | N37: =INDEX(Monthly!$Q:$Q,MATCH("2026-06",Monthly!$A:$A,0)) -> 23.448667 | O37: =AVERAGE(C37:N37) -> 21.47183
A38: 2026/27 | B38: El Niño (in progress) | C38: =INDEX(Monthly!$Q:$Q,MATCH("2026-07",Monthly!$A:$A,0)) -> 23.522581 | D38: =INDEX(Monthly!$Q:$Q,MATCH("2026-08",Monthly!$A:$A,0)) -> 23.580968
A41: Monthly rainfall (mm) — sum of daily rainfall from rain gauges (NOAA CPC)
A42: Season | B42: Phase | C42: Jul | D42: Aug | E42: Sep | F42: Oct | G42: Nov | H42: Dec | I42: Jan | J42: Feb | K42: Mar | L42: Apr | M42: May | N42: Jun | O42: Season total
A43: El Niño (7 seasons)
A44: 2006/07 | B44: El Niño | C44: =INDEX(Monthly!$P:$P,MATCH("2006-07",Monthly!$A:$A,0)) -> 140.11 | D44: =INDEX(Monthly!$P:$P,MATCH("2006-08",Monthly!$A:$A,0)) -> 54.827 | E44: =INDEX(Monthly!$P:$P,MATCH("2006-09",Monthly!$A:$A,0)) -> 183.784 | F44: =INDEX(Monthly!$P:$P,MATCH("2006-10",Monthly!$A:$A,0)) -> 172.228 | G44: =INDEX(Monthly!$P:$P,MATCH("2006-11",Monthly!$A:$A,0)) -> 55.998 | H44: =INDEX(Monthly!$P:$P,MATCH("2006-12",Monthly!$A:$A,0)) -> 32.25 | I44: =INDEX(Monthly!$P:$P,MATCH("2007-01",Monthly!$A:$A,0)) -> 2.74 | J44: =INDEX(Monthly!$P:$P,MATCH("2007-02",Monthly!$A:$A,0)) -> 2.085 | K44: =INDEX(Monthly!$P:$P,MATCH("2007-03",Monthly!$A:$A,0)) -> 5.48 | L44: =INDEX(Monthly!$P:$P,MATCH("2007-04",Monthly!$A:$A,0)) -> 58.081 | M44: =INDEX(Monthly!$P:$P,MATCH("2007-05",Monthly!$A:$A,0)) -> 77.63 | N44: =INDEX(Monthly!$P:$P,MATCH("2007-06",Monthly!$A:$A,0)) -> 191.058 | O44: =SUM(C44:N44) -> 976.271
A45: 2009/10 | B45: El Niño | C45: =INDEX(Monthly!$P:$P,MATCH("2009-07",Monthly!$A:$A,0)) -> 154.351 | D45: =INDEX(Monthly!$P:$P,MATCH("2009-08",Monthly!$A:$A,0)) -> 159.515 | E45: =INDEX(Monthly!$P:$P,MATCH("2009-09",Monthly!$A:$A,0)) -> 157.755 | F45: =INDEX(Monthly!$P:$P,MATCH("2009-10",Monthly!$A:$A,0)) -> 88.816 | G45: =INDEX(Monthly!$P:$P,MATCH("2009-11",Monthly!$A:$A,0)) -> 101.03 | H45: =INDEX(Monthly!$P:$P,MATCH("2009-12",Monthly!$A:$A,0)) -> 34.142 | I45: =INDEX(Monthly!$P:$P,MATCH("2010-01",Monthly!$A:$A,0)) -> 1.428 | J45: =INDEX(Monthly!$P:$P,MATCH("2010-02",Monthly!$A:$A,0)) -> 1.67 | K45: =INDEX(Monthly!$P:$P,MATCH("2010-03",Monthly!$A:$A,0)) -> 0.995 | L45: =INDEX(Monthly!$P:$P,MATCH("2010-04",Monthly!$A:$A,0)) -> 111.742 | M45: =INDEX(Monthly!$P:$P,MATCH("2010-05",Monthly!$A:$A,0)) -> 320.1 | N45: =INDEX(Monthly!$P:$P,MATCH("2010-06",Monthly!$A:$A,0)) -> 250.838 | O45: =SUM(C45:N45) -> 1382.382
A46: 2014/15 | B46: El Niño | C46: =INDEX(Monthly!$P:$P,MATCH("2014-07",Monthly!$A:$A,0)) -> 29.379 | D46: =INDEX(Monthly!$P:$P,MATCH("2014-08",Monthly!$A:$A,0)) -> 164.523 | E46: =INDEX(Monthly!$P:$P,MATCH("2014-09",Monthly!$A:$A,0)) -> 210.235 | F46: =INDEX(Monthly!$P:$P,MATCH("2014-10",Monthly!$A:$A,0)) -> 153.326 | G46: =INDEX(Monthly!$P:$P,MATCH("2014-11",Monthly!$A:$A,0)) -> 33.889 | H46: =INDEX(Monthly!$P:$P,MATCH("2014-12",Monthly!$A:$A,0)) -> 2.653 | I46: =INDEX(Monthly!$P:$P,MATCH("2015-01",Monthly!$A:$A,0)) -> 5.953 | J46: =INDEX(Monthly!$P:$P,MATCH("2015-02",Monthly!$A:$A,0)) -> 3.411 | K46: =INDEX(Monthly!$P:$P,MATCH("2015-03",Monthly!$A:$A,0)) -> 12.708 | L46: =INDEX(Monthly!$P:$P,MATCH("2015-04",Monthly!$A:$A,0)) -> 27.371 | M46: =INDEX(Monthly!$P:$P,MATCH("2015-05",Monthly!$A:$A,0)) -> 37.529 | N46: =INDEX(Monthly!$P:$P,MATCH("2015-06",Monthly!$A:$A,0)) -> 189.803 | O46: =SUM(C46:N46) -> 870.78
A47: 2015/16 | B47: El Niño | C47: =INDEX(Monthly!$P:$P,MATCH("2015-07",Monthly!$A:$A,0)) -> 22.655 | D47: =INDEX(Monthly!$P:$P,MATCH("2015-08",Monthly!$A:$A,0)) -> 49.157 | E47: =INDEX(Monthly!$P:$P,MATCH("2015-09",Monthly!$A:$A,0)) -> 217.192 | F47: =INDEX(Monthly!$P:$P,MATCH("2015-10",Monthly!$A:$A,0)) -> 217.079 | G47: =INDEX(Monthly!$P:$P,MATCH("2015-11",Monthly!$A:$A,0)) -> 69.095 | H47: =INDEX(Monthly!$P:$P,MATCH("2015-12",Monthly!$A:$A,0)) -> 33.277 | I47: =INDEX(Monthly!$P:$P,MATCH("2016-01",Monthly!$A:$A,0)) -> 1.265 | J47: =INDEX(Monthly!$P:$P,MATCH("2016-02",Monthly!$A:$A,0)) -> 7.57 | K47: =INDEX(Monthly!$P:$P,MATCH("2016-03",Monthly!$A:$A,0)) -> 29.937 | L47: =INDEX(Monthly!$P:$P,MATCH("2016-04",Monthly!$A:$A,0)) -> 38.327 | M47: =INDEX(Monthly!$P:$P,MATCH("2016-05",Monthly!$A:$A,0)) -> 94.403 | N47: =INDEX(Monthly!$P:$P,MATCH("2016-06",Monthly!$A:$A,0)) -> 165.26 | O47: =SUM(C47:N47) -> 945.217
A48: 2018/19 | B48: El Niño | C48: =INDEX(Monthly!$P:$P,MATCH("2018-07",Monthly!$A:$A,0)) -> 67.395 | D48: =INDEX(Monthly!$P:$P,MATCH("2018-08",Monthly!$A:$A,0)) -> 136.17 | E48: =INDEX(Monthly!$P:$P,MATCH("2018-09",Monthly!$A:$A,0)) -> 134.23 | F48: =INDEX(Monthly!$P:$P,MATCH("2018-10",Monthly!$A:$A,0)) -> 158.318 | G48: =INDEX(Monthly!$P:$P,MATCH("2018-11",Monthly!$A:$A,0)) -> 9.031 | H48: =INDEX(Monthly!$P:$P,MATCH("2018-12",Monthly!$A:$A,0)) -> 1.151 | I48: =INDEX(Monthly!$P:$P,MATCH("2019-01",Monthly!$A:$A,0)) -> 6.217 | J48: =INDEX(Monthly!$P:$P,MATCH("2019-02",Monthly!$A:$A,0)) -> 4.738 | K48: =INDEX(Monthly!$P:$P,MATCH("2019-03",Monthly!$A:$A,0)) -> 0.058 | L48: =INDEX(Monthly!$P:$P,MATCH("2019-04",Monthly!$A:$A,0)) -> 24.923 | M48: =INDEX(Monthly!$P:$P,MATCH("2019-05",Monthly!$A:$A,0)) -> 135.363 | N48: =INDEX(Monthly!$P:$P,MATCH("2019-06",Monthly!$A:$A,0)) -> 147.869 | O48: =SUM(C48:N48) -> 825.463
A49: 2019/20 | B49: El Niño | C49: =INDEX(Monthly!$P:$P,MATCH("2019-07",Monthly!$A:$A,0)) -> 95.932 | D49: =INDEX(Monthly!$P:$P,MATCH("2019-08",Monthly!$A:$A,0)) -> 152.612 | E49: =INDEX(Monthly!$P:$P,MATCH("2019-09",Monthly!$A:$A,0)) -> 238.234 | F49: =INDEX(Monthly!$P:$P,MATCH("2019-10",Monthly!$A:$A,0)) -> 219.873 | G49: =INDEX(Monthly!$P:$P,MATCH("2019-11",Monthly!$A:$A,0)) -> 16.164 | H49: =INDEX(Monthly!$P:$P,MATCH("2019-12",Monthly!$A:$A,0)) -> 1.978 | I49: =INDEX(Monthly!$P:$P,MATCH("2020-01",Monthly!$A:$A,0)) -> 1.587 | J49: =INDEX(Monthly!$P:$P,MATCH("2020-02",Monthly!$A:$A,0)) -> 2.659 | K49: =INDEX(Monthly!$P:$P,MATCH("2020-03",Monthly!$A:$A,0)) -> 1.387 | L49: =INDEX(Monthly!$P:$P,MATCH("2020-04",Monthly!$A:$A,0)) -> 5.584 | M49: =INDEX(Monthly!$P:$P,MATCH("2020-05",Monthly!$A:$A,0)) -> 236.887 | N49: =INDEX(Monthly!$P:$P,MATCH("2020-06",Monthly!$A:$A,0)) -> 150.196 | O49: =SUM(C49:N49) -> 1123.093
A50: 2023/24 | B50: El Niño | C50: =INDEX(Monthly!$P:$P,MATCH("2023-07",Monthly!$A:$A,0)) -> 123.986 | D50: =INDEX(Monthly!$P:$P,MATCH("2023-08",Monthly!$A:$A,0)) -> 126.224 | E50: =INDEX(Monthly!$P:$P,MATCH("2023-09",Monthly!$A:$A,0)) -> 129.244 | F50: =INDEX(Monthly!$P:$P,MATCH("2023-10",Monthly!$A:$A,0)) -> 150.182 | G50: =INDEX(Monthly!$P:$P,MATCH("2023-11",Monthly!$A:$A,0)) -> 46.69 | H50: =INDEX(Monthly!$P:$P,MATCH("2023-12",Monthly!$A:$A,0)) -> 4.388 | I50: =INDEX(Monthly!$P:$P,MATCH("2024-01",Monthly!$A:$A,0)) -> 1.022 | J50: =INDEX(Monthly!$P:$P,MATCH("2024-02",Monthly!$A:$A,0)) -> 7.439 | K50: =INDEX(Monthly!$P:$P,MATCH("2024-03",Monthly!$A:$A,0)) -> 1.476 | L50: =INDEX(Monthly!$P:$P,MATCH("2024-04",Monthly!$A:$A,0)) -> 41.687 | M50: =INDEX(Monthly!$P:$P,MATCH("2024-05",Monthly!$A:$A,0)) -> 45.13 | N50: =INDEX(Monthly!$P:$P,MATCH("2024-06",Monthly!$A:$A,0)) -> 349.51 | O50: =SUM(C50:N50) -> 1026.978
A51: Average El Niño | B51: 7 seasons | C51: =AVERAGE(C44:C50) -> 90.544 | D51: =AVERAGE(D44:D50) -> 120.43257 | E51: =AVERAGE(E44:E50) -> 181.52486 | F51: =AVERAGE(F44:F50) -> 165.68886 | G51: =AVERAGE(G44:G50) -> 47.413857 | H51: =AVERAGE(H44:H50) -> 15.691286 | I51: =AVERAGE(I44:I50) -> 2.8874286 | J51: =AVERAGE(J44:J50) -> 4.2245714 | ... N51: =AVERAGE(N44:N50) -> 206.362 | O51: =SUM(C51:N51) -> 1021.4549
A53: La Niña (9 seasons)
A54: 2005/06 | B54: La Niña | C54: =INDEX(Monthly!$P:$P,MATCH("2005-07",Monthly!$A:$A,0)) -> 151.869 | D54: =INDEX(Monthly!$P:$P,MATCH("2005-08",Monthly!$A:$A,0)) -> 170.789 | E54: =INDEX(Monthly!$P:$P,MATCH("2005-09",Monthly!$A:$A,0)) -> 165.032 | F54: =INDEX(Monthly!$P:$P,MATCH("2005-10",Monthly!$A:$A,0)) -> 106.964 | G54: =INDEX(Monthly!$P:$P,MATCH("2005-11",Monthly!$A:$A,0)) -> 10.746 | H54: =INDEX(Monthly!$P:$P,MATCH("2005-12",Monthly!$A:$A,0)) -> 5.216 | I54: =INDEX(Monthly!$P:$P,MATCH("2006-01",Monthly!$A:$A,0)) -> 4.962 | J54: =INDEX(Monthly!$P:$P,MATCH("2006-02",Monthly!$A:$A,0)) -> 0.79 | K54: =INDEX(Monthly!$P:$P,MATCH("2006-03",Monthly!$A:$A,0)) -> 0.797 | L54: =INDEX(Monthly!$P:$P,MATCH("2006-04",Monthly!$A:$A,0)) -> 25.603 | M54: =INDEX(Monthly!$P:$P,MATCH("2006-05",Monthly!$A:$A,0)) -> 71.343 | N54: =INDEX(Monthly!$P:$P,MATCH("2006-06",Monthly!$A:$A,0)) -> 213.956 | O54: =SUM(C54:N54) -> 928.067
A55: 2007/08 | B55: La Niña | C55: =INDEX(Monthly!$P:$P,MATCH("2007-07",Monthly!$A:$A,0)) -> 146.112 | D55: =INDEX(Monthly!$P:$P,MATCH("2007-08",Monthly!$A:$A,0)) -> 196.552 | E55: =INDEX(Monthly!$P:$P,MATCH("2007-09",Monthly!$A:$A,0)) -> 269.679 | F55: =INDEX(Monthly!$P:$P,MATCH("2007-10",Monthly!$A:$A,0)) -> 197.275 | G55: =INDEX(Monthly!$P:$P,MATCH("2007-11",Monthly!$A:$A,0)) -> 9.777 | H55: =INDEX(Monthly!$P:$P,MATCH("2007-12",Monthly!$A:$A,0)) -> 3.293 | I55: =INDEX(Monthly!$P:$P,MATCH("2008-01",Monthly!$A:$A,0)) -> 5.726 | J55: =INDEX(Monthly!$P:$P,MATCH("2008-02",Monthly!$A:$A,0)) -> 6.983 | K55: =INDEX(Monthly!$P:$P,MATCH("2008-03",Monthly!$A:$A,0)) -> 4.322 | L55: =INDEX(Monthly!$P:$P,MATCH("2008-04",Monthly!$A:$A,0)) -> 32.516 | M55: =INDEX(Monthly!$P:$P,MATCH("2008-05",Monthly!$A:$A,0)) -> 139.098 | N55: =INDEX(Monthly!$P:$P,MATCH("2008-06",Monthly!$A:$A,0)) -> 172.321 | O55: =SUM(C55:N55) -> 1183.654
A56: 2008/09 | B56: La Niña | C56: =INDEX(Monthly!$P:$P,MATCH("2008-07",Monthly!$A:$A,0)) -> 298.911 | D56: =INDEX(Monthly!$P:$P,MATCH("2008-08",Monthly!$A:$A,0)) -> 261.903 | E56: =INDEX(Monthly!$P:$P,MATCH("2008-09",Monthly!$A:$A,0)) -> 298.214 | F56: =INDEX(Monthly!$P:$P,MATCH("2008-10",Monthly!$A:$A,0)) -> 207.098 | G56: =INDEX(Monthly!$P:$P,MATCH("2008-11",Monthly!$A:$A,0)) -> 3.902 | H56: =INDEX(Monthly!$P:$P,MATCH("2008-12",Monthly!$A:$A,0)) -> 6.58 | I56: =INDEX(Monthly!$P:$P,MATCH("2009-01",Monthly!$A:$A,0)) -> 4.084 | J56: =INDEX(Monthly!$P:$P,MATCH("2009-02",Monthly!$A:$A,0)) -> 4.438 | K56: =INDEX(Monthly!$P:$P,MATCH("2009-03",Monthly!$A:$A,0)) -> 1.058 | L56: =INDEX(Monthly!$P:$P,MATCH("2009-04",Monthly!$A:$A,0)) -> 9.363 | M56: =INDEX(Monthly!$P:$P,MATCH("2009-05",Monthly!$A:$A,0)) -> 247.94 | N56: =INDEX(Monthly!$P:$P,MATCH("2009-06",Monthly!$A:$A,0)) -> 351.166 | O56: =SUM(C56:N56) -> 1694.657
A57: 2010/11 | B57: La Niña | C57: =INDEX(Monthly!$P:$P,MATCH("2010-07",Monthly!$A:$A,0)) -> 280.249 | D57: =INDEX(Monthly!$P:$P,MATCH("2010-08",Monthly!$A:$A,0)) -> 274.56 | E57: =INDEX(Monthly!$P:$P,MATCH("2010-09",Monthly!$A:$A,0)) -> 232.771 | F57: =INDEX(Monthly!$P:$P,MATCH("2010-10",Monthly!$A:$A,0)) -> 19.304 | G57: =INDEX(Monthly!$P:$P,MATCH("2010-11",Monthly!$A:$A,0)) -> 7.254 | H57: =INDEX(Monthly!$P:$P,MATCH("2010-12",Monthly!$A:$A,0)) -> 0.626 | I57: =INDEX(Monthly!$P:$P,MATCH("2011-01",Monthly!$A:$A,0)) -> 7.491 | J57: =INDEX(Monthly!$P:$P,MATCH("2011-02",Monthly!$A:$A,0)) -> 31.816 | K57: =INDEX(Monthly!$P:$P,MATCH("2011-03",Monthly!$A:$A,0)) -> 17.813 | L57: =INDEX(Monthly!$P:$P,MATCH("2011-04",Monthly!$A:$A,0)) -> 62.379 | M57: =INDEX(Monthly!$P:$P,MATCH("2011-05",Monthly!$A:$A,0)) -> 114.301 | N57: =INDEX(Monthly!$P:$P,MATCH("2011-06",Monthly!$A:$A,0)) -> 257.146 | O57: =SUM(C57:N57) -> 1305.71
A58: 2011/12 | B58: La Niña | C58: =INDEX(Monthly!$P:$P,MATCH("2011-07",Monthly!$A:$A,0)) -> 287.013 | D58: =INDEX(Monthly!$P:$P,MATCH("2011-08",Monthly!$A:$A,0)) -> 196.656 | E58: =INDEX(Monthly!$P:$P,MATCH("2011-09",Monthly!$A:$A,0)) -> 260.758 | F58: =INDEX(Monthly!$P:$P,MATCH("2011-10",Monthly!$A:$A,0)) -> 206.703 | G58: =INDEX(Monthly!$P:$P,MATCH("2011-11",Monthly!$A:$A,0)) -> 39.889 | H58: =INDEX(Monthly!$P:$P,MATCH("2011-12",Monthly!$A:$A,0)) -> 1.438 | I58: =INDEX(Monthly!$P:$P,MATCH("2012-01",Monthly!$A:$A,0)) -> 0.812 | J58: =INDEX(Monthly!$P:$P,MATCH("2012-02",Monthly!$A:$A,0)) -> 1.852 | K58: =INDEX(Monthly!$P:$P,MATCH("2012-03",Monthly!$A:$A,0)) -> 8.166 | L58: =INDEX(Monthly!$P:$P,MATCH("2012-04",Monthly!$A:$A,0)) -> 92.497 | M58: =INDEX(Monthly!$P:$P,MATCH("2012-05",Monthly!$A:$A,0)) -> 221.187 | N58: =INDEX(Monthly!$P:$P,MATCH("2012-06",Monthly!$A:$A,0)) -> 114.424 | O58: =SUM(C58:N58) -> 1431.395
A59: 2017/18 | B59: La Niña | C59: =INDEX(Monthly!$P:$P,MATCH("2017-07",Monthly!$A:$A,0)) -> 171.605 | D59: =INDEX(Monthly!$P:$P,MATCH("2017-08",Monthly!$A:$A,0)) -> 122.604 | E59: =INDEX(Monthly!$P:$P,MATCH("2017-09",Monthly!$A:$A,0)) -> 351.863 | F59: =INDEX(Monthly!$P:$P,MATCH("2017-10",Monthly!$A:$A,0)) -> 135.644 | G59: =INDEX(Monthly!$P:$P,MATCH("2017-11",Monthly!$A:$A,0)) -> 3.673 | H59: =INDEX(Monthly!$P:$P,MATCH("2017-12",Monthly!$A:$A,0)) -> 17.946 | I59: =INDEX(Monthly!$P:$P,MATCH("2018-01",Monthly!$A:$A,0)) -> 0.812 | J59: =INDEX(Monthly!$P:$P,MATCH("2018-02",Monthly!$A:$A,0)) -> 2.899 | K59: =INDEX(Monthly!$P:$P,MATCH("2018-03",Monthly!$A:$A,0)) -> 0.497 | L59: =INDEX(Monthly!$P:$P,MATCH("2018-04",Monthly!$A:$A,0)) -> 81.822 | M59: =INDEX(Monthly!$P:$P,MATCH("2018-05",Monthly!$A:$A,0)) -> 206.764 | N59: =INDEX(Monthly!$P:$P,MATCH("2018-06",Monthly!$A:$A,0)) -> 193.913 | O59: =SUM(C59:N59) -> 1290.042
A60: 2020/21 | B60: La Niña | C60: =INDEX(Monthly!$P:$P,MATCH("2020-07",Monthly!$A:$A,0)) -> 133.289 | D60: =INDEX(Monthly!$P:$P,MATCH("2020-08",Monthly!$A:$A,0)) -> 220.559 | E60: =INDEX(Monthly!$P:$P,MATCH("2020-09",Monthly!$A:$A,0)) -> 241.907 | F60: =INDEX(Monthly!$P:$P,MATCH("2020-10",Monthly!$A:$A,0)) -> 140.191 | G60: =INDEX(Monthly!$P:$P,MATCH("2020-11",Monthly!$A:$A,0)) -> 212.268 | H60: =INDEX(Monthly!$P:$P,MATCH("2020-12",Monthly!$A:$A,0)) -> 3.37 | I60: =INDEX(Monthly!$P:$P,MATCH("2021-01",Monthly!$A:$A,0)) -> 2.95 | J60: =INDEX(Monthly!$P:$P,MATCH("2021-02",Monthly!$A:$A,0)) -> 7.916 | K60: =INDEX(Monthly!$P:$P,MATCH("2021-03",Monthly!$A:$A,0)) -> 3.218 | L60: =INDEX(Monthly!$P:$P,MATCH("2021-04",Monthly!$A:$A,0)) -> 186.406 | M60: =INDEX(Monthly!$P:$P,MATCH("2021-05",Monthly!$A:$A,0)) -> 104.648 | N60: =INDEX(Monthly!$P:$P,MATCH("2021-06",Monthly!$A:$A,0)) -> 227.072 | O60: =SUM(C60:N60) -> 1483.794
A61: 2021/22 | B61: La Niña | C61: =INDEX(Monthly!$P:$P,MATCH("2021-07",Monthly!$A:$A,0)) -> 109.618 | D61: =INDEX(Monthly!$P:$P,MATCH("2021-08",Monthly!$A:$A,0)) -> 232.284 | E61: =INDEX(Monthly!$P:$P,MATCH("2021-09",Monthly!$A:$A,0)) -> 152.37 | F61: =INDEX(Monthly!$P:$P,MATCH("2021-10",Monthly!$A:$A,0)) -> 175.261 | G61: =INDEX(Monthly!$P:$P,MATCH("2021-11",Monthly!$A:$A,0)) -> 4.951 | H61: =INDEX(Monthly!$P:$P,MATCH("2021-12",Monthly!$A:$A,0)) -> 2.482 | I61: =INDEX(Monthly!$P:$P,MATCH("2022-01",Monthly!$A:$A,0)) -> 11.926 | J61: =INDEX(Monthly!$P:$P,MATCH("2022-02",Monthly!$A:$A,0)) -> 3.674 | K61: =INDEX(Monthly!$P:$P,MATCH("2022-03",Monthly!$A:$A,0)) -> 12.942 | L61: =INDEX(Monthly!$P:$P,MATCH("2022-04",Monthly!$A:$A,0)) -> 52.999 | M61: =INDEX(Monthly!$P:$P,MATCH("2022-05",Monthly!$A:$A,0)) -> 202.91 | N61: =INDEX(Monthly!$P:$P,MATCH("2022-06",Monthly!$A:$A,0)) -> 250.556 | O61: =SUM(C61:N61) -> 1211.973
A62: 2022/23 | B62: La Niña | C62: =INDEX(Monthly!$P:$P,MATCH("2022-07",Monthly!$A:$A,0)) -> 105.332 | D62: =INDEX(Monthly!$P:$P,MATCH("2022-08",Monthly!$A:$A,0)) -> 260.849 | E62: =INDEX(Monthly!$P:$P,MATCH("2022-09",Monthly!$A:$A,0)) -> 374.691 | F62: =INDEX(Monthly!$P:$P,MATCH("2022-10",Monthly!$A:$A,0)) -> 118.201 | G62: =INDEX(Monthly!$P:$P,MATCH("2022-11",Monthly!$A:$A,0)) -> 94.025 | H62: =INDEX(Monthly!$P:$P,MATCH("2022-12",Monthly!$A:$A,0)) -> 0.84 | I62: =INDEX(Monthly!$P:$P,MATCH("2023-01",Monthly!$A:$A,0)) -> 0.51 | J62: =INDEX(Monthly!$P:$P,MATCH("2023-02",Monthly!$A:$A,0)) -> 0.191 | K62: =INDEX(Monthly!$P:$P,MATCH("2023-03",Monthly!$A:$A,0)) -> 45.268 | L62: =INDEX(Monthly!$P:$P,MATCH("2023-04",Monthly!$A:$A,0)) -> 46.054 | M62: =INDEX(Monthly!$P:$P,MATCH("2023-05",Monthly!$A:$A,0)) -> 179.627 | N62: =INDEX(Monthly!$P:$P,MATCH("2023-06",Monthly!$A:$A,0)) -> 160.229 | O62: =SUM(C62:N62) -> 1385.817
A63: Average La Niña | B63: 9 seasons | C63: =AVERAGE(C54:C62) -> 187.11089 | D63: =AVERAGE(D54:D62) -> 215.19511 | E63: =AVERAGE(E54:E62) -> 260.80944 | F63: =AVERAGE(F54:F62) -> 145.18233 | G63: =AVERAGE(G54:G62) -> 42.942778 | H63: =AVERAGE(H54:H62) -> 4.6434444 | I63: =AVERAGE(I54:I62) -> 4.3636667 | J63: =AVERAGE(J54:J62) -> 6.7287778 | ... N63: =AVERAGE(N54:N62) -> 215.64256 | O63: =SUM(C63:N63) -> 1323.901
A65: Neutral (4 seasons)
A66: 2012/13 | B66: Neutral | C66: =INDEX(Monthly!$P:$P,MATCH("2012-07",Monthly!$A:$A,0)) -> 57.525 | D66: =INDEX(Monthly!$P:$P,MATCH("2012-08",Monthly!$A:$A,0)) -> 260.43 | E66: =INDEX(Monthly!$P:$P,MATCH("2012-09",Monthly!$A:$A,0)) -> 129.681 | F66: =INDEX(Monthly!$P:$P,MATCH("2012-10",Monthly!$A:$A,0)) -> 204.47 | G66: =INDEX(Monthly!$P:$P,MATCH("2012-11",Monthly!$A:$A,0)) -> 12.4 | H66: =INDEX(Monthly!$P:$P,MATCH("2012-12",Monthly!$A:$A,0)) -> 33.902 | I66: =INDEX(Monthly!$P:$P,MATCH("2013-01",Monthly!$A:$A,0)) -> 7.226 | J66: =INDEX(Monthly!$P:$P,MATCH("2013-02",Monthly!$A:$A,0)) -> 3.569 | K66: =INDEX(Monthly!$P:$P,MATCH("2013-03",Monthly!$A:$A,0)) -> 23.84 | L66: =INDEX(Monthly!$P:$P,MATCH("2013-04",Monthly!$A:$A,0)) -> 23.036 | M66: =INDEX(Monthly!$P:$P,MATCH("2013-05",Monthly!$A:$A,0)) -> 215.504 | N66: =INDEX(Monthly!$P:$P,MATCH("2013-06",Monthly!$A:$A,0)) -> 128.901 | O66: =SUM(C66:N66) -> 1100.484
A67: 2013/14 | B67: Neutral | C67: =INDEX(Monthly!$P:$P,MATCH("2013-07",Monthly!$A:$A,0)) -> 81.626 | D67: =INDEX(Monthly!$P:$P,MATCH("2013-08",Monthly!$A:$A,0)) -> 173.755 | E67: =INDEX(Monthly!$P:$P,MATCH("2013-09",Monthly!$A:$A,0)) -> 311.456 | F67: =INDEX(Monthly!$P:$P,MATCH("2013-10",Monthly!$A:$A,0)) -> 151.359 | G67: =INDEX(Monthly!$P:$P,MATCH("2013-11",Monthly!$A:$A,0)) -> 30.635 | H67: =INDEX(Monthly!$P:$P,MATCH("2013-12",Monthly!$A:$A,0)) -> 12.221 | I67: =INDEX(Monthly!$P:$P,MATCH("2014-01",Monthly!$A:$A,0)) -> 13.41 | J67: =INDEX(Monthly!$P:$P,MATCH("2014-02",Monthly!$A:$A,0)) -> 9.612 | K67: =INDEX(Monthly!$P:$P,MATCH("2014-03",Monthly!$A:$A,0)) -> 3.138 | L67: =INDEX(Monthly!$P:$P,MATCH("2014-04",Monthly!$A:$A,0)) -> 5.382 | M67: =INDEX(Monthly!$P:$P,MATCH("2014-05",Monthly!$A:$A,0)) -> 92.647 | N67: =INDEX(Monthly!$P:$P,MATCH("2014-06",Monthly!$A:$A,0)) -> 128.357 | O67: =SUM(C67:N67) -> 1013.598
A68: 2016/17 | B68: Neutral | C68: =INDEX(Monthly!$P:$P,MATCH("2016-07",Monthly!$A:$A,0)) -> 71.837 | D68: =INDEX(Monthly!$P:$P,MATCH("2016-08",Monthly!$A:$A,0)) -> 154.676 | E68: =INDEX(Monthly!$P:$P,MATCH("2016-09",Monthly!$A:$A,0)) -> 93.253 | F68: =INDEX(Monthly!$P:$P,MATCH("2016-10",Monthly!$A:$A,0)) -> 124.823 | G68: =INDEX(Monthly!$P:$P,MATCH("2016-11",Monthly!$A:$A,0)) -> 19.88 | H68: =INDEX(Monthly!$P:$P,MATCH("2016-12",Monthly!$A:$A,0)) -> 17.905 | I68: =INDEX(Monthly!$P:$P,MATCH("2017-01",Monthly!$A:$A,0)) -> 5.523 | J68: =INDEX(Monthly!$P:$P,MATCH("2017-02",Monthly!$A:$A,0)) -> 0.866 | K68: =INDEX(Monthly!$P:$P,MATCH("2017-03",Monthly!$A:$A,0)) -> 4.565 | L68: =INDEX(Monthly!$P:$P,MATCH("2017-04",Monthly!$A:$A,0)) -> 86.835 | M68: =INDEX(Monthly!$P:$P,MATCH("2017-05",Monthly!$A:$A,0)) -> 227.82 | N68: =INDEX(Monthly!$P:$P,MATCH("2017-06",Monthly!$A:$A,0)) -> 254.474 | O68: =SUM(C68:N68) -> 1062.457
A69: 2024/25 | B69: Neutral | C69: =INDEX(Monthly!$P:$P,MATCH("2024-07",Monthly!$A:$A,0)) -> 238.537 | D69: =INDEX(Monthly!$P:$P,MATCH("2024-08",Monthly!$A:$A,0)) -> 203.238 | E69: =INDEX(Monthly!$P:$P,MATCH("2024-09",Monthly!$A:$A,0)) -> 267.75 | F69: =INDEX(Monthly!$P:$P,MATCH("2024-10",Monthly!$A:$A,0)) -> 48.338 | G69: =INDEX(Monthly!$P:$P,MATCH("2024-11",Monthly!$A:$A,0)) -> 98.564 | H69: =INDEX(Monthly!$P:$P,MATCH("2024-12",Monthly!$A:$A,0)) -> 7.195 | I69: =INDEX(Monthly!$P:$P,MATCH("2025-01",Monthly!$A:$A,0)) -> 14.087 | J69: =INDEX(Monthly!$P:$P,MATCH("2025-02",Monthly!$A:$A,0)) -> 5.232 | K69: =INDEX(Monthly!$P:$P,MATCH("2025-03",Monthly!$A:$A,0)) -> 3.893 | L69: =INDEX(Monthly!$P:$P,MATCH("2025-04",Monthly!$A:$A,0)) -> 49.159 | M69: =INDEX(Monthly!$P:$P,MATCH("2025-05",Monthly!$A:$A,0)) -> 80.106 | N69: =INDEX(Monthly!$P:$P,MATCH("2025-06",Monthly!$A:$A,0)) -> 320.058 | O69: =SUM(C69:N69) -> 1336.157
A70: Average Neutral | B70: 4 seasons | C70: =AVERAGE(C66:C69) -> 112.38125 | D70: =AVERAGE(D66:D69) -> 198.02475 | E70: =AVERAGE(E66:E69) -> 200.535 | F70: =AVERAGE(F66:F69) -> 132.2475 | G70: =AVERAGE(G66:G69) -> 40.36975 | H70: =AVERAGE(H66:H69) -> 17.80575 | I70: =AVERAGE(I66:I69) -> 10.0615 | J70: =AVERAGE(J66:J69) -> 4.81975 | ... N70: =AVERAGE(N66:N69) -> 207.9475 | O70: =SUM(C70:N70) -> 1128.174
A72: After the photo window (not in the averages)
A73: 2025/26 | B73: Neutral | C73: =INDEX(Monthly!$P:$P,MATCH("2025-07",Monthly!$A:$A,0)) -> 122.565 | D73: =INDEX(Monthly!$P:$P,MATCH("2025-08",Monthly!$A:$A,0)) -> 190.398 | E73: =INDEX(Monthly!$P:$P,MATCH("2025-09",Monthly!$A:$A,0)) -> 344.866 | F73: =INDEX(Monthly!$P:$P,MATCH("2025-10",Monthly!$A:$A,0)) -> 205.294 | G73: =INDEX(Monthly!$P:$P,MATCH("2025-11",Monthly!$A:$A,0)) -> 13.56 | H73: =INDEX(Monthly!$P:$P,MATCH("2025-12",Monthly!$A:$A,0)) -> 27.79 | I73: =INDEX(Monthly!$P:$P,MATCH("2026-01",Monthly!$A:$A,0)) -> 2.814 | J73: =INDEX(Monthly!$P:$P,MATCH("2026-02",Monthly!$A:$A,0)) -> 1.769 | K73: =INDEX(Monthly!$P:$P,MATCH("2026-03",Monthly!$A:$A,0)) -> 61.738 | L73: =INDEX(Monthly!$P:$P,MATCH("2026-04",Monthly!$A:$A,0)) -> 550.337 | M73: =INDEX(Monthly!$P:$P,MATCH("2026-05",Monthly!$A:$A,0)) -> 113.955 | N73: =INDEX(Monthly!$P:$P,MATCH("2026-06",Monthly!$A:$A,0)) -> 181.884 | O73: =SUM(C73:N73) -> 1816.97
A74: 2026/27 | B74: El Niño (in progress) | C74: =INDEX(Monthly!$P:$P,MATCH("2026-07",Monthly!$A:$A,0)) -> 75.997 | D74: =INDEX(Monthly!$P:$P,MATCH("2026-08",Monthly!$A:$A,0)) -> 23.422

Sheet Chart_Ocotepeque
A1: Ocotepeque — Ocotepeque department, town of Nueva Ocotepeque | Temperature and rainfall by ENSO season
A2: Rain: NOAA CPC gauge analysis (daily, 0.5°). Temperature: NASA POWER daily (grid cell of each town). July–June seasons 2005/06–2024/25 as in the São Mateus chart. Season phase = official NOAA ENSO episode at its Nov–Jan peak (sheet ENSO_seasons). Average rows = mean of the seasons of that phase in the photo window.
A3: Seasons after the photo window are listed below each block, outside the averages. 2026/27: complete months only (data end 2026-09-22).
A5: Mean temperature (°C) — monthly mean of daily T2M
A6: Season | B6: Phase | C6: Jul | D6: Aug | E6: Sep | F6: Oct | G6: Nov | H6: Dec | I6: Jan | J6: Feb | K6: Mar | L6: Apr | M6: May | N6: Jun | O6: Season mean
A7: El Niño (7 seasons)
A8: 2006/07 | B8: El Niño | C8: =INDEX(Monthly!$V:$V,MATCH("2006-07",Monthly!$A:$A,0)) -> 22.55871 | D8: =INDEX(Monthly!$V:$V,MATCH("2006-08",Monthly!$A:$A,0)) -> 22.464194 | E8: =INDEX(Monthly!$V:$V,MATCH("2006-09",Monthly!$A:$A,0)) -> 22.318667 | F8: =INDEX(Monthly!$V:$V,MATCH("2006-10",Monthly!$A:$A,0)) -> 22.070323 | G8: =INDEX(Monthly!$V:$V,MATCH("2006-11",Monthly!$A:$A,0)) -> 19.708333 | H8: =INDEX(Monthly!$V:$V,MATCH("2006-12",Monthly!$A:$A,0)) -> 20.178387 | I8: =INDEX(Monthly!$V:$V,MATCH("2007-01",Monthly!$A:$A,0)) -> 20.612258 | J8: =INDEX(Monthly!$V:$V,MATCH("2007-02",Monthly!$A:$A,0)) -> 21.628571 | K8: =INDEX(Monthly!$V:$V,MATCH("2007-03",Monthly!$A:$A,0)) -> 22.585161 | L8: =INDEX(Monthly!$V:$V,MATCH("2007-04",Monthly!$A:$A,0)) -> 24.719333 | M8: =INDEX(Monthly!$V:$V,MATCH("2007-05",Monthly!$A:$A,0)) -> 25.443548 | N8: =INDEX(Monthly!$V:$V,MATCH("2007-06",Monthly!$A:$A,0)) -> 23.074667 | O8: =AVERAGE(C8:N8) -> 22.280179
A9: 2009/10 | B9: El Niño | C9: =INDEX(Monthly!$V:$V,MATCH("2009-07",Monthly!$A:$A,0)) -> 22.727097 | D9: =INDEX(Monthly!$V:$V,MATCH("2009-08",Monthly!$A:$A,0)) -> 22.504516 | E9: =INDEX(Monthly!$V:$V,MATCH("2009-09",Monthly!$A:$A,0)) -> 22.546333 | F9: =INDEX(Monthly!$V:$V,MATCH("2009-10",Monthly!$A:$A,0)) -> 22.355484 | G9: =INDEX(Monthly!$V:$V,MATCH("2009-11",Monthly!$A:$A,0)) -> 20.179333 | H9: =INDEX(Monthly!$V:$V,MATCH("2009-12",Monthly!$A:$A,0)) -> 20.12871 | I9: =INDEX(Monthly!$V:$V,MATCH("2010-01",Monthly!$A:$A,0)) -> 19.224516 | J9: =INDEX(Monthly!$V:$V,MATCH("2010-02",Monthly!$A:$A,0)) -> 21.903571 | K9: =INDEX(Monthly!$V:$V,MATCH("2010-03",Monthly!$A:$A,0)) -> 23.350323 | L9: =INDEX(Monthly!$V:$V,MATCH("2010-04",Monthly!$A:$A,0)) -> 25.248667 | M9: =INDEX(Monthly!$V:$V,MATCH("2010-05",Monthly!$A:$A,0)) -> 24.683548 | N9: =INDEX(Monthly!$V:$V,MATCH("2010-06",Monthly!$A:$A,0)) -> 22.954333 | O9: =AVERAGE(C9:N9) -> 22.317203
A10: 2014/15 | B10: El Niño | C10: =INDEX(Monthly!$V:$V,MATCH("2014-07",Monthly!$A:$A,0)) -> 23.339355 | D10: =INDEX(Monthly!$V:$V,MATCH("2014-08",Monthly!$A:$A,0)) -> 22.723871 | E10: =INDEX(Monthly!$V:$V,MATCH("2014-09",Monthly!$A:$A,0)) -> 22.122333 | F10: =INDEX(Monthly!$V:$V,MATCH("2014-10",Monthly!$A:$A,0)) -> 21.504516 | G10: =INDEX(Monthly!$V:$V,MATCH("2014-11",Monthly!$A:$A,0)) -> 19.652667 | H10: =INDEX(Monthly!$V:$V,MATCH("2014-12",Monthly!$A:$A,0)) -> 18.854516 | I10: =INDEX(Monthly!$V:$V,MATCH("2015-01",Monthly!$A:$A,0)) -> 19.139677 | J10: =INDEX(Monthly!$V:$V,MATCH("2015-02",Monthly!$A:$A,0)) -> 20.028214 | K10: =INDEX(Monthly!$V:$V,MATCH("2015-03",Monthly!$A:$A,0)) -> 22.164516 | L10: =INDEX(Monthly!$V:$V,MATCH("2015-04",Monthly!$A:$A,0)) -> 25.233667 | M10: =INDEX(Monthly!$V:$V,MATCH("2015-05",Monthly!$A:$A,0)) -> 24.777097 | N10: =INDEX(Monthly!$V:$V,MATCH("2015-06",Monthly!$A:$A,0)) -> 23.05 | O10: =AVERAGE(C10:N10) -> 21.882536
A11: 2015/16 | B11: El Niño | C11: =INDEX(Monthly!$V:$V,MATCH("2015-07",Monthly!$A:$A,0)) -> 23.824516 | D11: =INDEX(Monthly!$V:$V,MATCH("2015-08",Monthly!$A:$A,0)) -> 24.248065 | E11: =INDEX(Monthly!$V:$V,MATCH("2015-09",Monthly!$A:$A,0)) -> 22.726333 | F11: =INDEX(Monthly!$V:$V,MATCH("2015-10",Monthly!$A:$A,0)) -> 22.353871 | G11: =INDEX(Monthly!$V:$V,MATCH("2015-11",Monthly!$A:$A,0)) -> 21.443667 | H11: =INDEX(Monthly!$V:$V,MATCH("2015-12",Monthly!$A:$A,0)) -> 21.221935 | I11: =INDEX(Monthly!$V:$V,MATCH("2016-01",Monthly!$A:$A,0)) -> 20.035161 | J11: =INDEX(Monthly!$V:$V,MATCH("2016-02",Monthly!$A:$A,0)) -> 19.778276 | K11: =INDEX(Monthly!$V:$V,MATCH("2016-03",Monthly!$A:$A,0)) -> 24.524194 | L11: =INDEX(Monthly!$V:$V,MATCH("2016-04",Monthly!$A:$A,0)) -> 25.309667 | M11: =INDEX(Monthly!$V:$V,MATCH("2016-05",Monthly!$A:$A,0)) -> 25.963548 | N11: =INDEX(Monthly!$V:$V,MATCH("2016-06",Monthly!$A:$A,0)) -> 23.570667 | O11: =AVERAGE(C11:N11) -> 22.916658
A12: 2018/19 | B12: El Niño | C12: =INDEX(Monthly!$V:$V,MATCH("2018-07",Monthly!$A:$A,0)) -> 22.960323 | D12: =INDEX(Monthly!$V:$V,MATCH("2018-08",Monthly!$A:$A,0)) -> 22.73871 | E12: =INDEX(Monthly!$V:$V,MATCH("2018-09",Monthly!$A:$A,0)) -> 22.605333 | F12: =INDEX(Monthly!$V:$V,MATCH("2018-10",Monthly!$A:$A,0)) -> 21.554194 | G12: =INDEX(Monthly!$V:$V,MATCH("2018-11",Monthly!$A:$A,0)) -> 21.411667 | H12: =INDEX(Monthly!$V:$V,MATCH("2018-12",Monthly!$A:$A,0)) -> 20.437419 | I12: =INDEX(Monthly!$V:$V,MATCH("2019-01",Monthly!$A:$A,0)) -> 20.754839 | J12: =INDEX(Monthly!$V:$V,MATCH("2019-02",Monthly!$A:$A,0)) -> 23.534643 | K12: =INDEX(Monthly!$V:$V,MATCH("2019-03",Monthly!$A:$A,0)) -> 23.999032 | L12: =INDEX(Monthly!$V:$V,MATCH("2019-04",Monthly!$A:$A,0)) -> 25.737 | M12: =INDEX(Monthly!$V:$V,MATCH("2019-05",Monthly!$A:$A,0)) -> 24.126452 | N12: =INDEX(Monthly!$V:$V,MATCH("2019-06",Monthly!$A:$A,0)) -> 23.679333 | O12: =AVERAGE(C12:N12) -> 22.794912
A13: 2019/20 | B13: El Niño | C13: =INDEX(Monthly!$V:$V,MATCH("2019-07",Monthly!$A:$A,0)) -> 23.434839 | D13: =INDEX(Monthly!$V:$V,MATCH("2019-08",Monthly!$A:$A,0)) -> 23.713226 | E13: =INDEX(Monthly!$V:$V,MATCH("2019-09",Monthly!$A:$A,0)) -> 22.851667 | F13: =INDEX(Monthly!$V:$V,MATCH("2019-10",Monthly!$A:$A,0)) -> 22.385484 | G13: =INDEX(Monthly!$V:$V,MATCH("2019-11",Monthly!$A:$A,0)) -> 20.774333 | H13: =INDEX(Monthly!$V:$V,MATCH("2019-12",Monthly!$A:$A,0)) -> 19.970968 | I13: =INDEX(Monthly!$V:$V,MATCH("2020-01",Monthly!$A:$A,0)) -> 20.87 | J13: =INDEX(Monthly!$V:$V,MATCH("2020-02",Monthly!$A:$A,0)) -> 22.328621 | K13: =INDEX(Monthly!$V:$V,MATCH("2020-03",Monthly!$A:$A,0)) -> 24.122258 | L13: =INDEX(Monthly!$V:$V,MATCH("2020-04",Monthly!$A:$A,0)) -> 27.17 | M13: =INDEX(Monthly!$V:$V,MATCH("2020-05",Monthly!$A:$A,0)) -> 24.706774 | N13: =INDEX(Monthly!$V:$V,MATCH("2020-06",Monthly!$A:$A,0)) -> 22.972667 | O13: =AVERAGE(C13:N13) -> 22.941736
A14: 2023/24 | B14: El Niño | C14: =INDEX(Monthly!$V:$V,MATCH("2023-07",Monthly!$A:$A,0)) -> 23.839355 | D14: =INDEX(Monthly!$V:$V,MATCH("2023-08",Monthly!$A:$A,0)) -> 23.68871 | E14: =INDEX(Monthly!$V:$V,MATCH("2023-09",Monthly!$A:$A,0)) -> 23.584333 | F14: =INDEX(Monthly!$V:$V,MATCH("2023-10",Monthly!$A:$A,0)) -> 22.430645 | G14: =INDEX(Monthly!$V:$V,MATCH("2023-11",Monthly!$A:$A,0)) -> 21.498667 | H14: =INDEX(Monthly!$V:$V,MATCH("2023-12",Monthly!$A:$A,0)) -> 20.395161 | I14: =INDEX(Monthly!$V:$V,MATCH("2024-01",Monthly!$A:$A,0)) -> 21.316129 | J14: =INDEX(Monthly!$V:$V,MATCH("2024-02",Monthly!$A:$A,0)) -> 21.684828 | K14: =INDEX(Monthly!$V:$V,MATCH("2024-03",Monthly!$A:$A,0)) -> 25.020323 | L14: =INDEX(Monthly!$V:$V,MATCH("2024-04",Monthly!$A:$A,0)) -> 25.472 | M14: =INDEX(Monthly!$V:$V,MATCH("2024-05",Monthly!$A:$A,0)) -> 27.279677 | N14: =INDEX(Monthly!$V:$V,MATCH("2024-06",Monthly!$A:$A,0)) -> 24.175 | O14: =AVERAGE(C14:N14) -> 23.365402
A15: Average El Niño | B15: 7 seasons | C15: =AVERAGE(C8:C14) -> 23.240599 | D15: =AVERAGE(D8:D14) -> 23.15447 | E15: =AVERAGE(E8:E14) -> 22.679286 | F15: =AVERAGE(F8:F14) -> 22.093502 | G15: =AVERAGE(G8:G14) -> 20.666952 | H15: =AVERAGE(H8:H14) -> 20.169585 | I15: =AVERAGE(I8:I14) -> 20.27894 | J15: =AVERAGE(J8:J14) -> 21.555246 | ... N15: =AVERAGE(N8:N14) -> 23.35381 | O15: =AVERAGE(C15:N15) -> 22.642661
A17: La Niña (9 seasons)
A18: 2005/06 | B18: La Niña | C18: =INDEX(Monthly!$V:$V,MATCH("2005-07",Monthly!$A:$A,0)) -> 22.774516 | D18: =INDEX(Monthly!$V:$V,MATCH("2005-08",Monthly!$A:$A,0)) -> 22.714516 | E18: =INDEX(Monthly!$V:$V,MATCH("2005-09",Monthly!$A:$A,0)) -> 22.403667 | F18: =INDEX(Monthly!$V:$V,MATCH("2005-10",Monthly!$A:$A,0)) -> 20.981935 | G18: =INDEX(Monthly!$V:$V,MATCH("2005-11",Monthly!$A:$A,0)) -> 19.723 | H18: =INDEX(Monthly!$V:$V,MATCH("2005-12",Monthly!$A:$A,0)) -> 20.269032 | I18: =INDEX(Monthly!$V:$V,MATCH("2006-01",Monthly!$A:$A,0)) -> 20.261613 | J18: =INDEX(Monthly!$V:$V,MATCH("2006-02",Monthly!$A:$A,0)) -> 20.568571 | K18: =INDEX(Monthly!$V:$V,MATCH("2006-03",Monthly!$A:$A,0)) -> 22.932258 | L18: =INDEX(Monthly!$V:$V,MATCH("2006-04",Monthly!$A:$A,0)) -> 24.289667 | M18: =INDEX(Monthly!$V:$V,MATCH("2006-05",Monthly!$A:$A,0)) -> 24.474839 | N18: =INDEX(Monthly!$V:$V,MATCH("2006-06",Monthly!$A:$A,0)) -> 22.372333 | O18: =AVERAGE(C18:N18) -> 21.980496
A19: 2007/08 | B19: La Niña | C19: =INDEX(Monthly!$V:$V,MATCH("2007-07",Monthly!$A:$A,0)) -> 22.861935 | D19: =INDEX(Monthly!$V:$V,MATCH("2007-08",Monthly!$A:$A,0)) -> 22.172903 | E19: =INDEX(Monthly!$V:$V,MATCH("2007-09",Monthly!$A:$A,0)) -> 21.871667 | F19: =INDEX(Monthly!$V:$V,MATCH("2007-10",Monthly!$A:$A,0)) -> 20.824516 | G19: =INDEX(Monthly!$V:$V,MATCH("2007-11",Monthly!$A:$A,0)) -> 19.364667 | H19: =INDEX(Monthly!$V:$V,MATCH("2007-12",Monthly!$A:$A,0)) -> 19.235806 | I19: =INDEX(Monthly!$V:$V,MATCH("2008-01",Monthly!$A:$A,0)) -> 19.117742 | J19: =INDEX(Monthly!$V:$V,MATCH("2008-02",Monthly!$A:$A,0)) -> 21.356897 | K19: =INDEX(Monthly!$V:$V,MATCH("2008-03",Monthly!$A:$A,0)) -> 22.665806 | L19: =INDEX(Monthly!$V:$V,MATCH("2008-04",Monthly!$A:$A,0)) -> 24.083333 | M19: =INDEX(Monthly!$V:$V,MATCH("2008-05",Monthly!$A:$A,0)) -> 24.565806 | N19: =INDEX(Monthly!$V:$V,MATCH("2008-06",Monthly!$A:$A,0)) -> 22.569667 | O19: =AVERAGE(C19:N19) -> 21.724229
A20: 2008/09 | B20: La Niña | C20: =INDEX(Monthly!$V:$V,MATCH("2008-07",Monthly!$A:$A,0)) -> 22.100968 | D20: =INDEX(Monthly!$V:$V,MATCH("2008-08",Monthly!$A:$A,0)) -> 22.404839 | E20: =INDEX(Monthly!$V:$V,MATCH("2008-09",Monthly!$A:$A,0)) -> 22.106 | F20: =INDEX(Monthly!$V:$V,MATCH("2008-10",Monthly!$A:$A,0)) -> 20.840645 | G20: =INDEX(Monthly!$V:$V,MATCH("2008-11",Monthly!$A:$A,0)) -> 18.484 | H20: =INDEX(Monthly!$V:$V,MATCH("2008-12",Monthly!$A:$A,0)) -> 18.619032 | I20: =INDEX(Monthly!$V:$V,MATCH("2009-01",Monthly!$A:$A,0)) -> 18.591613 | J20: =INDEX(Monthly!$V:$V,MATCH("2009-02",Monthly!$A:$A,0)) -> 19.253214 | K20: =INDEX(Monthly!$V:$V,MATCH("2009-03",Monthly!$A:$A,0)) -> 20.400645 | L20: =INDEX(Monthly!$V:$V,MATCH("2009-04",Monthly!$A:$A,0)) -> 24.371667 | M20: =INDEX(Monthly!$V:$V,MATCH("2009-05",Monthly!$A:$A,0)) -> 23.544194 | N20: =INDEX(Monthly!$V:$V,MATCH("2009-06",Monthly!$A:$A,0)) -> 23.090667 | O20: =AVERAGE(C20:N20) -> 21.150624
A21: 2010/11 | B21: La Niña | C21: =INDEX(Monthly!$V:$V,MATCH("2010-07",Monthly!$A:$A,0)) -> 22.416452 | D21: =INDEX(Monthly!$V:$V,MATCH("2010-08",Monthly!$A:$A,0)) -> 22.225161 | E21: =INDEX(Monthly!$V:$V,MATCH("2010-09",Monthly!$A:$A,0)) -> 21.827667 | F21: =INDEX(Monthly!$V:$V,MATCH("2010-10",Monthly!$A:$A,0)) -> 20.096452 | G21: =INDEX(Monthly!$V:$V,MATCH("2010-11",Monthly!$A:$A,0)) -> 19.249667 | H21: =INDEX(Monthly!$V:$V,MATCH("2010-12",Monthly!$A:$A,0)) -> 17.245806 | I21: =INDEX(Monthly!$V:$V,MATCH("2011-01",Monthly!$A:$A,0)) -> 20.432581 | J21: =INDEX(Monthly!$V:$V,MATCH("2011-02",Monthly!$A:$A,0)) -> 21.602857 | K21: =INDEX(Monthly!$V:$V,MATCH("2011-03",Monthly!$A:$A,0)) -> 22.266129 | L21: =INDEX(Monthly!$V:$V,MATCH("2011-04",Monthly!$A:$A,0)) -> 25.080667 | M21: =INDEX(Monthly!$V:$V,MATCH("2011-05",Monthly!$A:$A,0)) -> 24.168065 | N21: =INDEX(Monthly!$V:$V,MATCH("2011-06",Monthly!$A:$A,0)) -> 22.873333 | O21: =AVERAGE(C21:N21) -> 21.623736
A22: 2011/12 | B22: La Niña | C22: =INDEX(Monthly!$V:$V,MATCH("2011-07",Monthly!$A:$A,0)) -> 22.288065 | D22: =INDEX(Monthly!$V:$V,MATCH("2011-08",Monthly!$A:$A,0)) -> 22.690323 | E22: =INDEX(Monthly!$V:$V,MATCH("2011-09",Monthly!$A:$A,0)) -> 22.077667 | F22: =INDEX(Monthly!$V:$V,MATCH("2011-10",Monthly!$A:$A,0)) -> 20.330323 | G22: =INDEX(Monthly!$V:$V,MATCH("2011-11",Monthly!$A:$A,0)) -> 19.446333 | H22: =INDEX(Monthly!$V:$V,MATCH("2011-12",Monthly!$A:$A,0)) -> 18.729032 | I22: =INDEX(Monthly!$V:$V,MATCH("2012-01",Monthly!$A:$A,0)) -> 19.377097 | J22: =INDEX(Monthly!$V:$V,MATCH("2012-02",Monthly!$A:$A,0)) -> 20.995517 | K22: =INDEX(Monthly!$V:$V,MATCH("2012-03",Monthly!$A:$A,0)) -> 22.176129 | L22: =INDEX(Monthly!$V:$V,MATCH("2012-04",Monthly!$A:$A,0)) -> 23.644 | M22: =INDEX(Monthly!$V:$V,MATCH("2012-05",Monthly!$A:$A,0)) -> 23.839355 | N22: =INDEX(Monthly!$V:$V,MATCH("2012-06",Monthly!$A:$A,0)) -> 22.943667 | O22: =AVERAGE(C22:N22) -> 21.544792
A23: 2017/18 | B23: La Niña | C23: =INDEX(Monthly!$V:$V,MATCH("2017-07",Monthly!$A:$A,0)) -> 22.557742 | D23: =INDEX(Monthly!$V:$V,MATCH("2017-08",Monthly!$A:$A,0)) -> 22.78129 | E23: =INDEX(Monthly!$V:$V,MATCH("2017-09",Monthly!$A:$A,0)) -> 22.651 | F23: =INDEX(Monthly!$V:$V,MATCH("2017-10",Monthly!$A:$A,0)) -> 21.336774 | G23: =INDEX(Monthly!$V:$V,MATCH("2017-11",Monthly!$A:$A,0)) -> 19.644 | H23: =INDEX(Monthly!$V:$V,MATCH("2017-12",Monthly!$A:$A,0)) -> 18.733871 | I23: =INDEX(Monthly!$V:$V,MATCH("2018-01",Monthly!$A:$A,0)) -> 18.040323 | J23: =INDEX(Monthly!$V:$V,MATCH("2018-02",Monthly!$A:$A,0)) -> 21.215714 | K23: =INDEX(Monthly!$V:$V,MATCH("2018-03",Monthly!$A:$A,0)) -> 23.707419 | L23: =INDEX(Monthly!$V:$V,MATCH("2018-04",Monthly!$A:$A,0)) -> 24.451 | M23: =INDEX(Monthly!$V:$V,MATCH("2018-05",Monthly!$A:$A,0)) -> 24.326129 | N23: =INDEX(Monthly!$V:$V,MATCH("2018-06",Monthly!$A:$A,0)) -> 22.763667 | O23: =AVERAGE(C23:N23) -> 21.850744
A24: 2020/21 | B24: La Niña | C24: =INDEX(Monthly!$V:$V,MATCH("2020-07",Monthly!$A:$A,0)) -> 22.939677 | D24: =INDEX(Monthly!$V:$V,MATCH("2020-08",Monthly!$A:$A,0)) -> 22.555161 | E24: =INDEX(Monthly!$V:$V,MATCH("2020-09",Monthly!$A:$A,0)) -> 22.617333 | F24: =INDEX(Monthly!$V:$V,MATCH("2020-10",Monthly!$A:$A,0)) -> 21.922258 | G24: =INDEX(Monthly!$V:$V,MATCH("2020-11",Monthly!$A:$A,0)) -> 20.896333 | H24: =INDEX(Monthly!$V:$V,MATCH("2020-12",Monthly!$A:$A,0)) -> 19.304839 | I24: =INDEX(Monthly!$V:$V,MATCH("2021-01",Monthly!$A:$A,0)) -> 19.829677 | J24: =INDEX(Monthly!$V:$V,MATCH("2021-02",Monthly!$A:$A,0)) -> 20.227143 | K24: =INDEX(Monthly!$V:$V,MATCH("2021-03",Monthly!$A:$A,0)) -> 21.589032 | L24: =INDEX(Monthly!$V:$V,MATCH("2021-04",Monthly!$A:$A,0)) -> 23.193667 | M24: =INDEX(Monthly!$V:$V,MATCH("2021-05",Monthly!$A:$A,0)) -> 23.923226 | N24: =INDEX(Monthly!$V:$V,MATCH("2021-06",Monthly!$A:$A,0)) -> 22.863333 | O24: =AVERAGE(C24:N24) -> 21.821807
A25: 2021/22 | B25: La Niña | C25: =INDEX(Monthly!$V:$V,MATCH("2021-07",Monthly!$A:$A,0)) -> 22.621613 | D25: =INDEX(Monthly!$V:$V,MATCH("2021-08",Monthly!$A:$A,0)) -> 22.617742 | E25: =INDEX(Monthly!$V:$V,MATCH("2021-09",Monthly!$A:$A,0)) -> 22.564333 | F25: =INDEX(Monthly!$V:$V,MATCH("2021-10",Monthly!$A:$A,0)) -> 22.36 | G25: =INDEX(Monthly!$V:$V,MATCH("2021-11",Monthly!$A:$A,0)) -> 19.473667 | H25: =INDEX(Monthly!$V:$V,MATCH("2021-12",Monthly!$A:$A,0)) -> 19.902903 | I25: =INDEX(Monthly!$V:$V,MATCH("2022-01",Monthly!$A:$A,0)) -> 19.203226 | J25: =INDEX(Monthly!$V:$V,MATCH("2022-02",Monthly!$A:$A,0)) -> 19.9125 | K25: =INDEX(Monthly!$V:$V,MATCH("2022-03",Monthly!$A:$A,0)) -> 21.441935 | L25: =INDEX(Monthly!$V:$V,MATCH("2022-04",Monthly!$A:$A,0)) -> 23.721667 | M25: =INDEX(Monthly!$V:$V,MATCH("2022-05",Monthly!$A:$A,0)) -> 22.856774 | N25: =INDEX(Monthly!$V:$V,MATCH("2022-06",Monthly!$A:$A,0)) -> 22.007667 | O25: =AVERAGE(C25:N25) -> 21.557002
A26: 2022/23 | B26: La Niña | C26: =INDEX(Monthly!$V:$V,MATCH("2022-07",Monthly!$A:$A,0)) -> 22.505161 | D26: =INDEX(Monthly!$V:$V,MATCH("2022-08",Monthly!$A:$A,0)) -> 22.556452 | E26: =INDEX(Monthly!$V:$V,MATCH("2022-09",Monthly!$A:$A,0)) -> 22.271667 | F26: =INDEX(Monthly!$V:$V,MATCH("2022-10",Monthly!$A:$A,0)) -> 21.564516 | G26: =INDEX(Monthly!$V:$V,MATCH("2022-11",Monthly!$A:$A,0)) -> 21.099333 | H26: =INDEX(Monthly!$V:$V,MATCH("2022-12",Monthly!$A:$A,0)) -> 19.541935 | I26: =INDEX(Monthly!$V:$V,MATCH("2023-01",Monthly!$A:$A,0)) -> 19.673871 | J26: =INDEX(Monthly!$V:$V,MATCH("2023-02",Monthly!$A:$A,0)) -> 20.421786 | K26: =INDEX(Monthly!$V:$V,MATCH("2023-03",Monthly!$A:$A,0)) -> 23.065806 | L26: =INDEX(Monthly!$V:$V,MATCH("2023-04",Monthly!$A:$A,0)) -> 25.005333 | M26: =INDEX(Monthly!$V:$V,MATCH("2023-05",Monthly!$A:$A,0)) -> 25.868065 | N26: =INDEX(Monthly!$V:$V,MATCH("2023-06",Monthly!$A:$A,0)) -> 25.088667 | O26: =AVERAGE(C26:N26) -> 22.388549
A27: Average La Niña | B27: 9 seasons | C27: =AVERAGE(C18:C26) -> 22.562903 | D27: =AVERAGE(D18:D26) -> 22.524265 | E27: =AVERAGE(E18:E26) -> 22.265667 | F27: =AVERAGE(F18:F26) -> 21.139713 | G27: =AVERAGE(G18:G26) -> 19.709 | H27: =AVERAGE(H18:H26) -> 19.064695 | I27: =AVERAGE(I18:I26) -> 19.391971 | J27: =AVERAGE(J18:J26) -> 20.617133 | ... N27: =AVERAGE(N18:N26) -> 22.952556 | O27: =AVERAGE(C27:N27) -> 21.737998
A29: Neutral (4 seasons)
A30: 2012/13 | B30: Neutral | C30: =INDEX(Monthly!$V:$V,MATCH("2012-07",Monthly!$A:$A,0)) -> 22.507097 | D30: =INDEX(Monthly!$V:$V,MATCH("2012-08",Monthly!$A:$A,0)) -> 22.649677 | E30: =INDEX(Monthly!$V:$V,MATCH("2012-09",Monthly!$A:$A,0)) -> 22.239667 | F30: =INDEX(Monthly!$V:$V,MATCH("2012-10",Monthly!$A:$A,0)) -> 21.073226 | G30: =INDEX(Monthly!$V:$V,MATCH("2012-11",Monthly!$A:$A,0)) -> 18.742 | H30: =INDEX(Monthly!$V:$V,MATCH("2012-12",Monthly!$A:$A,0)) -> 19.552903 | I30: =INDEX(Monthly!$V:$V,MATCH("2013-01",Monthly!$A:$A,0)) -> 20.203871 | J30: =INDEX(Monthly!$V:$V,MATCH("2013-02",Monthly!$A:$A,0)) -> 22.280357 | K30: =INDEX(Monthly!$V:$V,MATCH("2013-03",Monthly!$A:$A,0)) -> 21.645806 | L30: =INDEX(Monthly!$V:$V,MATCH("2013-04",Monthly!$A:$A,0)) -> 25.824333 | M30: =INDEX(Monthly!$V:$V,MATCH("2013-05",Monthly!$A:$A,0)) -> 24.447742 | N30: =INDEX(Monthly!$V:$V,MATCH("2013-06",Monthly!$A:$A,0)) -> 23.275667 | O30: =AVERAGE(C30:N30) -> 22.036862
A31: 2013/14 | B31: Neutral | C31: =INDEX(Monthly!$V:$V,MATCH("2013-07",Monthly!$A:$A,0)) -> 22.360323 | D31: =INDEX(Monthly!$V:$V,MATCH("2013-08",Monthly!$A:$A,0)) -> 22.371935 | E31: =INDEX(Monthly!$V:$V,MATCH("2013-09",Monthly!$A:$A,0)) -> 22.168333 | F31: =INDEX(Monthly!$V:$V,MATCH("2013-10",Monthly!$A:$A,0)) -> 22.289032 | G31: =INDEX(Monthly!$V:$V,MATCH("2013-11",Monthly!$A:$A,0)) -> 20.438333 | H31: =INDEX(Monthly!$V:$V,MATCH("2013-12",Monthly!$A:$A,0)) -> 20.07 | I31: =INDEX(Monthly!$V:$V,MATCH("2014-01",Monthly!$A:$A,0)) -> 19.09129 | J31: =INDEX(Monthly!$V:$V,MATCH("2014-02",Monthly!$A:$A,0)) -> 22.152143 | K31: =INDEX(Monthly!$V:$V,MATCH("2014-03",Monthly!$A:$A,0)) -> 23.835484 | L31: =INDEX(Monthly!$V:$V,MATCH("2014-04",Monthly!$A:$A,0)) -> 24.885333 | M31: =INDEX(Monthly!$V:$V,MATCH("2014-05",Monthly!$A:$A,0)) -> 23.980968 | N31: =INDEX(Monthly!$V:$V,MATCH("2014-06",Monthly!$A:$A,0)) -> 23.052333 | O31: =AVERAGE(C31:N31) -> 22.224626
A32: 2016/17 | B32: Neutral | C32: =INDEX(Monthly!$V:$V,MATCH("2016-07",Monthly!$A:$A,0)) -> 23.197742 | D32: =INDEX(Monthly!$V:$V,MATCH("2016-08",Monthly!$A:$A,0)) -> 22.838065 | E32: =INDEX(Monthly!$V:$V,MATCH("2016-09",Monthly!$A:$A,0)) -> 22.322667 | F32: =INDEX(Monthly!$V:$V,MATCH("2016-10",Monthly!$A:$A,0)) -> 21.364839 | G32: =INDEX(Monthly!$V:$V,MATCH("2016-11",Monthly!$A:$A,0)) -> 20.272667 | H32: =INDEX(Monthly!$V:$V,MATCH("2016-12",Monthly!$A:$A,0)) -> 21.239355 | I32: =INDEX(Monthly!$V:$V,MATCH("2017-01",Monthly!$A:$A,0)) -> 20.478387 | J32: =INDEX(Monthly!$V:$V,MATCH("2017-02",Monthly!$A:$A,0)) -> 22.581786 | K32: =INDEX(Monthly!$V:$V,MATCH("2017-03",Monthly!$A:$A,0)) -> 22.175806 | L32: =INDEX(Monthly!$V:$V,MATCH("2017-04",Monthly!$A:$A,0)) -> 24.896 | M32: =INDEX(Monthly!$V:$V,MATCH("2017-05",Monthly!$A:$A,0)) -> 23.913871 | N32: =INDEX(Monthly!$V:$V,MATCH("2017-06",Monthly!$A:$A,0)) -> 22.801667 | O32: =AVERAGE(C32:N32) -> 22.340238
A33: 2024/25 | B33: Neutral | C33: =INDEX(Monthly!$V:$V,MATCH("2024-07",Monthly!$A:$A,0)) -> 23.339355 | D33: =INDEX(Monthly!$V:$V,MATCH("2024-08",Monthly!$A:$A,0)) -> 23.402903 | E33: =INDEX(Monthly!$V:$V,MATCH("2024-09",Monthly!$A:$A,0)) -> 23.704333 | F33: =INDEX(Monthly!$V:$V,MATCH("2024-10",Monthly!$A:$A,0)) -> 22.146452 | G33: =INDEX(Monthly!$V:$V,MATCH("2024-11",Monthly!$A:$A,0)) -> 21.405 | H33: =INDEX(Monthly!$V:$V,MATCH("2024-12",Monthly!$A:$A,0)) -> 20.370645 | I33: =INDEX(Monthly!$V:$V,MATCH("2025-01",Monthly!$A:$A,0)) -> 20.803226 | J33: =INDEX(Monthly!$V:$V,MATCH("2025-02",Monthly!$A:$A,0)) -> 22.954643 | K33: =INDEX(Monthly!$V:$V,MATCH("2025-03",Monthly!$A:$A,0)) -> 24.674839 | L33: =INDEX(Monthly!$V:$V,MATCH("2025-04",Monthly!$A:$A,0)) -> 24.782333 | M33: =INDEX(Monthly!$V:$V,MATCH("2025-05",Monthly!$A:$A,0)) -> 26.637097 | N33: =INDEX(Monthly!$V:$V,MATCH("2025-06",Monthly!$A:$A,0)) -> 23.464333 | O33: =AVERAGE(C33:N33) -> 23.14043
A34: Average Neutral | B34: 4 seasons | C34: =AVERAGE(C30:C33) -> 22.851129 | D34: =AVERAGE(D30:D33) -> 22.815645 | E34: =AVERAGE(E30:E33) -> 22.60875 | F34: =AVERAGE(F30:F33) -> 21.718387 | G34: =AVERAGE(G30:G33) -> 20.2145 | H34: =AVERAGE(H30:H33) -> 20.308226 | I34: =AVERAGE(I30:I33) -> 20.144194 | J34: =AVERAGE(J30:J33) -> 22.492232 | ... N34: =AVERAGE(N30:N33) -> 23.1485 | O34: =AVERAGE(C34:N34) -> 22.435539
A36: After the photo window (not in the averages)
A37: 2025/26 | B37: Neutral | C37: =INDEX(Monthly!$V:$V,MATCH("2025-07",Monthly!$A:$A,0)) -> 23.134516 | D37: =INDEX(Monthly!$V:$V,MATCH("2025-08",Monthly!$A:$A,0)) -> 23.707097 | E37: =INDEX(Monthly!$V:$V,MATCH("2025-09",Monthly!$A:$A,0)) -> 23.582 | F37: =INDEX(Monthly!$V:$V,MATCH("2025-10",Monthly!$A:$A,0)) -> 22.255806 | G37: =INDEX(Monthly!$V:$V,MATCH("2025-11",Monthly!$A:$A,0)) -> 21.381333 | H37: =INDEX(Monthly!$V:$V,MATCH("2025-12",Monthly!$A:$A,0)) -> 21.806774 | I37: =INDEX(Monthly!$V:$V,MATCH("2026-01",Monthly!$A:$A,0)) -> 20.564839 | J37: =INDEX(Monthly!$V:$V,MATCH("2026-02",Monthly!$A:$A,0)) -> 20.347857 | K37: =INDEX(Monthly!$V:$V,MATCH("2026-03",Monthly!$A:$A,0)) -> 23.274839 | L37: =INDEX(Monthly!$V:$V,MATCH("2026-04",Monthly!$A:$A,0)) -> 24.628667 | M37: =INDEX(Monthly!$V:$V,MATCH("2026-05",Monthly!$A:$A,0)) -> 26.831935 | N37: =INDEX(Monthly!$V:$V,MATCH("2026-06",Monthly!$A:$A,0)) -> 24.825667 | O37: =AVERAGE(C37:N37) -> 23.028444
A38: 2026/27 | B38: El Niño (in progress) | C38: =INDEX(Monthly!$V:$V,MATCH("2026-07",Monthly!$A:$A,0)) -> 25.486774 | D38: =INDEX(Monthly!$V:$V,MATCH("2026-08",Monthly!$A:$A,0)) -> 26.167742
A41: Monthly rainfall (mm) — sum of daily rainfall from rain gauges (NOAA CPC)
A42: Season | B42: Phase | C42: Jul | D42: Aug | E42: Sep | F42: Oct | G42: Nov | H42: Dec | I42: Jan | J42: Feb | K42: Mar | L42: Apr | M42: May | N42: Jun | O42: Season total
A43: El Niño (7 seasons)
A44: 2006/07 | B44: El Niño | C44: =INDEX(Monthly!$U:$U,MATCH("2006-07",Monthly!$A:$A,0)) -> 241.077 | D44: =INDEX(Monthly!$U:$U,MATCH("2006-08",Monthly!$A:$A,0)) -> 151.768 | E44: =INDEX(Monthly!$U:$U,MATCH("2006-09",Monthly!$A:$A,0)) -> 130.361 | F44: =INDEX(Monthly!$U:$U,MATCH("2006-10",Monthly!$A:$A,0)) -> 116.911 | G44: =INDEX(Monthly!$U:$U,MATCH("2006-11",Monthly!$A:$A,0)) -> 49.418 | H44: =INDEX(Monthly!$U:$U,MATCH("2006-12",Monthly!$A:$A,0)) -> 40.567 | I44: =INDEX(Monthly!$U:$U,MATCH("2007-01",Monthly!$A:$A,0)) -> 17.497 | J44: =INDEX(Monthly!$U:$U,MATCH("2007-02",Monthly!$A:$A,0)) -> 12.882 | K44: =INDEX(Monthly!$U:$U,MATCH("2007-03",Monthly!$A:$A,0)) -> 9.826 | L44: =INDEX(Monthly!$U:$U,MATCH("2007-04",Monthly!$A:$A,0)) -> 37.349 | M44: =INDEX(Monthly!$U:$U,MATCH("2007-05",Monthly!$A:$A,0)) -> 102.166 | N44: =INDEX(Monthly!$U:$U,MATCH("2007-06",Monthly!$A:$A,0)) -> 215.052 | O44: =SUM(C44:N44) -> 1124.874
A45: 2009/10 | B45: El Niño | C45: =INDEX(Monthly!$U:$U,MATCH("2009-07",Monthly!$A:$A,0)) -> 193.474 | D45: =INDEX(Monthly!$U:$U,MATCH("2009-08",Monthly!$A:$A,0)) -> 265.009 | E45: =INDEX(Monthly!$U:$U,MATCH("2009-09",Monthly!$A:$A,0)) -> 181.344 | F45: =INDEX(Monthly!$U:$U,MATCH("2009-10",Monthly!$A:$A,0)) -> 85.421 | G45: =INDEX(Monthly!$U:$U,MATCH("2009-11",Monthly!$A:$A,0)) -> 104.896 | H45: =INDEX(Monthly!$U:$U,MATCH("2009-12",Monthly!$A:$A,0)) -> 39.359 | I45: =INDEX(Monthly!$U:$U,MATCH("2010-01",Monthly!$A:$A,0)) -> 27.75 | J45: =INDEX(Monthly!$U:$U,MATCH("2010-02",Monthly!$A:$A,0)) -> 17.917 | K45: =INDEX(Monthly!$U:$U,MATCH("2010-03",Monthly!$A:$A,0)) -> 1.101 | L45: =INDEX(Monthly!$U:$U,MATCH("2010-04",Monthly!$A:$A,0)) -> 67.157 | M45: =INDEX(Monthly!$U:$U,MATCH("2010-05",Monthly!$A:$A,0)) -> 223.127 | N45: =INDEX(Monthly!$U:$U,MATCH("2010-06",Monthly!$A:$A,0)) -> 290.553 | O45: =SUM(C45:N45) -> 1497.108
A46: 2014/15 | B46: El Niño | C46: =INDEX(Monthly!$U:$U,MATCH("2014-07",Monthly!$A:$A,0)) -> 76.476 | D46: =INDEX(Monthly!$U:$U,MATCH("2014-08",Monthly!$A:$A,0)) -> 208.168 | E46: =INDEX(Monthly!$U:$U,MATCH("2014-09",Monthly!$A:$A,0)) -> 262.123 | F46: =INDEX(Monthly!$U:$U,MATCH("2014-10",Monthly!$A:$A,0)) -> 249.157 | G46: =INDEX(Monthly!$U:$U,MATCH("2014-11",Monthly!$A:$A,0)) -> 29.378 | H46: =INDEX(Monthly!$U:$U,MATCH("2014-12",Monthly!$A:$A,0)) -> 25.082 | I46: =INDEX(Monthly!$U:$U,MATCH("2015-01",Monthly!$A:$A,0)) -> 7.495 | J46: =INDEX(Monthly!$U:$U,MATCH("2015-02",Monthly!$A:$A,0)) -> 8.184 | K46: =INDEX(Monthly!$U:$U,MATCH("2015-03",Monthly!$A:$A,0)) -> 22.006 | L46: =INDEX(Monthly!$U:$U,MATCH("2015-04",Monthly!$A:$A,0)) -> 28.217 | M46: =INDEX(Monthly!$U:$U,MATCH("2015-05",Monthly!$A:$A,0)) -> 64.122 | N46: =INDEX(Monthly!$U:$U,MATCH("2015-06",Monthly!$A:$A,0)) -> 172.435 | O46: =SUM(C46:N46) -> 1152.843
A47: 2015/16 | B47: El Niño | C47: =INDEX(Monthly!$U:$U,MATCH("2015-07",Monthly!$A:$A,0)) -> 58.162 | D47: =INDEX(Monthly!$U:$U,MATCH("2015-08",Monthly!$A:$A,0)) -> 106.513 | E47: =INDEX(Monthly!$U:$U,MATCH("2015-09",Monthly!$A:$A,0)) -> 376.803 | F47: =INDEX(Monthly!$U:$U,MATCH("2015-10",Monthly!$A:$A,0)) -> 193.916 | G47: =INDEX(Monthly!$U:$U,MATCH("2015-11",Monthly!$A:$A,0)) -> 76.598 | H47: =INDEX(Monthly!$U:$U,MATCH("2015-12",Monthly!$A:$A,0)) -> 13.602 | I47: =INDEX(Monthly!$U:$U,MATCH("2016-01",Monthly!$A:$A,0)) -> 9.022 | J47: =INDEX(Monthly!$U:$U,MATCH("2016-02",Monthly!$A:$A,0)) -> 22.076 | K47: =INDEX(Monthly!$U:$U,MATCH("2016-03",Monthly!$A:$A,0)) -> 14.397 | L47: =INDEX(Monthly!$U:$U,MATCH("2016-04",Monthly!$A:$A,0)) -> 22.145 | M47: =INDEX(Monthly!$U:$U,MATCH("2016-05",Monthly!$A:$A,0)) -> 51.304 | N47: =INDEX(Monthly!$U:$U,MATCH("2016-06",Monthly!$A:$A,0)) -> 230.345 | O47: =SUM(C47:N47) -> 1174.883
A48: 2018/19 | B48: El Niño | C48: =INDEX(Monthly!$U:$U,MATCH("2018-07",Monthly!$A:$A,0)) -> 104.002 | D48: =INDEX(Monthly!$U:$U,MATCH("2018-08",Monthly!$A:$A,0)) -> 319.697 | E48: =INDEX(Monthly!$U:$U,MATCH("2018-09",Monthly!$A:$A,0)) -> 238.022 | F48: =INDEX(Monthly!$U:$U,MATCH("2018-10",Monthly!$A:$A,0)) -> 131.118 | G48: =INDEX(Monthly!$U:$U,MATCH("2018-11",Monthly!$A:$A,0)) -> 44.65 | H48: =INDEX(Monthly!$U:$U,MATCH("2018-12",Monthly!$A:$A,0)) -> 15.356 | I48: =INDEX(Monthly!$U:$U,MATCH("2019-01",Monthly!$A:$A,0)) -> 10.609 | J48: =INDEX(Monthly!$U:$U,MATCH("2019-02",Monthly!$A:$A,0)) -> 6.47 | K48: =INDEX(Monthly!$U:$U,MATCH("2019-03",Monthly!$A:$A,0)) -> 0.677 | L48: =INDEX(Monthly!$U:$U,MATCH("2019-04",Monthly!$A:$A,0)) -> 21.552 | M48: =INDEX(Monthly!$U:$U,MATCH("2019-05",Monthly!$A:$A,0)) -> 250.405 | N48: =INDEX(Monthly!$U:$U,MATCH("2019-06",Monthly!$A:$A,0)) -> 134.204 | O48: =SUM(C48:N48) -> 1276.762
A49: 2019/20 | B49: El Niño | C49: =INDEX(Monthly!$U:$U,MATCH("2019-07",Monthly!$A:$A,0)) -> 207.088 | D49: =INDEX(Monthly!$U:$U,MATCH("2019-08",Monthly!$A:$A,0)) -> 216.069 | E49: =INDEX(Monthly!$U:$U,MATCH("2019-09",Monthly!$A:$A,0)) -> 228.741 | F49: =INDEX(Monthly!$U:$U,MATCH("2019-10",Monthly!$A:$A,0)) -> 225.823 | G49: =INDEX(Monthly!$U:$U,MATCH("2019-11",Monthly!$A:$A,0)) -> 24.355 | H49: =INDEX(Monthly!$U:$U,MATCH("2019-12",Monthly!$A:$A,0)) -> 15.344 | I49: =INDEX(Monthly!$U:$U,MATCH("2020-01",Monthly!$A:$A,0)) -> 12.872 | J49: =INDEX(Monthly!$U:$U,MATCH("2020-02",Monthly!$A:$A,0)) -> 8.3 | K49: =INDEX(Monthly!$U:$U,MATCH("2020-03",Monthly!$A:$A,0)) -> 7.126 | L49: =INDEX(Monthly!$U:$U,MATCH("2020-04",Monthly!$A:$A,0)) -> 7.135 | M49: =INDEX(Monthly!$U:$U,MATCH("2020-05",Monthly!$A:$A,0)) -> 256.675 | N49: =INDEX(Monthly!$U:$U,MATCH("2020-06",Monthly!$A:$A,0)) -> 198.805 | O49: =SUM(C49:N49) -> 1408.333
A50: 2023/24 | B50: El Niño | C50: =INDEX(Monthly!$U:$U,MATCH("2023-07",Monthly!$A:$A,0)) -> 154.881 | D50: =INDEX(Monthly!$U:$U,MATCH("2023-08",Monthly!$A:$A,0)) -> 133.29 | E50: =INDEX(Monthly!$U:$U,MATCH("2023-09",Monthly!$A:$A,0)) -> 292.996 | F50: =INDEX(Monthly!$U:$U,MATCH("2023-10",Monthly!$A:$A,0)) -> 118.59 | G50: =INDEX(Monthly!$U:$U,MATCH("2023-11",Monthly!$A:$A,0)) -> 70.584 | H50: =INDEX(Monthly!$U:$U,MATCH("2023-12",Monthly!$A:$A,0)) -> 14.872 | I50: =INDEX(Monthly!$U:$U,MATCH("2024-01",Monthly!$A:$A,0)) -> 0.622 | J50: =INDEX(Monthly!$U:$U,MATCH("2024-02",Monthly!$A:$A,0)) -> 0.743 | K50: =INDEX(Monthly!$U:$U,MATCH("2024-03",Monthly!$A:$A,0)) -> 0 | L50: =INDEX(Monthly!$U:$U,MATCH("2024-04",Monthly!$A:$A,0)) -> 33.605 | M50: =INDEX(Monthly!$U:$U,MATCH("2024-05",Monthly!$A:$A,0)) -> 59.426 | N50: =INDEX(Monthly!$U:$U,MATCH("2024-06",Monthly!$A:$A,0)) -> 203.008 | O50: =SUM(C50:N50) -> 1082.617
A51: Average El Niño | B51: 7 seasons | C51: =AVERAGE(C44:C50) -> 147.88 | D51: =AVERAGE(D44:D50) -> 200.07343 | E51: =AVERAGE(E44:E50) -> 244.34143 | F51: =AVERAGE(F44:F50) -> 160.13371 | G51: =AVERAGE(G44:G50) -> 57.125571 | H51: =AVERAGE(H44:H50) -> 23.454571 | I51: =AVERAGE(I44:I50) -> 12.266714 | J51: =AVERAGE(J44:J50) -> 10.938857 | ... N51: =AVERAGE(N44:N50) -> 206.34314 | O51: =SUM(C51:N51) -> 1245.3457
A53: La Niña (9 seasons)
A54: 2005/06 | B54: La Niña | C54: =INDEX(Monthly!$U:$U,MATCH("2005-07",Monthly!$A:$A,0)) -> 110.182 | D54: =INDEX(Monthly!$U:$U,MATCH("2005-08",Monthly!$A:$A,0)) -> 167.823 | E54: =INDEX(Monthly!$U:$U,MATCH("2005-09",Monthly!$A:$A,0)) -> 223.733 | F54: =INDEX(Monthly!$U:$U,MATCH("2005-10",Monthly!$A:$A,0)) -> 91.145 | G54: =INDEX(Monthly!$U:$U,MATCH("2005-11",Monthly!$A:$A,0)) -> 6.397 | H54: =INDEX(Monthly!$U:$U,MATCH("2005-12",Monthly!$A:$A,0)) -> 23.582 | I54: =INDEX(Monthly!$U:$U,MATCH("2006-01",Monthly!$A:$A,0)) -> 7.806 | J54: =INDEX(Monthly!$U:$U,MATCH("2006-02",Monthly!$A:$A,0)) -> 3.885 | K54: =INDEX(Monthly!$U:$U,MATCH("2006-03",Monthly!$A:$A,0)) -> 4.185 | L54: =INDEX(Monthly!$U:$U,MATCH("2006-04",Monthly!$A:$A,0)) -> 33.662 | M54: =INDEX(Monthly!$U:$U,MATCH("2006-05",Monthly!$A:$A,0)) -> 144.414 | N54: =INDEX(Monthly!$U:$U,MATCH("2006-06",Monthly!$A:$A,0)) -> 189.236 | O54: =SUM(C54:N54) -> 1006.05
A55: 2007/08 | B55: La Niña | C55: =INDEX(Monthly!$U:$U,MATCH("2007-07",Monthly!$A:$A,0)) -> 217.112 | D55: =INDEX(Monthly!$U:$U,MATCH("2007-08",Monthly!$A:$A,0)) -> 237.352 | E55: =INDEX(Monthly!$U:$U,MATCH("2007-09",Monthly!$A:$A,0)) -> 289.355 | F55: =INDEX(Monthly!$U:$U,MATCH("2007-10",Monthly!$A:$A,0)) -> 210.576 | G55: =INDEX(Monthly!$U:$U,MATCH("2007-11",Monthly!$A:$A,0)) -> 38.861 | H55: =INDEX(Monthly!$U:$U,MATCH("2007-12",Monthly!$A:$A,0)) -> 11.685 | I55: =INDEX(Monthly!$U:$U,MATCH("2008-01",Monthly!$A:$A,0)) -> 25.694 | J55: =INDEX(Monthly!$U:$U,MATCH("2008-02",Monthly!$A:$A,0)) -> 15.238 | K55: =INDEX(Monthly!$U:$U,MATCH("2008-03",Monthly!$A:$A,0)) -> 8.767 | L55: =INDEX(Monthly!$U:$U,MATCH("2008-04",Monthly!$A:$A,0)) -> 52.865 | M55: =INDEX(Monthly!$U:$U,MATCH("2008-05",Monthly!$A:$A,0)) -> 106.164 | N55: =INDEX(Monthly!$U:$U,MATCH("2008-06",Monthly!$A:$A,0)) -> 186.665 | O55: =SUM(C55:N55) -> 1400.334
A56: 2008/09 | B56: La Niña | C56: =INDEX(Monthly!$U:$U,MATCH("2008-07",Monthly!$A:$A,0)) -> 357.091 | D56: =INDEX(Monthly!$U:$U,MATCH("2008-08",Monthly!$A:$A,0)) -> 263.939 | E56: =INDEX(Monthly!$U:$U,MATCH("2008-09",Monthly!$A:$A,0)) -> 394.322 | F56: =INDEX(Monthly!$U:$U,MATCH("2008-10",Monthly!$A:$A,0)) -> 174.157 | G56: =INDEX(Monthly!$U:$U,MATCH("2008-11",Monthly!$A:$A,0)) -> 21.868 | H56: =INDEX(Monthly!$U:$U,MATCH("2008-12",Monthly!$A:$A,0)) -> 58.165 | I56: =INDEX(Monthly!$U:$U,MATCH("2009-01",Monthly!$A:$A,0)) -> 8.723 | J56: =INDEX(Monthly!$U:$U,MATCH("2009-02",Monthly!$A:$A,0)) -> 29.413 | K56: =INDEX(Monthly!$U:$U,MATCH("2009-03",Monthly!$A:$A,0)) -> 3.56 | L56: =INDEX(Monthly!$U:$U,MATCH("2009-04",Monthly!$A:$A,0)) -> 19.22 | M56: =INDEX(Monthly!$U:$U,MATCH("2009-05",Monthly!$A:$A,0)) -> 194.216 | N56: =INDEX(Monthly!$U:$U,MATCH("2009-06",Monthly!$A:$A,0)) -> 132.516 | O56: =SUM(C56:N56) -> 1657.19
A57: 2010/11 | B57: La Niña | C57: =INDEX(Monthly!$U:$U,MATCH("2010-07",Monthly!$A:$A,0)) -> 193.684 | D57: =INDEX(Monthly!$U:$U,MATCH("2010-08",Monthly!$A:$A,0)) -> 274.91 | E57: =INDEX(Monthly!$U:$U,MATCH("2010-09",Monthly!$A:$A,0)) -> 186.942 | F57: =INDEX(Monthly!$U:$U,MATCH("2010-10",Monthly!$A:$A,0)) -> 20.887 | G57: =INDEX(Monthly!$U:$U,MATCH("2010-11",Monthly!$A:$A,0)) -> 11.228 | H57: =INDEX(Monthly!$U:$U,MATCH("2010-12",Monthly!$A:$A,0)) -> 8.218 | I57: =INDEX(Monthly!$U:$U,MATCH("2011-01",Monthly!$A:$A,0)) -> 8.262 | J57: =INDEX(Monthly!$U:$U,MATCH("2011-02",Monthly!$A:$A,0)) -> 16.499 | K57: =INDEX(Monthly!$U:$U,MATCH("2011-03",Monthly!$A:$A,0)) -> 6.637 | L57: =INDEX(Monthly!$U:$U,MATCH("2011-04",Monthly!$A:$A,0)) -> 46.635 | M57: =INDEX(Monthly!$U:$U,MATCH("2011-05",Monthly!$A:$A,0)) -> 141.937 | N57: =INDEX(Monthly!$U:$U,MATCH("2011-06",Monthly!$A:$A,0)) -> 195.032 | O57: =SUM(C57:N57) -> 1110.871
A58: 2011/12 | B58: La Niña | C58: =INDEX(Monthly!$U:$U,MATCH("2011-07",Monthly!$A:$A,0)) -> 296.705 | D58: =INDEX(Monthly!$U:$U,MATCH("2011-08",Monthly!$A:$A,0)) -> 257.703 | E58: =INDEX(Monthly!$U:$U,MATCH("2011-09",Monthly!$A:$A,0)) -> 238.403 | F58: =INDEX(Monthly!$U:$U,MATCH("2011-10",Monthly!$A:$A,0)) -> 322.373 | G58: =INDEX(Monthly!$U:$U,MATCH("2011-11",Monthly!$A:$A,0)) -> 25.039 | H58: =INDEX(Monthly!$U:$U,MATCH("2011-12",Monthly!$A:$A,0)) -> 35.516 | I58: =INDEX(Monthly!$U:$U,MATCH("2012-01",Monthly!$A:$A,0)) -> 8.494 | J58: =INDEX(Monthly!$U:$U,MATCH("2012-02",Monthly!$A:$A,0)) -> 15.348 | K58: =INDEX(Monthly!$U:$U,MATCH("2012-03",Monthly!$A:$A,0)) -> 23.945 | L58: =INDEX(Monthly!$U:$U,MATCH("2012-04",Monthly!$A:$A,0)) -> 50.178 | M58: =INDEX(Monthly!$U:$U,MATCH("2012-05",Monthly!$A:$A,0)) -> 188.655 | N58: =INDEX(Monthly!$U:$U,MATCH("2012-06",Monthly!$A:$A,0)) -> 112.506 | O58: =SUM(C58:N58) -> 1574.865
A59: 2017/18 | B59: La Niña | C59: =INDEX(Monthly!$U:$U,MATCH("2017-07",Monthly!$A:$A,0)) -> 269.24 | D59: =INDEX(Monthly!$U:$U,MATCH("2017-08",Monthly!$A:$A,0)) -> 207.396 | E59: =INDEX(Monthly!$U:$U,MATCH("2017-09",Monthly!$A:$A,0)) -> 261.335 | F59: =INDEX(Monthly!$U:$U,MATCH("2017-10",Monthly!$A:$A,0)) -> 152.433 | G59: =INDEX(Monthly!$U:$U,MATCH("2017-11",Monthly!$A:$A,0)) -> 15.103 | H59: =INDEX(Monthly!$U:$U,MATCH("2017-12",Monthly!$A:$A,0)) -> 11.004 | I59: =INDEX(Monthly!$U:$U,MATCH("2018-01",Monthly!$A:$A,0)) -> 21.208 | J59: =INDEX(Monthly!$U:$U,MATCH("2018-02",Monthly!$A:$A,0)) -> 13.424 | K59: =INDEX(Monthly!$U:$U,MATCH("2018-03",Monthly!$A:$A,0)) -> 4.261 | L59: =INDEX(Monthly!$U:$U,MATCH("2018-04",Monthly!$A:$A,0)) -> 122.293 | M59: =INDEX(Monthly!$U:$U,MATCH("2018-05",Monthly!$A:$A,0)) -> 188.437 | N59: =INDEX(Monthly!$U:$U,MATCH("2018-06",Monthly!$A:$A,0)) -> 183.928 | O59: =SUM(C59:N59) -> 1450.062
A60: 2020/21 | B60: La Niña | C60: =INDEX(Monthly!$U:$U,MATCH("2020-07",Monthly!$A:$A,0)) -> 180.968 | D60: =INDEX(Monthly!$U:$U,MATCH("2020-08",Monthly!$A:$A,0)) -> 211.345 | E60: =INDEX(Monthly!$U:$U,MATCH("2020-09",Monthly!$A:$A,0)) -> 251.172 | F60: =INDEX(Monthly!$U:$U,MATCH("2020-10",Monthly!$A:$A,0)) -> 154.544 | G60: =INDEX(Monthly!$U:$U,MATCH("2020-11",Monthly!$A:$A,0)) -> 195.619 | H60: =INDEX(Monthly!$U:$U,MATCH("2020-12",Monthly!$A:$A,0)) -> 6.775 | I60: =INDEX(Monthly!$U:$U,MATCH("2021-01",Monthly!$A:$A,0)) -> 11.085 | J60: =INDEX(Monthly!$U:$U,MATCH("2021-02",Monthly!$A:$A,0)) -> 19.94 | K60: =INDEX(Monthly!$U:$U,MATCH("2021-03",Monthly!$A:$A,0)) -> 7.027 | L60: =INDEX(Monthly!$U:$U,MATCH("2021-04",Monthly!$A:$A,0)) -> 41.586 | M60: =INDEX(Monthly!$U:$U,MATCH("2021-05",Monthly!$A:$A,0)) -> 144.432 | N60: =INDEX(Monthly!$U:$U,MATCH("2021-06",Monthly!$A:$A,0)) -> 307.854 | O60: =SUM(C60:N60) -> 1532.347
A61: 2021/22 | B61: La Niña | C61: =INDEX(Monthly!$U:$U,MATCH("2021-07",Monthly!$A:$A,0)) -> 160.959 | D61: =INDEX(Monthly!$U:$U,MATCH("2021-08",Monthly!$A:$A,0)) -> 229.253 | E61: =INDEX(Monthly!$U:$U,MATCH("2021-09",Monthly!$A:$A,0)) -> 167.768 | F61: =INDEX(Monthly!$U:$U,MATCH("2021-10",Monthly!$A:$A,0)) -> 133.58 | G61: =INDEX(Monthly!$U:$U,MATCH("2021-11",Monthly!$A:$A,0)) -> 13.11 | H61: =INDEX(Monthly!$U:$U,MATCH("2021-12",Monthly!$A:$A,0)) -> 12.092 | I61: =INDEX(Monthly!$U:$U,MATCH("2022-01",Monthly!$A:$A,0)) -> 13.49 | J61: =INDEX(Monthly!$U:$U,MATCH("2022-02",Monthly!$A:$A,0)) -> 16.493 | K61: =INDEX(Monthly!$U:$U,MATCH("2022-03",Monthly!$A:$A,0)) -> 30.209 | L61: =INDEX(Monthly!$U:$U,MATCH("2022-04",Monthly!$A:$A,0)) -> 48.542 | M61: =INDEX(Monthly!$U:$U,MATCH("2022-05",Monthly!$A:$A,0)) -> 111.351 | N61: =INDEX(Monthly!$U:$U,MATCH("2022-06",Monthly!$A:$A,0)) -> 224.061 | O61: =SUM(C61:N61) -> 1160.908
A62: 2022/23 | B62: La Niña | C62: =INDEX(Monthly!$U:$U,MATCH("2022-07",Monthly!$A:$A,0)) -> 210.152 | D62: =INDEX(Monthly!$U:$U,MATCH("2022-08",Monthly!$A:$A,0)) -> 329.191 | E62: =INDEX(Monthly!$U:$U,MATCH("2022-09",Monthly!$A:$A,0)) -> 235.141 | F62: =INDEX(Monthly!$U:$U,MATCH("2022-10",Monthly!$A:$A,0)) -> 153.806 | G62: =INDEX(Monthly!$U:$U,MATCH("2022-11",Monthly!$A:$A,0)) -> 51.526 | H62: =INDEX(Monthly!$U:$U,MATCH("2022-12",Monthly!$A:$A,0)) -> 3.755 | I62: =INDEX(Monthly!$U:$U,MATCH("2023-01",Monthly!$A:$A,0)) -> 4.77 | J62: =INDEX(Monthly!$U:$U,MATCH("2023-02",Monthly!$A:$A,0)) -> 1.814 | K62: =INDEX(Monthly!$U:$U,MATCH("2023-03",Monthly!$A:$A,0)) -> 7.259 | L62: =INDEX(Monthly!$U:$U,MATCH("2023-04",Monthly!$A:$A,0)) -> 19.734 | M62: =INDEX(Monthly!$U:$U,MATCH("2023-05",Monthly!$A:$A,0)) -> 71.927 | N62: =INDEX(Monthly!$U:$U,MATCH("2023-06",Monthly!$A:$A,0)) -> 119.624 | O62: =SUM(C62:N62) -> 1208.699
A63: Average La Niña | B63: 9 seasons | C63: =AVERAGE(C54:C62) -> 221.78811 | D63: =AVERAGE(D54:D62) -> 242.10133 | E63: =AVERAGE(E54:E62) -> 249.79678 | F63: =AVERAGE(F54:F62) -> 157.05567 | G63: =AVERAGE(G54:G62) -> 42.083444 | H63: =AVERAGE(H54:H62) -> 18.976889 | I63: =AVERAGE(I54:I62) -> 12.170222 | J63: =AVERAGE(J54:J62) -> 14.672667 | ... N63: =AVERAGE(N54:N62) -> 183.49133 | O63: =SUM(C63:N63) -> 1344.5918
A65: Neutral (4 seasons)
A66: 2012/13 | B66: Neutral | C66: =INDEX(Monthly!$U:$U,MATCH("2012-07",Monthly!$A:$A,0)) -> 130.434 | D66: =INDEX(Monthly!$U:$U,MATCH("2012-08",Monthly!$A:$A,0)) -> 373.815 | E66: =INDEX(Monthly!$U:$U,MATCH("2012-09",Monthly!$A:$A,0)) -> 151.059 | F66: =INDEX(Monthly!$U:$U,MATCH("2012-10",Monthly!$A:$A,0)) -> 146.86 | G66: =INDEX(Monthly!$U:$U,MATCH("2012-11",Monthly!$A:$A,0)) -> 43.405 | H66: =INDEX(Monthly!$U:$U,MATCH("2012-12",Monthly!$A:$A,0)) -> 30.28 | I66: =INDEX(Monthly!$U:$U,MATCH("2013-01",Monthly!$A:$A,0)) -> 24.518 | J66: =INDEX(Monthly!$U:$U,MATCH("2013-02",Monthly!$A:$A,0)) -> 10.092 | K66: =INDEX(Monthly!$U:$U,MATCH("2013-03",Monthly!$A:$A,0)) -> 17.567 | L66: =INDEX(Monthly!$U:$U,MATCH("2013-04",Monthly!$A:$A,0)) -> 30.929 | M66: =INDEX(Monthly!$U:$U,MATCH("2013-05",Monthly!$A:$A,0)) -> 144.241 | N66: =INDEX(Monthly!$U:$U,MATCH("2013-06",Monthly!$A:$A,0)) -> 184.244 | O66: =SUM(C66:N66) -> 1287.444
A67: 2013/14 | B67: Neutral | C67: =INDEX(Monthly!$U:$U,MATCH("2013-07",Monthly!$A:$A,0)) -> 181.49 | D67: =INDEX(Monthly!$U:$U,MATCH("2013-08",Monthly!$A:$A,0)) -> 197.388 | E67: =INDEX(Monthly!$U:$U,MATCH("2013-09",Monthly!$A:$A,0)) -> 106.174 | F67: =INDEX(Monthly!$U:$U,MATCH("2013-10",Monthly!$A:$A,0)) -> 157.347 | G67: =INDEX(Monthly!$U:$U,MATCH("2013-11",Monthly!$A:$A,0)) -> 39.533 | H67: =INDEX(Monthly!$U:$U,MATCH("2013-12",Monthly!$A:$A,0)) -> 10.82 | I67: =INDEX(Monthly!$U:$U,MATCH("2014-01",Monthly!$A:$A,0)) -> 13.172 | J67: =INDEX(Monthly!$U:$U,MATCH("2014-02",Monthly!$A:$A,0)) -> 4.973 | K67: =INDEX(Monthly!$U:$U,MATCH("2014-03",Monthly!$A:$A,0)) -> 25.253 | L67: =INDEX(Monthly!$U:$U,MATCH("2014-04",Monthly!$A:$A,0)) -> 6.163 | M67: =INDEX(Monthly!$U:$U,MATCH("2014-05",Monthly!$A:$A,0)) -> 142.951 | N67: =INDEX(Monthly!$U:$U,MATCH("2014-06",Monthly!$A:$A,0)) -> 242.509 | O67: =SUM(C67:N67) -> 1127.773
A68: 2016/17 | B68: Neutral | C68: =INDEX(Monthly!$U:$U,MATCH("2016-07",Monthly!$A:$A,0)) -> 172.17 | D68: =INDEX(Monthly!$U:$U,MATCH("2016-08",Monthly!$A:$A,0)) -> 182.226 | E68: =INDEX(Monthly!$U:$U,MATCH("2016-09",Monthly!$A:$A,0)) -> 270.349 | F68: =INDEX(Monthly!$U:$U,MATCH("2016-10",Monthly!$A:$A,0)) -> 73.824 | G68: =INDEX(Monthly!$U:$U,MATCH("2016-11",Monthly!$A:$A,0)) -> 24.331 | H68: =INDEX(Monthly!$U:$U,MATCH("2016-12",Monthly!$A:$A,0)) -> 16.835 | I68: =INDEX(Monthly!$U:$U,MATCH("2017-01",Monthly!$A:$A,0)) -> 9.237 | J68: =INDEX(Monthly!$U:$U,MATCH("2017-02",Monthly!$A:$A,0)) -> 3.509 | K68: =INDEX(Monthly!$U:$U,MATCH("2017-03",Monthly!$A:$A,0)) -> 40.521 | L68: =INDEX(Monthly!$U:$U,MATCH("2017-04",Monthly!$A:$A,0)) -> 28.016 | M68: =INDEX(Monthly!$U:$U,MATCH("2017-05",Monthly!$A:$A,0)) -> 205.415 | N68: =INDEX(Monthly!$U:$U,MATCH("2017-06",Monthly!$A:$A,0)) -> 230.711 | O68: =SUM(C68:N68) -> 1257.144
A69: 2024/25 | B69: Neutral | C69: =INDEX(Monthly!$U:$U,MATCH("2024-07",Monthly!$A:$A,0)) -> 173.931 | D69: =INDEX(Monthly!$U:$U,MATCH("2024-08",Monthly!$A:$A,0)) -> 179.105 | E69: =INDEX(Monthly!$U:$U,MATCH("2024-09",Monthly!$A:$A,0)) -> 143.461 | F69: =INDEX(Monthly!$U:$U,MATCH("2024-10",Monthly!$A:$A,0)) -> 67.001 | G69: =INDEX(Monthly!$U:$U,MATCH("2024-11",Monthly!$A:$A,0)) -> 87.197 | H69: =INDEX(Monthly!$U:$U,MATCH("2024-12",Monthly!$A:$A,0)) -> 4.462 | I69: =INDEX(Monthly!$U:$U,MATCH("2025-01",Monthly!$A:$A,0)) -> 3.544 | J69: =INDEX(Monthly!$U:$U,MATCH("2025-02",Monthly!$A:$A,0)) -> 6.28 | K69: =INDEX(Monthly!$U:$U,MATCH("2025-03",Monthly!$A:$A,0)) -> 8.087 | L69: =INDEX(Monthly!$U:$U,MATCH("2025-04",Monthly!$A:$A,0)) -> 28.502 | M69: =INDEX(Monthly!$U:$U,MATCH("2025-05",Monthly!$A:$A,0)) -> 94.875 | N69: =INDEX(Monthly!$U:$U,MATCH("2025-06",Monthly!$A:$A,0)) -> 355.957 | O69: =SUM(C69:N69) -> 1152.402
A70: Average Neutral | B70: 4 seasons | C70: =AVERAGE(C66:C69) -> 164.50625 | D70: =AVERAGE(D66:D69) -> 233.1335 | E70: =AVERAGE(E66:E69) -> 167.76075 | F70: =AVERAGE(F66:F69) -> 111.258 | G70: =AVERAGE(G66:G69) -> 48.6165 | H70: =AVERAGE(H66:H69) -> 15.59925 | I70: =AVERAGE(I66:I69) -> 12.61775 | J70: =AVERAGE(J66:J69) -> 6.2135 | ... N70: =AVERAGE(N66:N69) -> 253.35525 | O70: =SUM(C70:N70) -> 1206.1907
A72: After the photo window (not in the averages)
A73: 2025/26 | B73: Neutral | C73: =INDEX(Monthly!$U:$U,MATCH("2025-07",Monthly!$A:$A,0)) -> 199.357 | D73: =INDEX(Monthly!$U:$U,MATCH("2025-08",Monthly!$A:$A,0)) -> 158.159 | E73: =INDEX(Monthly!$U:$U,MATCH("2025-09",Monthly!$A:$A,0)) -> 106.814 | F73: =INDEX(Monthly!$U:$U,MATCH("2025-10",Monthly!$A:$A,0)) -> 175.359 | G73: =INDEX(Monthly!$U:$U,MATCH("2025-11",Monthly!$A:$A,0)) -> 31.532 | H73: =INDEX(Monthly!$U:$U,MATCH("2025-12",Monthly!$A:$A,0)) -> 16.486 | I73: =INDEX(Monthly!$U:$U,MATCH("2026-01",Monthly!$A:$A,0)) -> 0.712 | J73: =INDEX(Monthly!$U:$U,MATCH("2026-02",Monthly!$A:$A,0)) -> 0.631 | K73: =INDEX(Monthly!$U:$U,MATCH("2026-03",Monthly!$A:$A,0)) -> 16.414 | L73: =INDEX(Monthly!$U:$U,MATCH("2026-04",Monthly!$A:$A,0)) -> 63.316 | M73: =INDEX(Monthly!$U:$U,MATCH("2026-05",Monthly!$A:$A,0)) -> 61.715 | N73: =INDEX(Monthly!$U:$U,MATCH("2026-06",Monthly!$A:$A,0)) -> 72.205 | O73: =SUM(C73:N73) -> 902.7
A74: 2026/27 | B74: El Niño (in progress) | C74: =INDEX(Monthly!$U:$U,MATCH("2026-07",Monthly!$A:$A,0)) -> 47.519 | D74: =INDEX(Monthly!$U:$U,MATCH("2026-08",Monthly!$A:$A,0)) -> 12.148

Sheet Chart_Copan
A1: Copán — Copán department, town of Santa Rosa de Copán | Temperature and rainfall by ENSO season
A2: Rain: NOAA CPC gauge analysis (daily, 0.5°). Temperature: NASA POWER daily (grid cell of each town). July–June seasons 2005/06–2024/25 as in the São Mateus chart. Season phase = official NOAA ENSO episode at its Nov–Jan peak (sheet ENSO_seasons). Average rows = mean of the seasons of that phase in the photo window.
A3: Seasons after the photo window are listed below each block, outside the averages. 2026/27: complete months only (data end 2026-09-22).
A5: Mean temperature (°C) — monthly mean of daily T2M
A6: Season | B6: Phase | C6: Jul | D6: Aug | E6: Sep | F6: Oct | G6: Nov | H6: Dec | I6: Jan | J6: Feb | K6: Mar | L6: Apr | M6: May | N6: Jun | O6: Season mean
A7: El Niño (7 seasons)
A8: 2006/07 | B8: El Niño | C8: =INDEX(Monthly!$AA:$AA,MATCH("2006-07",Monthly!$A:$A,0)) -> 22.668065 | D8: =INDEX(Monthly!$AA:$AA,MATCH("2006-08",Monthly!$A:$A,0)) -> 22.738387 | E8: =INDEX(Monthly!$AA:$AA,MATCH("2006-09",Monthly!$A:$A,0)) -> 22.772 | F8: =INDEX(Monthly!$AA:$AA,MATCH("2006-10",Monthly!$A:$A,0)) -> 22.518387 | G8: =INDEX(Monthly!$AA:$AA,MATCH("2006-11",Monthly!$A:$A,0)) -> 19.887333 | H8: =INDEX(Monthly!$AA:$AA,MATCH("2006-12",Monthly!$A:$A,0)) -> 20.093871 | I8: =INDEX(Monthly!$AA:$AA,MATCH("2007-01",Monthly!$A:$A,0)) -> 19.994194 | J8: =INDEX(Monthly!$AA:$AA,MATCH("2007-02",Monthly!$A:$A,0)) -> 20.448571 | K8: =INDEX(Monthly!$AA:$AA,MATCH("2007-03",Monthly!$A:$A,0)) -> 21.30129 | L8: =INDEX(Monthly!$AA:$AA,MATCH("2007-04",Monthly!$A:$A,0)) -> 23.993 | M8: =INDEX(Monthly!$AA:$AA,MATCH("2007-05",Monthly!$A:$A,0)) -> 24.879032 | N8: =INDEX(Monthly!$AA:$AA,MATCH("2007-06",Monthly!$A:$A,0)) -> 23.539 | O8: =AVERAGE(C8:N8) -> 22.069428
A9: 2009/10 | B9: El Niño | C9: =INDEX(Monthly!$AA:$AA,MATCH("2009-07",Monthly!$A:$A,0)) -> 22.954194 | D9: =INDEX(Monthly!$AA:$AA,MATCH("2009-08",Monthly!$A:$A,0)) -> 22.702903 | E9: =INDEX(Monthly!$AA:$AA,MATCH("2009-09",Monthly!$A:$A,0)) -> 22.979333 | F9: =INDEX(Monthly!$AA:$AA,MATCH("2009-10",Monthly!$A:$A,0)) -> 22.726129 | G9: =INDEX(Monthly!$AA:$AA,MATCH("2009-11",Monthly!$A:$A,0)) -> 20.51 | H9: =INDEX(Monthly!$AA:$AA,MATCH("2009-12",Monthly!$A:$A,0)) -> 20.48871 | I9: =INDEX(Monthly!$AA:$AA,MATCH("2010-01",Monthly!$A:$A,0)) -> 18.905806 | J9: =INDEX(Monthly!$AA:$AA,MATCH("2010-02",Monthly!$A:$A,0)) -> 21.299286 | K9: =INDEX(Monthly!$AA:$AA,MATCH("2010-03",Monthly!$A:$A,0)) -> 22.705161 | L9: =INDEX(Monthly!$AA:$AA,MATCH("2010-04",Monthly!$A:$A,0)) -> 24.877333 | M9: =INDEX(Monthly!$AA:$AA,MATCH("2010-05",Monthly!$A:$A,0)) -> 24.56871 | N9: =INDEX(Monthly!$AA:$AA,MATCH("2010-06",Monthly!$A:$A,0)) -> 23.570667 | O9: =AVERAGE(C9:N9) -> 22.357353
A10: 2014/15 | B10: El Niño | C10: =INDEX(Monthly!$AA:$AA,MATCH("2014-07",Monthly!$A:$A,0)) -> 22.992581 | D10: =INDEX(Monthly!$AA:$AA,MATCH("2014-08",Monthly!$A:$A,0)) -> 22.634194 | E10: =INDEX(Monthly!$AA:$AA,MATCH("2014-09",Monthly!$A:$A,0)) -> 22.487667 | F10: =INDEX(Monthly!$AA:$AA,MATCH("2014-10",Monthly!$A:$A,0)) -> 21.813871 | G10: =INDEX(Monthly!$AA:$AA,MATCH("2014-11",Monthly!$A:$A,0)) -> 19.786667 | H10: =INDEX(Monthly!$AA:$AA,MATCH("2014-12",Monthly!$A:$A,0)) -> 18.970968 | I10: =INDEX(Monthly!$AA:$AA,MATCH("2015-01",Monthly!$A:$A,0)) -> 18.875484 | J10: =INDEX(Monthly!$AA:$AA,MATCH("2015-02",Monthly!$A:$A,0)) -> 18.9475 | K10: =INDEX(Monthly!$AA:$AA,MATCH("2015-03",Monthly!$A:$A,0)) -> 20.931935 | L10: =INDEX(Monthly!$AA:$AA,MATCH("2015-04",Monthly!$A:$A,0)) -> 23.867667 | M10: =INDEX(Monthly!$AA:$AA,MATCH("2015-05",Monthly!$A:$A,0)) -> 23.620645 | N10: =INDEX(Monthly!$AA:$AA,MATCH("2015-06",Monthly!$A:$A,0)) -> 22.972 | O10: =AVERAGE(C10:N10) -> 21.491765
A11: 2015/16 | B11: El Niño | C11: =INDEX(Monthly!$AA:$AA,MATCH("2015-07",Monthly!$A:$A,0)) -> 23.734839 | D11: =INDEX(Monthly!$AA:$AA,MATCH("2015-08",Monthly!$A:$A,0)) -> 24.120968 | E11: =INDEX(Monthly!$AA:$AA,MATCH("2015-09",Monthly!$A:$A,0)) -> 23.131333 | F11: =INDEX(Monthly!$AA:$AA,MATCH("2015-10",Monthly!$A:$A,0)) -> 22.694839 | G11: =INDEX(Monthly!$AA:$AA,MATCH("2015-11",Monthly!$A:$A,0)) -> 21.771 | H11: =INDEX(Monthly!$AA:$AA,MATCH("2015-12",Monthly!$A:$A,0)) -> 21.388065 | I11: =INDEX(Monthly!$AA:$AA,MATCH("2016-01",Monthly!$A:$A,0)) -> 19.824516 | J11: =INDEX(Monthly!$AA:$AA,MATCH("2016-02",Monthly!$A:$A,0)) -> 19.470345 | K11: =INDEX(Monthly!$AA:$AA,MATCH("2016-03",Monthly!$A:$A,0)) -> 23.792903 | L11: =INDEX(Monthly!$AA:$AA,MATCH("2016-04",Monthly!$A:$A,0)) -> 24.731667 | M11: =INDEX(Monthly!$AA:$AA,MATCH("2016-05",Monthly!$A:$A,0)) -> 25.559032 | N11: =INDEX(Monthly!$AA:$AA,MATCH("2016-06",Monthly!$A:$A,0)) -> 23.568667 | O11: =AVERAGE(C11:N11) -> 22.815681
A12: 2018/19 | B12: El Niño | C12: =INDEX(Monthly!$AA:$AA,MATCH("2018-07",Monthly!$A:$A,0)) -> 23.15871 | D12: =INDEX(Monthly!$AA:$AA,MATCH("2018-08",Monthly!$A:$A,0)) -> 22.947419 | E12: =INDEX(Monthly!$AA:$AA,MATCH("2018-09",Monthly!$A:$A,0)) -> 23.094667 | F12: =INDEX(Monthly!$AA:$AA,MATCH("2018-10",Monthly!$A:$A,0)) -> 22.406452 | G12: =INDEX(Monthly!$AA:$AA,MATCH("2018-11",Monthly!$A:$A,0)) -> 22.479 | H12: =INDEX(Monthly!$AA:$AA,MATCH("2018-12",Monthly!$A:$A,0)) -> 21.026452 | I12: =INDEX(Monthly!$AA:$AA,MATCH("2019-01",Monthly!$A:$A,0)) -> 20.460323 | J12: =INDEX(Monthly!$AA:$AA,MATCH("2019-02",Monthly!$A:$A,0)) -> 23.358214 | K12: =INDEX(Monthly!$AA:$AA,MATCH("2019-03",Monthly!$A:$A,0)) -> 23.172258 | L12: =INDEX(Monthly!$AA:$AA,MATCH("2019-04",Monthly!$A:$A,0)) -> 25.486667 | M12: =INDEX(Monthly!$AA:$AA,MATCH("2019-05",Monthly!$A:$A,0)) -> 25.37871 | N12: =INDEX(Monthly!$AA:$AA,MATCH("2019-06",Monthly!$A:$A,0)) -> 24.532 | O12: =AVERAGE(C12:N12) -> 23.125073
A13: 2019/20 | B13: El Niño | C13: =INDEX(Monthly!$AA:$AA,MATCH("2019-07",Monthly!$A:$A,0)) -> 24.186129 | D13: =INDEX(Monthly!$AA:$AA,MATCH("2019-08",Monthly!$A:$A,0)) -> 24.414839 | E13: =INDEX(Monthly!$AA:$AA,MATCH("2019-09",Monthly!$A:$A,0)) -> 23.577 | F13: =INDEX(Monthly!$AA:$AA,MATCH("2019-10",Monthly!$A:$A,0)) -> 22.910323 | G13: =INDEX(Monthly!$AA:$AA,MATCH("2019-11",Monthly!$A:$A,0)) -> 20.967 | H13: =INDEX(Monthly!$AA:$AA,MATCH("2019-12",Monthly!$A:$A,0)) -> 20.186774 | I13: =INDEX(Monthly!$AA:$AA,MATCH("2020-01",Monthly!$A:$A,0)) -> 21.063871 | J13: =INDEX(Monthly!$AA:$AA,MATCH("2020-02",Monthly!$A:$A,0)) -> 22.206897 | K13: =INDEX(Monthly!$AA:$AA,MATCH("2020-03",Monthly!$A:$A,0)) -> 23.12 | L13: =INDEX(Monthly!$AA:$AA,MATCH("2020-04",Monthly!$A:$A,0)) -> 26.868333 | M13: =INDEX(Monthly!$AA:$AA,MATCH("2020-05",Monthly!$A:$A,0)) -> 25.002581 | N13: =INDEX(Monthly!$AA:$AA,MATCH("2020-06",Monthly!$A:$A,0)) -> 23.814667 | O13: =AVERAGE(C13:N13) -> 23.193201
A14: 2023/24 | B14: El Niño | C14: =INDEX(Monthly!$AA:$AA,MATCH("2023-07",Monthly!$A:$A,0)) -> 24.007097 | D14: =INDEX(Monthly!$AA:$AA,MATCH("2023-08",Monthly!$A:$A,0)) -> 24.147419 | E14: =INDEX(Monthly!$AA:$AA,MATCH("2023-09",Monthly!$A:$A,0)) -> 24.15 | F14: =INDEX(Monthly!$AA:$AA,MATCH("2023-10",Monthly!$A:$A,0)) -> 23.166129 | G14: =INDEX(Monthly!$AA:$AA,MATCH("2023-11",Monthly!$A:$A,0)) -> 21.655 | H14: =INDEX(Monthly!$AA:$AA,MATCH("2023-12",Monthly!$A:$A,0)) -> 20.344194 | I14: =INDEX(Monthly!$AA:$AA,MATCH("2024-01",Monthly!$A:$A,0)) -> 21.069677 | J14: =INDEX(Monthly!$AA:$AA,MATCH("2024-02",Monthly!$A:$A,0)) -> 20.753103 | K14: =INDEX(Monthly!$AA:$AA,MATCH("2024-03",Monthly!$A:$A,0)) -> 24.828065 | L14: =INDEX(Monthly!$AA:$AA,MATCH("2024-04",Monthly!$A:$A,0)) -> 25.446 | M14: =INDEX(Monthly!$AA:$AA,MATCH("2024-05",Monthly!$A:$A,0)) -> 28.035161 | N14: =INDEX(Monthly!$AA:$AA,MATCH("2024-06",Monthly!$A:$A,0)) -> 24.715667 | O14: =AVERAGE(C14:N14) -> 23.526459
A15: Average El Niño | B15: 7 seasons | C15: =AVERAGE(C8:C14) -> 23.385945 | D15: =AVERAGE(D8:D14) -> 23.38659 | E15: =AVERAGE(E8:E14) -> 23.170286 | F15: =AVERAGE(F8:F14) -> 22.605161 | G15: =AVERAGE(G8:G14) -> 21.008 | H15: =AVERAGE(H8:H14) -> 20.357005 | I15: =AVERAGE(I8:I14) -> 20.027696 | J15: =AVERAGE(J8:J14) -> 20.926274 | ... N15: =AVERAGE(N8:N14) -> 23.816095 | O15: =AVERAGE(C15:N15) -> 22.654137
A17: La Niña (9 seasons)
A18: 2005/06 | B18: La Niña | C18: =INDEX(Monthly!$AA:$AA,MATCH("2005-07",Monthly!$A:$A,0)) -> 23.213548 | D18: =INDEX(Monthly!$AA:$AA,MATCH("2005-08",Monthly!$A:$A,0)) -> 23.284839 | E18: =INDEX(Monthly!$AA:$AA,MATCH("2005-09",Monthly!$A:$A,0)) -> 22.760667 | F18: =INDEX(Monthly!$AA:$AA,MATCH("2005-10",Monthly!$A:$A,0)) -> 21.344516 | G18: =INDEX(Monthly!$AA:$AA,MATCH("2005-11",Monthly!$A:$A,0)) -> 20.017 | H18: =INDEX(Monthly!$AA:$AA,MATCH("2005-12",Monthly!$A:$A,0)) -> 20.312258 | I18: =INDEX(Monthly!$AA:$AA,MATCH("2006-01",Monthly!$A:$A,0)) -> 19.855161 | J18: =INDEX(Monthly!$AA:$AA,MATCH("2006-02",Monthly!$A:$A,0)) -> 19.858571 | K18: =INDEX(Monthly!$AA:$AA,MATCH("2006-03",Monthly!$A:$A,0)) -> 22.384839 | L18: =INDEX(Monthly!$AA:$AA,MATCH("2006-04",Monthly!$A:$A,0)) -> 23.780667 | M18: =INDEX(Monthly!$AA:$AA,MATCH("2006-05",Monthly!$A:$A,0)) -> 24.147742 | N18: =INDEX(Monthly!$AA:$AA,MATCH("2006-06",Monthly!$A:$A,0)) -> 22.646667 | O18: =AVERAGE(C18:N18) -> 21.967206
A19: 2007/08 | B19: La Niña | C19: =INDEX(Monthly!$AA:$AA,MATCH("2007-07",Monthly!$A:$A,0)) -> 23.093871 | D19: =INDEX(Monthly!$AA:$AA,MATCH("2007-08",Monthly!$A:$A,0)) -> 22.842581 | E19: =INDEX(Monthly!$AA:$AA,MATCH("2007-09",Monthly!$A:$A,0)) -> 22.145333 | F19: =INDEX(Monthly!$AA:$AA,MATCH("2007-10",Monthly!$A:$A,0)) -> 21.404194 | G19: =INDEX(Monthly!$AA:$AA,MATCH("2007-11",Monthly!$A:$A,0)) -> 19.670667 | H19: =INDEX(Monthly!$AA:$AA,MATCH("2007-12",Monthly!$A:$A,0)) -> 19.447097 | I19: =INDEX(Monthly!$AA:$AA,MATCH("2008-01",Monthly!$A:$A,0)) -> 19.15871 | J19: =INDEX(Monthly!$AA:$AA,MATCH("2008-02",Monthly!$A:$A,0)) -> 20.481724 | K19: =INDEX(Monthly!$AA:$AA,MATCH("2008-03",Monthly!$A:$A,0)) -> 21.845484 | L19: =INDEX(Monthly!$AA:$AA,MATCH("2008-04",Monthly!$A:$A,0)) -> 23.482667 | M19: =INDEX(Monthly!$AA:$AA,MATCH("2008-05",Monthly!$A:$A,0)) -> 24.955161 | N19: =INDEX(Monthly!$AA:$AA,MATCH("2008-06",Monthly!$A:$A,0)) -> 22.815 | O19: =AVERAGE(C19:N19) -> 21.778541
A20: 2008/09 | B20: La Niña | C20: =INDEX(Monthly!$AA:$AA,MATCH("2008-07",Monthly!$A:$A,0)) -> 22.245484 | D20: =INDEX(Monthly!$AA:$AA,MATCH("2008-08",Monthly!$A:$A,0)) -> 22.787742 | E20: =INDEX(Monthly!$AA:$AA,MATCH("2008-09",Monthly!$A:$A,0)) -> 22.874667 | F20: =INDEX(Monthly!$AA:$AA,MATCH("2008-10",Monthly!$A:$A,0)) -> 21.173226 | G20: =INDEX(Monthly!$AA:$AA,MATCH("2008-11",Monthly!$A:$A,0)) -> 18.725667 | H20: =INDEX(Monthly!$AA:$AA,MATCH("2008-12",Monthly!$A:$A,0)) -> 18.797097 | I20: =INDEX(Monthly!$AA:$AA,MATCH("2009-01",Monthly!$A:$A,0)) -> 18.777097 | J20: =INDEX(Monthly!$AA:$AA,MATCH("2009-02",Monthly!$A:$A,0)) -> 18.893214 | K20: =INDEX(Monthly!$AA:$AA,MATCH("2009-03",Monthly!$A:$A,0)) -> 19.404194 | L20: =INDEX(Monthly!$AA:$AA,MATCH("2009-04",Monthly!$A:$A,0)) -> 23.269667 | M20: =INDEX(Monthly!$AA:$AA,MATCH("2009-05",Monthly!$A:$A,0)) -> 23.349677 | N20: =INDEX(Monthly!$AA:$AA,MATCH("2009-06",Monthly!$A:$A,0)) -> 23.442333 | O20: =AVERAGE(C20:N20) -> 21.145005
A21: 2010/11 | B21: La Niña | C21: =INDEX(Monthly!$AA:$AA,MATCH("2010-07",Monthly!$A:$A,0)) -> 23.024839 | D21: =INDEX(Monthly!$AA:$AA,MATCH("2010-08",Monthly!$A:$A,0)) -> 23.058065 | E21: =INDEX(Monthly!$AA:$AA,MATCH("2010-09",Monthly!$A:$A,0)) -> 22.668 | F21: =INDEX(Monthly!$AA:$AA,MATCH("2010-10",Monthly!$A:$A,0)) -> 20.53871 | G21: =INDEX(Monthly!$AA:$AA,MATCH("2010-11",Monthly!$A:$A,0)) -> 19.387 | H21: =INDEX(Monthly!$AA:$AA,MATCH("2010-12",Monthly!$A:$A,0)) -> 17.328387 | I21: =INDEX(Monthly!$AA:$AA,MATCH("2011-01",Monthly!$A:$A,0)) -> 19.68871 | J21: =INDEX(Monthly!$AA:$AA,MATCH("2011-02",Monthly!$A:$A,0)) -> 20.706429 | K21: =INDEX(Monthly!$AA:$AA,MATCH("2011-03",Monthly!$A:$A,0)) -> 21.930645 | L21: =INDEX(Monthly!$AA:$AA,MATCH("2011-04",Monthly!$A:$A,0)) -> 24.332333 | M21: =INDEX(Monthly!$AA:$AA,MATCH("2011-05",Monthly!$A:$A,0)) -> 24.117097 | N21: =INDEX(Monthly!$AA:$AA,MATCH("2011-06",Monthly!$A:$A,0)) -> 23.122333 | O21: =AVERAGE(C21:N21) -> 21.658546
A22: 2011/12 | B22: La Niña | C22: =INDEX(Monthly!$AA:$AA,MATCH("2011-07",Monthly!$A:$A,0)) -> 22.646129 | D22: =INDEX(Monthly!$AA:$AA,MATCH("2011-08",Monthly!$A:$A,0)) -> 23.110323 | E22: =INDEX(Monthly!$AA:$AA,MATCH("2011-09",Monthly!$A:$A,0)) -> 22.595 | F22: =INDEX(Monthly!$AA:$AA,MATCH("2011-10",Monthly!$A:$A,0)) -> 20.693871 | G22: =INDEX(Monthly!$AA:$AA,MATCH("2011-11",Monthly!$A:$A,0)) -> 19.683667 | H22: =INDEX(Monthly!$AA:$AA,MATCH("2011-12",Monthly!$A:$A,0)) -> 18.922903 | I22: =INDEX(Monthly!$AA:$AA,MATCH("2012-01",Monthly!$A:$A,0)) -> 19.391935 | J22: =INDEX(Monthly!$AA:$AA,MATCH("2012-02",Monthly!$A:$A,0)) -> 20.188276 | K22: =INDEX(Monthly!$AA:$AA,MATCH("2012-03",Monthly!$A:$A,0)) -> 20.886129 | L22: =INDEX(Monthly!$AA:$AA,MATCH("2012-04",Monthly!$A:$A,0)) -> 22.788 | M22: =INDEX(Monthly!$AA:$AA,MATCH("2012-05",Monthly!$A:$A,0)) -> 23.780323 | N22: =INDEX(Monthly!$AA:$AA,MATCH("2012-06",Monthly!$A:$A,0)) -> 23.48 | O22: =AVERAGE(C22:N22) -> 21.51388
A23: 2017/18 | B23: La Niña | C23: =INDEX(Monthly!$AA:$AA,MATCH("2017-07",Monthly!$A:$A,0)) -> 22.773871 | D23: =INDEX(Monthly!$AA:$AA,MATCH("2017-08",Monthly!$A:$A,0)) -> 23.207419 | E23: =INDEX(Monthly!$AA:$AA,MATCH("2017-09",Monthly!$A:$A,0)) -> 23.282 | F23: =INDEX(Monthly!$AA:$AA,MATCH("2017-10",Monthly!$A:$A,0)) -> 21.776452 | G23: =INDEX(Monthly!$AA:$AA,MATCH("2017-11",Monthly!$A:$A,0)) -> 19.795667 | H23: =INDEX(Monthly!$AA:$AA,MATCH("2017-12",Monthly!$A:$A,0)) -> 19.005161 | I23: =INDEX(Monthly!$AA:$AA,MATCH("2018-01",Monthly!$A:$A,0)) -> 17.944516 | J23: =INDEX(Monthly!$AA:$AA,MATCH("2018-02",Monthly!$A:$A,0)) -> 20.2425 | K23: =INDEX(Monthly!$AA:$AA,MATCH("2018-03",Monthly!$A:$A,0)) -> 22.602903 | L23: =INDEX(Monthly!$AA:$AA,MATCH("2018-04",Monthly!$A:$A,0)) -> 24.238667 | M23: =INDEX(Monthly!$AA:$AA,MATCH("2018-05",Monthly!$A:$A,0)) -> 24.84 | N23: =INDEX(Monthly!$AA:$AA,MATCH("2018-06",Monthly!$A:$A,0)) -> 23.073333 | O23: =AVERAGE(C23:N23) -> 21.898541
A24: 2020/21 | B24: La Niña | C24: =INDEX(Monthly!$AA:$AA,MATCH("2020-07",Monthly!$A:$A,0)) -> 23.779032 | D24: =INDEX(Monthly!$AA:$AA,MATCH("2020-08",Monthly!$A:$A,0)) -> 23.267097 | E24: =INDEX(Monthly!$AA:$AA,MATCH("2020-09",Monthly!$A:$A,0)) -> 23.247667 | F24: =INDEX(Monthly!$AA:$AA,MATCH("2020-10",Monthly!$A:$A,0)) -> 22.286774 | G24: =INDEX(Monthly!$AA:$AA,MATCH("2020-11",Monthly!$A:$A,0)) -> 21.212333 | H24: =INDEX(Monthly!$AA:$AA,MATCH("2020-12",Monthly!$A:$A,0)) -> 19.490323 | I24: =INDEX(Monthly!$AA:$AA,MATCH("2021-01",Monthly!$A:$A,0)) -> 19.882903 | J24: =INDEX(Monthly!$AA:$AA,MATCH("2021-02",Monthly!$A:$A,0)) -> 20.203929 | K24: =INDEX(Monthly!$AA:$AA,MATCH("2021-03",Monthly!$A:$A,0)) -> 20.999032 | L24: =INDEX(Monthly!$AA:$AA,MATCH("2021-04",Monthly!$A:$A,0)) -> 22.909667 | M24: =INDEX(Monthly!$AA:$AA,MATCH("2021-05",Monthly!$A:$A,0)) -> 23.690645 | N24: =INDEX(Monthly!$AA:$AA,MATCH("2021-06",Monthly!$A:$A,0)) -> 23.198333 | O24: =AVERAGE(C24:N24) -> 22.013978
A25: 2021/22 | B25: La Niña | C25: =INDEX(Monthly!$AA:$AA,MATCH("2021-07",Monthly!$A:$A,0)) -> 22.979677 | D25: =INDEX(Monthly!$AA:$AA,MATCH("2021-08",Monthly!$A:$A,0)) -> 22.998065 | E25: =INDEX(Monthly!$AA:$AA,MATCH("2021-09",Monthly!$A:$A,0)) -> 23.102 | F25: =INDEX(Monthly!$AA:$AA,MATCH("2021-10",Monthly!$A:$A,0)) -> 22.82129 | G25: =INDEX(Monthly!$AA:$AA,MATCH("2021-11",Monthly!$A:$A,0)) -> 19.707333 | H25: =INDEX(Monthly!$AA:$AA,MATCH("2021-12",Monthly!$A:$A,0)) -> 20.249355 | I25: =INDEX(Monthly!$AA:$AA,MATCH("2022-01",Monthly!$A:$A,0)) -> 19.28871 | J25: =INDEX(Monthly!$AA:$AA,MATCH("2022-02",Monthly!$A:$A,0)) -> 19.835357 | K25: =INDEX(Monthly!$AA:$AA,MATCH("2022-03",Monthly!$A:$A,0)) -> 21.470645 | L25: =INDEX(Monthly!$AA:$AA,MATCH("2022-04",Monthly!$A:$A,0)) -> 23.311 | M25: =INDEX(Monthly!$AA:$AA,MATCH("2022-05",Monthly!$A:$A,0)) -> 23.197742 | N25: =INDEX(Monthly!$AA:$AA,MATCH("2022-06",Monthly!$A:$A,0)) -> 22.440333 | O25: =AVERAGE(C25:N25) -> 21.783459
A26: 2022/23 | B26: La Niña | C26: =INDEX(Monthly!$AA:$AA,MATCH("2022-07",Monthly!$A:$A,0)) -> 22.712903 | D26: =INDEX(Monthly!$AA:$AA,MATCH("2022-08",Monthly!$A:$A,0)) -> 22.896774 | E26: =INDEX(Monthly!$AA:$AA,MATCH("2022-09",Monthly!$A:$A,0)) -> 22.603333 | F26: =INDEX(Monthly!$AA:$AA,MATCH("2022-10",Monthly!$A:$A,0)) -> 22.09 | G26: =INDEX(Monthly!$AA:$AA,MATCH("2022-11",Monthly!$A:$A,0)) -> 21.426667 | H26: =INDEX(Monthly!$AA:$AA,MATCH("2022-12",Monthly!$A:$A,0)) -> 19.912258 | I26: =INDEX(Monthly!$AA:$AA,MATCH("2023-01",Monthly!$A:$A,0)) -> 19.926774 | J26: =INDEX(Monthly!$AA:$AA,MATCH("2023-02",Monthly!$A:$A,0)) -> 20.363214 | K26: =INDEX(Monthly!$AA:$AA,MATCH("2023-03",Monthly!$A:$A,0)) -> 22.27129 | L26: =INDEX(Monthly!$AA:$AA,MATCH("2023-04",Monthly!$A:$A,0)) -> 24.240667 | M26: =INDEX(Monthly!$AA:$AA,MATCH("2023-05",Monthly!$A:$A,0)) -> 25.25129 | N26: =INDEX(Monthly!$AA:$AA,MATCH("2023-06",Monthly!$A:$A,0)) -> 25.236333 | O26: =AVERAGE(C26:N26) -> 22.410959
A27: Average La Niña | B27: 9 seasons | C27: =AVERAGE(C18:C26) -> 22.941039 | D27: =AVERAGE(D18:D26) -> 23.050323 | E27: =AVERAGE(E18:E26) -> 22.808741 | F27: =AVERAGE(F18:F26) -> 21.569892 | G27: =AVERAGE(G18:G26) -> 19.958444 | H27: =AVERAGE(H18:H26) -> 19.273871 | I27: =AVERAGE(I18:I26) -> 19.323835 | J27: =AVERAGE(J18:J26) -> 20.085913 | ... N27: =AVERAGE(N18:N26) -> 23.272741 | O27: =AVERAGE(C27:N27) -> 21.796679
A29: Neutral (4 seasons)
A30: 2012/13 | B30: Neutral | C30: =INDEX(Monthly!$AA:$AA,MATCH("2012-07",Monthly!$A:$A,0)) -> 22.546774 | D30: =INDEX(Monthly!$AA:$AA,MATCH("2012-08",Monthly!$A:$A,0)) -> 22.806774 | E30: =INDEX(Monthly!$AA:$AA,MATCH("2012-09",Monthly!$A:$A,0)) -> 22.484333 | F30: =INDEX(Monthly!$AA:$AA,MATCH("2012-10",Monthly!$A:$A,0)) -> 21.435161 | G30: =INDEX(Monthly!$AA:$AA,MATCH("2012-11",Monthly!$A:$A,0)) -> 18.862 | H30: =INDEX(Monthly!$AA:$AA,MATCH("2012-12",Monthly!$A:$A,0)) -> 19.555161 | I30: =INDEX(Monthly!$AA:$AA,MATCH("2013-01",Monthly!$A:$A,0)) -> 19.496452 | J30: =INDEX(Monthly!$AA:$AA,MATCH("2013-02",Monthly!$A:$A,0)) -> 21.192143 | K30: =INDEX(Monthly!$AA:$AA,MATCH("2013-03",Monthly!$A:$A,0)) -> 21.173226 | L30: =INDEX(Monthly!$AA:$AA,MATCH("2013-04",Monthly!$A:$A,0)) -> 25.399 | M30: =INDEX(Monthly!$AA:$AA,MATCH("2013-05",Monthly!$A:$A,0)) -> 24.287097 | N30: =INDEX(Monthly!$AA:$AA,MATCH("2013-06",Monthly!$A:$A,0)) -> 23.240667 | O30: =AVERAGE(C30:N30) -> 21.873232
A31: 2013/14 | B31: Neutral | C31: =INDEX(Monthly!$AA:$AA,MATCH("2013-07",Monthly!$A:$A,0)) -> 22.602581 | D31: =INDEX(Monthly!$AA:$AA,MATCH("2013-08",Monthly!$A:$A,0)) -> 22.620645 | E31: =INDEX(Monthly!$AA:$AA,MATCH("2013-09",Monthly!$A:$A,0)) -> 22.664 | F31: =INDEX(Monthly!$AA:$AA,MATCH("2013-10",Monthly!$A:$A,0)) -> 22.418387 | G31: =INDEX(Monthly!$AA:$AA,MATCH("2013-11",Monthly!$A:$A,0)) -> 20.652333 | H31: =INDEX(Monthly!$AA:$AA,MATCH("2013-12",Monthly!$A:$A,0)) -> 20.016774 | I31: =INDEX(Monthly!$AA:$AA,MATCH("2014-01",Monthly!$A:$A,0)) -> 18.435484 | J31: =INDEX(Monthly!$AA:$AA,MATCH("2014-02",Monthly!$A:$A,0)) -> 20.676429 | K31: =INDEX(Monthly!$AA:$AA,MATCH("2014-03",Monthly!$A:$A,0)) -> 22.173548 | L31: =INDEX(Monthly!$AA:$AA,MATCH("2014-04",Monthly!$A:$A,0)) -> 23.643333 | M31: =INDEX(Monthly!$AA:$AA,MATCH("2014-05",Monthly!$A:$A,0)) -> 23.326129 | N31: =INDEX(Monthly!$AA:$AA,MATCH("2014-06",Monthly!$A:$A,0)) -> 23.014667 | O31: =AVERAGE(C31:N31) -> 21.853693
A32: 2016/17 | B32: Neutral | C32: =INDEX(Monthly!$AA:$AA,MATCH("2016-07",Monthly!$A:$A,0)) -> 23.367419 | D32: =INDEX(Monthly!$AA:$AA,MATCH("2016-08",Monthly!$A:$A,0)) -> 23.217097 | E32: =INDEX(Monthly!$AA:$AA,MATCH("2016-09",Monthly!$A:$A,0)) -> 22.869667 | F32: =INDEX(Monthly!$AA:$AA,MATCH("2016-10",Monthly!$A:$A,0)) -> 21.608065 | G32: =INDEX(Monthly!$AA:$AA,MATCH("2016-11",Monthly!$A:$A,0)) -> 20.367667 | H32: =INDEX(Monthly!$AA:$AA,MATCH("2016-12",Monthly!$A:$A,0)) -> 20.93871 | I32: =INDEX(Monthly!$AA:$AA,MATCH("2017-01",Monthly!$A:$A,0)) -> 19.956452 | J32: =INDEX(Monthly!$AA:$AA,MATCH("2017-02",Monthly!$A:$A,0)) -> 22.022143 | K32: =INDEX(Monthly!$AA:$AA,MATCH("2017-03",Monthly!$A:$A,0)) -> 21.580323 | L32: =INDEX(Monthly!$AA:$AA,MATCH("2017-04",Monthly!$A:$A,0)) -> 24.765 | M32: =INDEX(Monthly!$AA:$AA,MATCH("2017-05",Monthly!$A:$A,0)) -> 24.477097 | N32: =INDEX(Monthly!$AA:$AA,MATCH("2017-06",Monthly!$A:$A,0)) -> 23.465333 | O32: =AVERAGE(C32:N32) -> 22.386248
A33: 2024/25 | B33: Neutral | C33: =INDEX(Monthly!$AA:$AA,MATCH("2024-07",Monthly!$A:$A,0)) -> 23.556774 | D33: =INDEX(Monthly!$AA:$AA,MATCH("2024-08",Monthly!$A:$A,0)) -> 23.674194 | E33: =INDEX(Monthly!$AA:$AA,MATCH("2024-09",Monthly!$A:$A,0)) -> 24.033 | F33: =INDEX(Monthly!$AA:$AA,MATCH("2024-10",Monthly!$A:$A,0)) -> 22.353226 | G33: =INDEX(Monthly!$AA:$AA,MATCH("2024-11",Monthly!$A:$A,0)) -> 21.310667 | H33: =INDEX(Monthly!$AA:$AA,MATCH("2024-12",Monthly!$A:$A,0)) -> 20.112903 | I33: =INDEX(Monthly!$AA:$AA,MATCH("2025-01",Monthly!$A:$A,0)) -> 20.204516 | J33: =INDEX(Monthly!$AA:$AA,MATCH("2025-02",Monthly!$A:$A,0)) -> 21.388214 | K33: =INDEX(Monthly!$AA:$AA,MATCH("2025-03",Monthly!$A:$A,0)) -> 22.785484 | L33: =INDEX(Monthly!$AA:$AA,MATCH("2025-04",Monthly!$A:$A,0)) -> 23.114 | M33: =INDEX(Monthly!$AA:$AA,MATCH("2025-05",Monthly!$A:$A,0)) -> 26.402258 | N33: =INDEX(Monthly!$AA:$AA,MATCH("2025-06",Monthly!$A:$A,0)) -> 23.736333 | O33: =AVERAGE(C33:N33) -> 22.722631
A34: Average Neutral | B34: 4 seasons | C34: =AVERAGE(C30:C33) -> 23.018387 | D34: =AVERAGE(D30:D33) -> 23.079677 | E34: =AVERAGE(E30:E33) -> 23.01275 | F34: =AVERAGE(F30:F33) -> 21.95371 | G34: =AVERAGE(G30:G33) -> 20.298167 | H34: =AVERAGE(H30:H33) -> 20.155887 | I34: =AVERAGE(I30:I33) -> 19.523226 | J34: =AVERAGE(J30:J33) -> 21.319732 | ... N34: =AVERAGE(N30:N33) -> 23.36425 | O34: =AVERAGE(C34:N34) -> 22.208951
A36: After the photo window (not in the averages)
A37: 2025/26 | B37: Neutral | C37: =INDEX(Monthly!$AA:$AA,MATCH("2025-07",Monthly!$A:$A,0)) -> 23.640968 | D37: =INDEX(Monthly!$AA:$AA,MATCH("2025-08",Monthly!$A:$A,0)) -> 24.345806 | E37: =INDEX(Monthly!$AA:$AA,MATCH("2025-09",Monthly!$A:$A,0)) -> 24.004667 | F37: =INDEX(Monthly!$AA:$AA,MATCH("2025-10",Monthly!$A:$A,0)) -> 22.472903 | G37: =INDEX(Monthly!$AA:$AA,MATCH("2025-11",Monthly!$A:$A,0)) -> 21.063 | H37: =INDEX(Monthly!$AA:$AA,MATCH("2025-12",Monthly!$A:$A,0)) -> 21.145484 | I37: =INDEX(Monthly!$AA:$AA,MATCH("2026-01",Monthly!$A:$A,0)) -> 19.326452 | J37: =INDEX(Monthly!$AA:$AA,MATCH("2026-02",Monthly!$A:$A,0)) -> 19.0175 | K37: =INDEX(Monthly!$AA:$AA,MATCH("2026-03",Monthly!$A:$A,0)) -> 21.511613 | L37: =INDEX(Monthly!$AA:$AA,MATCH("2026-04",Monthly!$A:$A,0)) -> 23.074 | M37: =INDEX(Monthly!$AA:$AA,MATCH("2026-05",Monthly!$A:$A,0)) -> 25.889032 | N37: =INDEX(Monthly!$AA:$AA,MATCH("2026-06",Monthly!$A:$A,0)) -> 24.601667 | O37: =AVERAGE(C37:N37) -> 22.507758
A38: 2026/27 | B38: El Niño (in progress) | C38: =INDEX(Monthly!$AA:$AA,MATCH("2026-07",Monthly!$A:$A,0)) -> 24.821935 | D38: =INDEX(Monthly!$AA:$AA,MATCH("2026-08",Monthly!$A:$A,0)) -> 24.86
A41: Monthly rainfall (mm) — sum of daily rainfall from rain gauges (NOAA CPC)
A42: Season | B42: Phase | C42: Jul | D42: Aug | E42: Sep | F42: Oct | G42: Nov | H42: Dec | I42: Jan | J42: Feb | K42: Mar | L42: Apr | M42: May | N42: Jun | O42: Season total
A43: El Niño (7 seasons)
A44: 2006/07 | B44: El Niño | C44: =INDEX(Monthly!$Z:$Z,MATCH("2006-07",Monthly!$A:$A,0)) -> 111.276 | D44: =INDEX(Monthly!$Z:$Z,MATCH("2006-08",Monthly!$A:$A,0)) -> 188.179 | E44: =INDEX(Monthly!$Z:$Z,MATCH("2006-09",Monthly!$A:$A,0)) -> 165.874 | F44: =INDEX(Monthly!$Z:$Z,MATCH("2006-10",Monthly!$A:$A,0)) -> 113.251 | G44: =INDEX(Monthly!$Z:$Z,MATCH("2006-11",Monthly!$A:$A,0)) -> 39.969 | H44: =INDEX(Monthly!$Z:$Z,MATCH("2006-12",Monthly!$A:$A,0)) -> 98.523 | I44: =INDEX(Monthly!$Z:$Z,MATCH("2007-01",Monthly!$A:$A,0)) -> 43.994 | J44: =INDEX(Monthly!$Z:$Z,MATCH("2007-02",Monthly!$A:$A,0)) -> 18.063 | K44: =INDEX(Monthly!$Z:$Z,MATCH("2007-03",Monthly!$A:$A,0)) -> 17.174 | L44: =INDEX(Monthly!$Z:$Z,MATCH("2007-04",Monthly!$A:$A,0)) -> 31.204 | M44: =INDEX(Monthly!$Z:$Z,MATCH("2007-05",Monthly!$A:$A,0)) -> 108.226 | N44: =INDEX(Monthly!$Z:$Z,MATCH("2007-06",Monthly!$A:$A,0)) -> 252.203 | O44: =SUM(C44:N44) -> 1187.936
A45: 2009/10 | B45: El Niño | C45: =INDEX(Monthly!$Z:$Z,MATCH("2009-07",Monthly!$A:$A,0)) -> 163.399 | D45: =INDEX(Monthly!$Z:$Z,MATCH("2009-08",Monthly!$A:$A,0)) -> 250.814 | E45: =INDEX(Monthly!$Z:$Z,MATCH("2009-09",Monthly!$A:$A,0)) -> 95.793 | F45: =INDEX(Monthly!$Z:$Z,MATCH("2009-10",Monthly!$A:$A,0)) -> 115.473 | G45: =INDEX(Monthly!$Z:$Z,MATCH("2009-11",Monthly!$A:$A,0)) -> 84.1 | H45: =INDEX(Monthly!$Z:$Z,MATCH("2009-12",Monthly!$A:$A,0)) -> 44.657 | I45: =INDEX(Monthly!$Z:$Z,MATCH("2010-01",Monthly!$A:$A,0)) -> 41.859 | J45: =INDEX(Monthly!$Z:$Z,MATCH("2010-02",Monthly!$A:$A,0)) -> 26.009 | K45: =INDEX(Monthly!$Z:$Z,MATCH("2010-03",Monthly!$A:$A,0)) -> 1.796 | L45: =INDEX(Monthly!$Z:$Z,MATCH("2010-04",Monthly!$A:$A,0)) -> 137.995 | M45: =INDEX(Monthly!$Z:$Z,MATCH("2010-05",Monthly!$A:$A,0)) -> 271.476 | N45: =INDEX(Monthly!$Z:$Z,MATCH("2010-06",Monthly!$A:$A,0)) -> 306.941 | O45: =SUM(C45:N45) -> 1540.312
A46: 2014/15 | B46: El Niño | C46: =INDEX(Monthly!$Z:$Z,MATCH("2014-07",Monthly!$A:$A,0)) -> 65.469 | D46: =INDEX(Monthly!$Z:$Z,MATCH("2014-08",Monthly!$A:$A,0)) -> 284.291 | E46: =INDEX(Monthly!$Z:$Z,MATCH("2014-09",Monthly!$A:$A,0)) -> 297.636 | F46: =INDEX(Monthly!$Z:$Z,MATCH("2014-10",Monthly!$A:$A,0)) -> 272.222 | G46: =INDEX(Monthly!$Z:$Z,MATCH("2014-11",Monthly!$A:$A,0)) -> 113.902 | H46: =INDEX(Monthly!$Z:$Z,MATCH("2014-12",Monthly!$A:$A,0)) -> 91.953 | I46: =INDEX(Monthly!$Z:$Z,MATCH("2015-01",Monthly!$A:$A,0)) -> 37.503 | J46: =INDEX(Monthly!$Z:$Z,MATCH("2015-02",Monthly!$A:$A,0)) -> 35.568 | K46: =INDEX(Monthly!$Z:$Z,MATCH("2015-03",Monthly!$A:$A,0)) -> 34.61 | L46: =INDEX(Monthly!$Z:$Z,MATCH("2015-04",Monthly!$A:$A,0)) -> 21.681 | M46: =INDEX(Monthly!$Z:$Z,MATCH("2015-05",Monthly!$A:$A,0)) -> 46.324 | N46: =INDEX(Monthly!$Z:$Z,MATCH("2015-06",Monthly!$A:$A,0)) -> 166.379 | O46: =SUM(C46:N46) -> 1467.538
A47: 2015/16 | B47: El Niño | C47: =INDEX(Monthly!$Z:$Z,MATCH("2015-07",Monthly!$A:$A,0)) -> 44.525 | D47: =INDEX(Monthly!$Z:$Z,MATCH("2015-08",Monthly!$A:$A,0)) -> 119.271 | E47: =INDEX(Monthly!$Z:$Z,MATCH("2015-09",Monthly!$A:$A,0)) -> 455.048 | F47: =INDEX(Monthly!$Z:$Z,MATCH("2015-10",Monthly!$A:$A,0)) -> 252.865 | G47: =INDEX(Monthly!$Z:$Z,MATCH("2015-11",Monthly!$A:$A,0)) -> 90.873 | H47: =INDEX(Monthly!$Z:$Z,MATCH("2015-12",Monthly!$A:$A,0)) -> 40.298 | I47: =INDEX(Monthly!$Z:$Z,MATCH("2016-01",Monthly!$A:$A,0)) -> 21.122 | J47: =INDEX(Monthly!$Z:$Z,MATCH("2016-02",Monthly!$A:$A,0)) -> 39.453 | K47: =INDEX(Monthly!$Z:$Z,MATCH("2016-03",Monthly!$A:$A,0)) -> 18.195 | L47: =INDEX(Monthly!$Z:$Z,MATCH("2016-04",Monthly!$A:$A,0)) -> 15.951 | M47: =INDEX(Monthly!$Z:$Z,MATCH("2016-05",Monthly!$A:$A,0)) -> 42.623 | N47: =INDEX(Monthly!$Z:$Z,MATCH("2016-06",Monthly!$A:$A,0)) -> 278.205 | O47: =SUM(C47:N47) -> 1418.429
A48: 2018/19 | B48: El Niño | C48: =INDEX(Monthly!$Z:$Z,MATCH("2018-07",Monthly!$A:$A,0)) -> 102.399 | D48: =INDEX(Monthly!$Z:$Z,MATCH("2018-08",Monthly!$A:$A,0)) -> 126.959 | E48: =INDEX(Monthly!$Z:$Z,MATCH("2018-09",Monthly!$A:$A,0)) -> 168.533 | F48: =INDEX(Monthly!$Z:$Z,MATCH("2018-10",Monthly!$A:$A,0)) -> 95.923 | G48: =INDEX(Monthly!$Z:$Z,MATCH("2018-11",Monthly!$A:$A,0)) -> 13.58 | H48: =INDEX(Monthly!$Z:$Z,MATCH("2018-12",Monthly!$A:$A,0)) -> 32.916 | I48: =INDEX(Monthly!$Z:$Z,MATCH("2019-01",Monthly!$A:$A,0)) -> 43.216 | J48: =INDEX(Monthly!$Z:$Z,MATCH("2019-02",Monthly!$A:$A,0)) -> 11.173 | K48: =INDEX(Monthly!$Z:$Z,MATCH("2019-03",Monthly!$A:$A,0)) -> 3.197 | L48: =INDEX(Monthly!$Z:$Z,MATCH("2019-04",Monthly!$A:$A,0)) -> 15.457 | M48: =INDEX(Monthly!$Z:$Z,MATCH("2019-05",Monthly!$A:$A,0)) -> 239.585 | N48: =INDEX(Monthly!$Z:$Z,MATCH("2019-06",Monthly!$A:$A,0)) -> 168.26 | O48: =SUM(C48:N48) -> 1021.198
A49: 2019/20 | B49: El Niño | C49: =INDEX(Monthly!$Z:$Z,MATCH("2019-07",Monthly!$A:$A,0)) -> 72.657 | D49: =INDEX(Monthly!$Z:$Z,MATCH("2019-08",Monthly!$A:$A,0)) -> 224.37 | E49: =INDEX(Monthly!$Z:$Z,MATCH("2019-09",Monthly!$A:$A,0)) -> 229.74 | F49: =INDEX(Monthly!$Z:$Z,MATCH("2019-10",Monthly!$A:$A,0)) -> 409.218 | G49: =INDEX(Monthly!$Z:$Z,MATCH("2019-11",Monthly!$A:$A,0)) -> 71.93 | H49: =INDEX(Monthly!$Z:$Z,MATCH("2019-12",Monthly!$A:$A,0)) -> 49.262 | I49: =INDEX(Monthly!$Z:$Z,MATCH("2020-01",Monthly!$A:$A,0)) -> 51.669 | J49: =INDEX(Monthly!$Z:$Z,MATCH("2020-02",Monthly!$A:$A,0)) -> 34.539 | K49: =INDEX(Monthly!$Z:$Z,MATCH("2020-03",Monthly!$A:$A,0)) -> 29.557 | L49: =INDEX(Monthly!$Z:$Z,MATCH("2020-04",Monthly!$A:$A,0)) -> 16.928 | M49: =INDEX(Monthly!$Z:$Z,MATCH("2020-05",Monthly!$A:$A,0)) -> 196.588 | N49: =INDEX(Monthly!$Z:$Z,MATCH("2020-06",Monthly!$A:$A,0)) -> 93.36 | O49: =SUM(C49:N49) -> 1479.818
A50: 2023/24 | B50: El Niño | C50: =INDEX(Monthly!$Z:$Z,MATCH("2023-07",Monthly!$A:$A,0)) -> 283.012 | D50: =INDEX(Monthly!$Z:$Z,MATCH("2023-08",Monthly!$A:$A,0)) -> 141.624 | E50: =INDEX(Monthly!$Z:$Z,MATCH("2023-09",Monthly!$A:$A,0)) -> 121.638 | F50: =INDEX(Monthly!$Z:$Z,MATCH("2023-10",Monthly!$A:$A,0)) -> 167.643 | G50: =INDEX(Monthly!$Z:$Z,MATCH("2023-11",Monthly!$A:$A,0)) -> 110.812 | H50: =INDEX(Monthly!$Z:$Z,MATCH("2023-12",Monthly!$A:$A,0)) -> 62.826 | I50: =INDEX(Monthly!$Z:$Z,MATCH("2024-01",Monthly!$A:$A,0)) -> 15.237326 | J50: =INDEX(Monthly!$Z:$Z,MATCH("2024-02",Monthly!$A:$A,0)) -> 8.9379858 | K50: =INDEX(Monthly!$Z:$Z,MATCH("2024-03",Monthly!$A:$A,0)) -> 3.9190193 | L50: =INDEX(Monthly!$Z:$Z,MATCH("2024-04",Monthly!$A:$A,0)) -> 25.488867 | M50: =INDEX(Monthly!$Z:$Z,MATCH("2024-05",Monthly!$A:$A,0)) -> 41.547777 | N50: =INDEX(Monthly!$Z:$Z,MATCH("2024-06",Monthly!$A:$A,0)) -> 341.08086 | O50: =SUM(C50:N50) -> 1323.7668
A51: Average El Niño | B51: 7 seasons | C51: =AVERAGE(C44:C50) -> 120.391 | D51: =AVERAGE(D44:D50) -> 190.78686 | E51: =AVERAGE(E44:E50) -> 219.18029 | F51: =AVERAGE(F44:F50) -> 203.79929 | G51: =AVERAGE(G44:G50) -> 75.023714 | H51: =AVERAGE(H44:H50) -> 60.062143 | I51: =AVERAGE(I44:I50) -> 36.371475 | J51: =AVERAGE(J44:J50) -> 24.820427 | ... N51: =AVERAGE(N44:N50) -> 229.48984 | O51: =SUM(C51:N51) -> 1348.4283
A53: La Niña (9 seasons)
A54: 2005/06 | B54: La Niña | C54: =INDEX(Monthly!$Z:$Z,MATCH("2005-07",Monthly!$A:$A,0)) -> 155.001 | D54: =INDEX(Monthly!$Z:$Z,MATCH("2005-08",Monthly!$A:$A,0)) -> 129.104 | E54: =INDEX(Monthly!$Z:$Z,MATCH("2005-09",Monthly!$A:$A,0)) -> 211.215 | F54: =INDEX(Monthly!$Z:$Z,MATCH("2005-10",Monthly!$A:$A,0)) -> 116.649 | G54: =INDEX(Monthly!$Z:$Z,MATCH("2005-11",Monthly!$A:$A,0)) -> 32.106 | H54: =INDEX(Monthly!$Z:$Z,MATCH("2005-12",Monthly!$A:$A,0)) -> 35.716 | I54: =INDEX(Monthly!$Z:$Z,MATCH("2006-01",Monthly!$A:$A,0)) -> 49.05 | J54: =INDEX(Monthly!$Z:$Z,MATCH("2006-02",Monthly!$A:$A,0)) -> 12.137 | K54: =INDEX(Monthly!$Z:$Z,MATCH("2006-03",Monthly!$A:$A,0)) -> 10.905 | L54: =INDEX(Monthly!$Z:$Z,MATCH("2006-04",Monthly!$A:$A,0)) -> 66.607 | M54: =INDEX(Monthly!$Z:$Z,MATCH("2006-05",Monthly!$A:$A,0)) -> 134.088 | N54: =INDEX(Monthly!$Z:$Z,MATCH("2006-06",Monthly!$A:$A,0)) -> 302.914 | O54: =SUM(C54:N54) -> 1255.492
A55: 2007/08 | B55: La Niña | C55: =INDEX(Monthly!$Z:$Z,MATCH("2007-07",Monthly!$A:$A,0)) -> 264.3 | D55: =INDEX(Monthly!$Z:$Z,MATCH("2007-08",Monthly!$A:$A,0)) -> 213.736 | E55: =INDEX(Monthly!$Z:$Z,MATCH("2007-09",Monthly!$A:$A,0)) -> 308.432 | F55: =INDEX(Monthly!$Z:$Z,MATCH("2007-10",Monthly!$A:$A,0)) -> 224.085 | G55: =INDEX(Monthly!$Z:$Z,MATCH("2007-11",Monthly!$A:$A,0)) -> 63.516 | H55: =INDEX(Monthly!$Z:$Z,MATCH("2007-12",Monthly!$A:$A,0)) -> 18.061 | I55: =INDEX(Monthly!$Z:$Z,MATCH("2008-01",Monthly!$A:$A,0)) -> 42.528 | J55: =INDEX(Monthly!$Z:$Z,MATCH("2008-02",Monthly!$A:$A,0)) -> 18.866 | K55: =INDEX(Monthly!$Z:$Z,MATCH("2008-03",Monthly!$A:$A,0)) -> 12.903 | L55: =INDEX(Monthly!$Z:$Z,MATCH("2008-04",Monthly!$A:$A,0)) -> 58.894 | M55: =INDEX(Monthly!$Z:$Z,MATCH("2008-05",Monthly!$A:$A,0)) -> 86.194 | N55: =INDEX(Monthly!$Z:$Z,MATCH("2008-06",Monthly!$A:$A,0)) -> 188.332 | O55: =SUM(C55:N55) -> 1499.847
A56: 2008/09 | B56: La Niña | C56: =INDEX(Monthly!$Z:$Z,MATCH("2008-07",Monthly!$A:$A,0)) -> 404.252 | D56: =INDEX(Monthly!$Z:$Z,MATCH("2008-08",Monthly!$A:$A,0)) -> 300.71 | E56: =INDEX(Monthly!$Z:$Z,MATCH("2008-09",Monthly!$A:$A,0)) -> 436.868 | F56: =INDEX(Monthly!$Z:$Z,MATCH("2008-10",Monthly!$A:$A,0)) -> 199.493 | G56: =INDEX(Monthly!$Z:$Z,MATCH("2008-11",Monthly!$A:$A,0)) -> 36.068 | H56: =INDEX(Monthly!$Z:$Z,MATCH("2008-12",Monthly!$A:$A,0)) -> 87.874 | I56: =INDEX(Monthly!$Z:$Z,MATCH("2009-01",Monthly!$A:$A,0)) -> 36.652 | J56: =INDEX(Monthly!$Z:$Z,MATCH("2009-02",Monthly!$A:$A,0)) -> 110.994 | K56: =INDEX(Monthly!$Z:$Z,MATCH("2009-03",Monthly!$A:$A,0)) -> 13.823 | L56: =INDEX(Monthly!$Z:$Z,MATCH("2009-04",Monthly!$A:$A,0)) -> 25.006 | M56: =INDEX(Monthly!$Z:$Z,MATCH("2009-05",Monthly!$A:$A,0)) -> 197.946 | N56: =INDEX(Monthly!$Z:$Z,MATCH("2009-06",Monthly!$A:$A,0)) -> 218.581 | O56: =SUM(C56:N56) -> 2068.267
A57: 2010/11 | B57: La Niña | C57: =INDEX(Monthly!$Z:$Z,MATCH("2010-07",Monthly!$A:$A,0)) -> 123.154 | D57: =INDEX(Monthly!$Z:$Z,MATCH("2010-08",Monthly!$A:$A,0)) -> 331.006 | E57: =INDEX(Monthly!$Z:$Z,MATCH("2010-09",Monthly!$A:$A,0)) -> 190.439 | F57: =INDEX(Monthly!$Z:$Z,MATCH("2010-10",Monthly!$A:$A,0)) -> 33.731 | G57: =INDEX(Monthly!$Z:$Z,MATCH("2010-11",Monthly!$A:$A,0)) -> 34.399 | H57: =INDEX(Monthly!$Z:$Z,MATCH("2010-12",Monthly!$A:$A,0)) -> 29.659 | I57: =INDEX(Monthly!$Z:$Z,MATCH("2011-01",Monthly!$A:$A,0)) -> 29.628 | J57: =INDEX(Monthly!$Z:$Z,MATCH("2011-02",Monthly!$A:$A,0)) -> 27.009 | K57: =INDEX(Monthly!$Z:$Z,MATCH("2011-03",Monthly!$A:$A,0)) -> 13.181 | L57: =INDEX(Monthly!$Z:$Z,MATCH("2011-04",Monthly!$A:$A,0)) -> 108.153 | M57: =INDEX(Monthly!$Z:$Z,MATCH("2011-05",Monthly!$A:$A,0)) -> 165.297 | N57: =INDEX(Monthly!$Z:$Z,MATCH("2011-06",Monthly!$A:$A,0)) -> 353.024 | O57: =SUM(C57:N57) -> 1438.68
A58: 2011/12 | B58: La Niña | C58: =INDEX(Monthly!$Z:$Z,MATCH("2011-07",Monthly!$A:$A,0)) -> 349.576 | D58: =INDEX(Monthly!$Z:$Z,MATCH("2011-08",Monthly!$A:$A,0)) -> 169.144 | E58: =INDEX(Monthly!$Z:$Z,MATCH("2011-09",Monthly!$A:$A,0)) -> 273.497 | F58: =INDEX(Monthly!$Z:$Z,MATCH("2011-10",Monthly!$A:$A,0)) -> 239.522 | G58: =INDEX(Monthly!$Z:$Z,MATCH("2011-11",Monthly!$A:$A,0)) -> 48.808 | H58: =INDEX(Monthly!$Z:$Z,MATCH("2011-12",Monthly!$A:$A,0)) -> 73.846 | I58: =INDEX(Monthly!$Z:$Z,MATCH("2012-01",Monthly!$A:$A,0)) -> 22.599 | J58: =INDEX(Monthly!$Z:$Z,MATCH("2012-02",Monthly!$A:$A,0)) -> 26.948 | K58: =INDEX(Monthly!$Z:$Z,MATCH("2012-03",Monthly!$A:$A,0)) -> 34.221 | L58: =INDEX(Monthly!$Z:$Z,MATCH("2012-04",Monthly!$A:$A,0)) -> 52.771 | M58: =INDEX(Monthly!$Z:$Z,MATCH("2012-05",Monthly!$A:$A,0)) -> 217.114 | N58: =INDEX(Monthly!$Z:$Z,MATCH("2012-06",Monthly!$A:$A,0)) -> 137.905 | O58: =SUM(C58:N58) -> 1645.951
A59: 2017/18 | B59: La Niña | C59: =INDEX(Monthly!$Z:$Z,MATCH("2017-07",Monthly!$A:$A,0)) -> 340.568 | D59: =INDEX(Monthly!$Z:$Z,MATCH("2017-08",Monthly!$A:$A,0)) -> 169.206 | E59: =INDEX(Monthly!$Z:$Z,MATCH("2017-09",Monthly!$A:$A,0)) -> 283.865 | F59: =INDEX(Monthly!$Z:$Z,MATCH("2017-10",Monthly!$A:$A,0)) -> 248.724 | G59: =INDEX(Monthly!$Z:$Z,MATCH("2017-11",Monthly!$A:$A,0)) -> 56.539 | H59: =INDEX(Monthly!$Z:$Z,MATCH("2017-12",Monthly!$A:$A,0)) -> 39.412 | I59: =INDEX(Monthly!$Z:$Z,MATCH("2018-01",Monthly!$A:$A,0)) -> 68.178 | J59: =INDEX(Monthly!$Z:$Z,MATCH("2018-02",Monthly!$A:$A,0)) -> 19.481 | K59: =INDEX(Monthly!$Z:$Z,MATCH("2018-03",Monthly!$A:$A,0)) -> 14.403 | L59: =INDEX(Monthly!$Z:$Z,MATCH("2018-04",Monthly!$A:$A,0)) -> 47.433 | M59: =INDEX(Monthly!$Z:$Z,MATCH("2018-05",Monthly!$A:$A,0)) -> 142.19 | N59: =INDEX(Monthly!$Z:$Z,MATCH("2018-06",Monthly!$A:$A,0)) -> 303.535 | O59: =SUM(C59:N59) -> 1733.534
A60: 2020/21 | B60: La Niña | C60: =INDEX(Monthly!$Z:$Z,MATCH("2020-07",Monthly!$A:$A,0)) -> 209.743 | D60: =INDEX(Monthly!$Z:$Z,MATCH("2020-08",Monthly!$A:$A,0)) -> 278.427 | E60: =INDEX(Monthly!$Z:$Z,MATCH("2020-09",Monthly!$A:$A,0)) -> 492.964 | F60: =INDEX(Monthly!$Z:$Z,MATCH("2020-10",Monthly!$A:$A,0)) -> 246.973 | G60: =INDEX(Monthly!$Z:$Z,MATCH("2020-11",Monthly!$A:$A,0)) -> 439.708 | H60: =INDEX(Monthly!$Z:$Z,MATCH("2020-12",Monthly!$A:$A,0)) -> 25.996 | I60: =INDEX(Monthly!$Z:$Z,MATCH("2021-01",Monthly!$A:$A,0)) -> 35.406 | J60: =INDEX(Monthly!$Z:$Z,MATCH("2021-02",Monthly!$A:$A,0)) -> 35.748 | K60: =INDEX(Monthly!$Z:$Z,MATCH("2021-03",Monthly!$A:$A,0)) -> 24.869 | L60: =INDEX(Monthly!$Z:$Z,MATCH("2021-04",Monthly!$A:$A,0)) -> 113.47 | M60: =INDEX(Monthly!$Z:$Z,MATCH("2021-05",Monthly!$A:$A,0)) -> 75.194 | N60: =INDEX(Monthly!$Z:$Z,MATCH("2021-06",Monthly!$A:$A,0)) -> 450.436 | O60: =SUM(C60:N60) -> 2428.934
A61: 2021/22 | B61: La Niña | C61: =INDEX(Monthly!$Z:$Z,MATCH("2021-07",Monthly!$A:$A,0)) -> 115.291 | D61: =INDEX(Monthly!$Z:$Z,MATCH("2021-08",Monthly!$A:$A,0)) -> 374.078 | E61: =INDEX(Monthly!$Z:$Z,MATCH("2021-09",Monthly!$A:$A,0)) -> 131.503 | F61: =INDEX(Monthly!$Z:$Z,MATCH("2021-10",Monthly!$A:$A,0)) -> 239.776 | G61: =INDEX(Monthly!$Z:$Z,MATCH("2021-11",Monthly!$A:$A,0)) -> 55.094 | H61: =INDEX(Monthly!$Z:$Z,MATCH("2021-12",Monthly!$A:$A,0)) -> 14.776 | I61: =INDEX(Monthly!$Z:$Z,MATCH("2022-01",Monthly!$A:$A,0)) -> 48.5 | J61: =INDEX(Monthly!$Z:$Z,MATCH("2022-02",Monthly!$A:$A,0)) -> 61.149 | K61: =INDEX(Monthly!$Z:$Z,MATCH("2022-03",Monthly!$A:$A,0)) -> 24.79 | L61: =INDEX(Monthly!$Z:$Z,MATCH("2022-04",Monthly!$A:$A,0)) -> 63.915 | M61: =INDEX(Monthly!$Z:$Z,MATCH("2022-05",Monthly!$A:$A,0)) -> 188.41 | N61: =INDEX(Monthly!$Z:$Z,MATCH("2022-06",Monthly!$A:$A,0)) -> 363.358 | O61: =SUM(C61:N61) -> 1680.64
A62: 2022/23 | B62: La Niña | C62: =INDEX(Monthly!$Z:$Z,MATCH("2022-07",Monthly!$A:$A,0)) -> 166.353 | D62: =INDEX(Monthly!$Z:$Z,MATCH("2022-08",Monthly!$A:$A,0)) -> 370.203 | E62: =INDEX(Monthly!$Z:$Z,MATCH("2022-09",Monthly!$A:$A,0)) -> 459.506 | F62: =INDEX(Monthly!$Z:$Z,MATCH("2022-10",Monthly!$A:$A,0)) -> 278.868 | G62: =INDEX(Monthly!$Z:$Z,MATCH("2022-11",Monthly!$A:$A,0)) -> 93.887 | H62: =INDEX(Monthly!$Z:$Z,MATCH("2022-12",Monthly!$A:$A,0)) -> 13.804 | I62: =INDEX(Monthly!$Z:$Z,MATCH("2023-01",Monthly!$A:$A,0)) -> 20.348 | J62: =INDEX(Monthly!$Z:$Z,MATCH("2023-02",Monthly!$A:$A,0)) -> 7.792 | K62: =INDEX(Monthly!$Z:$Z,MATCH("2023-03",Monthly!$A:$A,0)) -> 27.712 | L62: =INDEX(Monthly!$Z:$Z,MATCH("2023-04",Monthly!$A:$A,0)) -> 14.734 | M62: =INDEX(Monthly!$Z:$Z,MATCH("2023-05",Monthly!$A:$A,0)) -> 89.98 | N62: =INDEX(Monthly!$Z:$Z,MATCH("2023-06",Monthly!$A:$A,0)) -> 174.312 | O62: =SUM(C62:N62) -> 1717.499
A63: Average La Niña | B63: 9 seasons | C63: =AVERAGE(C54:C62) -> 236.47089 | D63: =AVERAGE(D54:D62) -> 259.51267 | E63: =AVERAGE(E54:E62) -> 309.80989 | F63: =AVERAGE(F54:F62) -> 203.09122 | G63: =AVERAGE(G54:G62) -> 95.569444 | H63: =AVERAGE(H54:H62) -> 37.682667 | I63: =AVERAGE(I54:I62) -> 39.209889 | J63: =AVERAGE(J54:J62) -> 35.569333 | ... N63: =AVERAGE(N54:N62) -> 276.933 | O63: =SUM(C63:N63) -> 1718.7604
A65: Neutral (4 seasons)
A66: 2012/13 | B66: Neutral | C66: =INDEX(Monthly!$Z:$Z,MATCH("2012-07",Monthly!$A:$A,0)) -> 160.3 | D66: =INDEX(Monthly!$Z:$Z,MATCH("2012-08",Monthly!$A:$A,0)) -> 432.106 | E66: =INDEX(Monthly!$Z:$Z,MATCH("2012-09",Monthly!$A:$A,0)) -> 171.05 | F66: =INDEX(Monthly!$Z:$Z,MATCH("2012-10",Monthly!$A:$A,0)) -> 155.693 | G66: =INDEX(Monthly!$Z:$Z,MATCH("2012-11",Monthly!$A:$A,0)) -> 65.07 | H66: =INDEX(Monthly!$Z:$Z,MATCH("2012-12",Monthly!$A:$A,0)) -> 44.233 | I66: =INDEX(Monthly!$Z:$Z,MATCH("2013-01",Monthly!$A:$A,0)) -> 39.416 | J66: =INDEX(Monthly!$Z:$Z,MATCH("2013-02",Monthly!$A:$A,0)) -> 17.454 | K66: =INDEX(Monthly!$Z:$Z,MATCH("2013-03",Monthly!$A:$A,0)) -> 43.138 | L66: =INDEX(Monthly!$Z:$Z,MATCH("2013-04",Monthly!$A:$A,0)) -> 13.709 | M66: =INDEX(Monthly!$Z:$Z,MATCH("2013-05",Monthly!$A:$A,0)) -> 142.103 | N66: =INDEX(Monthly!$Z:$Z,MATCH("2013-06",Monthly!$A:$A,0)) -> 104.458 | O66: =SUM(C66:N66) -> 1388.73
A67: 2013/14 | B67: Neutral | C67: =INDEX(Monthly!$Z:$Z,MATCH("2013-07",Monthly!$A:$A,0)) -> 215.164 | D67: =INDEX(Monthly!$Z:$Z,MATCH("2013-08",Monthly!$A:$A,0)) -> 166.868 | E67: =INDEX(Monthly!$Z:$Z,MATCH("2013-09",Monthly!$A:$A,0)) -> 242.385 | F67: =INDEX(Monthly!$Z:$Z,MATCH("2013-10",Monthly!$A:$A,0)) -> 213.047 | G67: =INDEX(Monthly!$Z:$Z,MATCH("2013-11",Monthly!$A:$A,0)) -> 72.308 | H67: =INDEX(Monthly!$Z:$Z,MATCH("2013-12",Monthly!$A:$A,0)) -> 45.244 | I67: =INDEX(Monthly!$Z:$Z,MATCH("2014-01",Monthly!$A:$A,0)) -> 54.136 | J67: =INDEX(Monthly!$Z:$Z,MATCH("2014-02",Monthly!$A:$A,0)) -> 22.302 | K67: =INDEX(Monthly!$Z:$Z,MATCH("2014-03",Monthly!$A:$A,0)) -> 65.599 | L67: =INDEX(Monthly!$Z:$Z,MATCH("2014-04",Monthly!$A:$A,0)) -> 14.354 | M67: =INDEX(Monthly!$Z:$Z,MATCH("2014-05",Monthly!$A:$A,0)) -> 142.846 | N67: =INDEX(Monthly!$Z:$Z,MATCH("2014-06",Monthly!$A:$A,0)) -> 203.678 | O67: =SUM(C67:N67) -> 1457.931
A68: 2016/17 | B68: Neutral | C68: =INDEX(Monthly!$Z:$Z,MATCH("2016-07",Monthly!$A:$A,0)) -> 113.312 | D68: =INDEX(Monthly!$Z:$Z,MATCH("2016-08",Monthly!$A:$A,0)) -> 182.094 | E68: =INDEX(Monthly!$Z:$Z,MATCH("2016-09",Monthly!$A:$A,0)) -> 309.184 | F68: =INDEX(Monthly!$Z:$Z,MATCH("2016-10",Monthly!$A:$A,0)) -> 54.179 | G68: =INDEX(Monthly!$Z:$Z,MATCH("2016-11",Monthly!$A:$A,0)) -> 79.954 | H68: =INDEX(Monthly!$Z:$Z,MATCH("2016-12",Monthly!$A:$A,0)) -> 50.416 | I68: =INDEX(Monthly!$Z:$Z,MATCH("2017-01",Monthly!$A:$A,0)) -> 32.38 | J68: =INDEX(Monthly!$Z:$Z,MATCH("2017-02",Monthly!$A:$A,0)) -> 6.274 | K68: =INDEX(Monthly!$Z:$Z,MATCH("2017-03",Monthly!$A:$A,0)) -> 38.13 | L68: =INDEX(Monthly!$Z:$Z,MATCH("2017-04",Monthly!$A:$A,0)) -> 74.726 | M68: =INDEX(Monthly!$Z:$Z,MATCH("2017-05",Monthly!$A:$A,0)) -> 264.116 | N68: =INDEX(Monthly!$Z:$Z,MATCH("2017-06",Monthly!$A:$A,0)) -> 432.015 | O68: =SUM(C68:N68) -> 1636.78
A69: 2024/25 | B69: Neutral | C69: =INDEX(Monthly!$Z:$Z,MATCH("2024-07",Monthly!$A:$A,0)) -> 202.26287 | D69: =INDEX(Monthly!$Z:$Z,MATCH("2024-08",Monthly!$A:$A,0)) -> 153.35693 | E69: =INDEX(Monthly!$Z:$Z,MATCH("2024-09",Monthly!$A:$A,0)) -> 270.25061 | F69: =INDEX(Monthly!$Z:$Z,MATCH("2024-10",Monthly!$A:$A,0)) -> 69.746438 | G69: =INDEX(Monthly!$Z:$Z,MATCH("2024-11",Monthly!$A:$A,0)) -> 156.09057 | H69: =INDEX(Monthly!$Z:$Z,MATCH("2024-12",Monthly!$A:$A,0)) -> 71.727746 | I69: =INDEX(Monthly!$Z:$Z,MATCH("2025-01",Monthly!$A:$A,0)) -> 37.723605 | J69: =INDEX(Monthly!$Z:$Z,MATCH("2025-02",Monthly!$A:$A,0)) -> 19.64337 | K69: =INDEX(Monthly!$Z:$Z,MATCH("2025-03",Monthly!$A:$A,0)) -> 14.559485 | L69: =INDEX(Monthly!$Z:$Z,MATCH("2025-04",Monthly!$A:$A,0)) -> 36.100112 | M69: =INDEX(Monthly!$Z:$Z,MATCH("2025-05",Monthly!$A:$A,0)) -> 80.881657 | N69: =INDEX(Monthly!$Z:$Z,MATCH("2025-06",Monthly!$A:$A,0)) -> 410.25747 | O69: =SUM(C69:N69) -> 1522.6009
A70: Average Neutral | B70: 4 seasons | C70: =AVERAGE(C66:C69) -> 172.75972 | D70: =AVERAGE(D66:D69) -> 233.60623 | E70: =AVERAGE(E66:E69) -> 248.2174 | F70: =AVERAGE(F66:F69) -> 123.16636 | G70: =AVERAGE(G66:G69) -> 93.355642 | H70: =AVERAGE(H66:H69) -> 52.905187 | I70: =AVERAGE(I66:I69) -> 40.913901 | J70: =AVERAGE(J66:J69) -> 16.418342 | ... N70: =AVERAGE(N66:N69) -> 287.60212 | O70: =SUM(C70:N70) -> 1501.5105
A72: After the photo window (not in the averages)
A73: 2025/26 | B73: Neutral | C73: =INDEX(Monthly!$Z:$Z,MATCH("2025-07",Monthly!$A:$A,0)) -> 185.66193 | D73: =INDEX(Monthly!$Z:$Z,MATCH("2025-08",Monthly!$A:$A,0)) -> 155.02471 | E73: =INDEX(Monthly!$Z:$Z,MATCH("2025-09",Monthly!$A:$A,0)) -> 304.8683 | F73: =INDEX(Monthly!$Z:$Z,MATCH("2025-10",Monthly!$A:$A,0)) -> 190.62379 | G73: =INDEX(Monthly!$Z:$Z,MATCH("2025-11",Monthly!$A:$A,0)) -> 36.893267 | H73: =INDEX(Monthly!$Z:$Z,MATCH("2025-12",Monthly!$A:$A,0)) -> 62.136503 | I73: =INDEX(Monthly!$Z:$Z,MATCH("2026-01",Monthly!$A:$A,0)) -> 66.86466 | J73: =INDEX(Monthly!$Z:$Z,MATCH("2026-02",Monthly!$A:$A,0)) -> 27.823899 | K73: =INDEX(Monthly!$Z:$Z,MATCH("2026-03",Monthly!$A:$A,0)) -> 34.19837 | L73: =INDEX(Monthly!$Z:$Z,MATCH("2026-04",Monthly!$A:$A,0)) -> 56.784746 | M73: =INDEX(Monthly!$Z:$Z,MATCH("2026-05",Monthly!$A:$A,0)) -> 112.48179 | N73: =INDEX(Monthly!$Z:$Z,MATCH("2026-06",Monthly!$A:$A,0)) -> 192.28628 | O73: =SUM(C73:N73) -> 1425.6482
A74: 2026/27 | B74: El Niño (in progress) | C74: =INDEX(Monthly!$Z:$Z,MATCH("2026-07",Monthly!$A:$A,0)) -> 123.8258 | D74: =INDEX(Monthly!$Z:$Z,MATCH("2026-08",Monthly!$A:$A,0)) -> 69.336278

Sheet Chart_long
A1: Location | B1: Season | C1: Phase | D1: In photo window | E1: Month | F1: Month order (Jul = 1) | G1: Calendar year | H1: Month key | I1: Mean temperature (°C) | J1: Rainfall (mm)
A2: Honduras, mean of 3 towns (Comayagua, Ocotepeque, Copán) | B2: 2005/06 | C2: La Niña | D2: yes | E2: Jul | F2: 1 | G2: 2005 | H2: 2005-07 | I2: =INDEX(Monthly!$AF:$AF,MATCH(H2,Monthly!$A:$A,0)) -> 22.663441 | J2: =INDEX(Monthly!$AE:$AE,MATCH(H2,Monthly!$A:$A,0)) -> 139.01733
A3: Honduras, mean of 3 towns (Comayagua, Ocotepeque, Copán) | B3: 2005/06 | C3: La Niña | D3: yes | E3: Aug | F3: 2 | G3: 2005 | H3: 2005-08 | I3: =INDEX(Monthly!$AF:$AF,MATCH(H3,Monthly!$A:$A,0)) -> 22.784409 | J3: =INDEX(Monthly!$AE:$AE,MATCH(H3,Monthly!$A:$A,0)) -> 155.90533
A4: Honduras, mean of 3 towns (Comayagua, Ocotepeque, Copán) | B4: 2005/06 | C4: La Niña | D4: yes | E4: Sep | F4: 3 | G4: 2005 | H4: 2005-09 | I4: =INDEX(Monthly!$AF:$AF,MATCH(H4,Monthly!$A:$A,0)) -> 22.388111 | J4: =INDEX(Monthly!$AE:$AE,MATCH(H4,Monthly!$A:$A,0)) -> 199.99333
A5: Honduras, mean of 3 towns (Comayagua, Ocotepeque, Copán) | B5: 2005/06 | C5: La Niña | D5: yes | E5: Oct | F5: 4 | G5: 2005 | H5: 2005-10 | I5: =INDEX(Monthly!$AF:$AF,MATCH(H5,Monthly!$A:$A,0)) -> 21.018387 | J5: =INDEX(Monthly!$AE:$AE,MATCH(H5,Monthly!$A:$A,0)) -> 104.91933
A6: Honduras, mean of 3 towns (Comayagua, Ocotepeque, Copán) | B6: 2005/06 | C6: La Niña | D6: yes | E6: Nov | F6: 5 | G6: 2005 | H6: 2005-11 | I6: =INDEX(Monthly!$AF:$AF,MATCH(H6,Monthly!$A:$A,0)) -> 19.830444 | J6: =INDEX(Monthly!$AE:$AE,MATCH(H6,Monthly!$A:$A,0)) -> 16.416333
A7: Honduras, mean of 3 towns (Comayagua, Ocotepeque, Copán) | B7: 2005/06 | C7: La Niña | D7: yes | E7: Dec | F7: 6 | G7: 2005 | H7: 2005-12 | I7: =INDEX(Monthly!$AF:$AF,MATCH(H7,Monthly!$A:$A,0)) -> 20.398172 | J7: =INDEX(Monthly!$AE:$AE,MATCH(H7,Monthly!$A:$A,0)) -> 21.504667
A8: Honduras, mean of 3 towns (Comayagua, Ocotepeque, Copán) | B8: 2005/06 | C8: La Niña | D8: yes | E8: Jan | F8: 7 | G8: 2006 | H8: 2006-01 | I8: =INDEX(Monthly!$AF:$AF,MATCH(H8,Monthly!$A:$A,0)) -> 20.128925 | J8: =INDEX(Monthly!$AE:$AE,MATCH(H8,Monthly!$A:$A,0)) -> 20.606
A9: Honduras, mean of 3 towns (Comayagua, Ocotepeque, Copán) | B9: 2005/06 | C9: La Niña | D9: yes | E9: Feb | F9: 8 | G9: 2006 | H9: 2006-02 | I9: =INDEX(Monthly!$AF:$AF,MATCH(H9,Monthly!$A:$A,0)) -> 20.36869 | J9: =INDEX(Monthly!$AE:$AE,MATCH(H9,Monthly!$A:$A,0)) -> 5.604
A10: Honduras, mean of 3 towns (Comayagua, Ocotepeque, Copán) | B10: 2005/06 | C10: La Niña | D10: yes | E10: Mar | F10: 9 | G10: 2006 | H10: 2006-03 | I10: =INDEX(Monthly!$AF:$AF,MATCH(H10,Monthly!$A:$A,0)) -> 22.834731 | J10: =INDEX(Monthly!$AE:$AE,MATCH(H10,Monthly!$A:$A,0)) -> 5.2956667
A11: Honduras, mean of 3 towns (Comayagua, Ocotepeque, Copán) | B11: 2005/06 | C11: La Niña | D11: yes | E11: Apr | F11: 10 | G11: 2006 | H11: 2006-04 | I11: =INDEX(Monthly!$AF:$AF,MATCH(H11,Monthly!$A:$A,0)) -> 24.139111 | J11: =INDEX(Monthly!$AE:$AE,MATCH(H11,Monthly!$A:$A,0)) -> 41.957333
A12: Honduras, mean of 3 towns (Comayagua, Ocotepeque, Copán) | B12: 2005/06 | C12: La Niña | D12: yes | E12: May | F12: 11 | G12: 2006 | H12: 2006-05 | I12: =INDEX(Monthly!$AF:$AF,MATCH(H12,Monthly!$A:$A,0)) -> 24.48172 | J12: =INDEX(Monthly!$AE:$AE,MATCH(H12,Monthly!$A:$A,0)) -> 116.615
A13: Honduras, mean of 3 towns (Comayagua, Ocotepeque, Copán) | B13: 2005/06 | C13: La Niña | D13: yes | E13: Jun | F13: 12 | G13: 2006 | H13: 2006-06 | I13: =INDEX(Monthly!$AF:$AF,MATCH(H13,Monthly!$A:$A,0)) -> 22.454222 | J13: =INDEX(Monthly!$AE:$AE,MATCH(H13,Monthly!$A:$A,0)) -> 235.36867
... A255: Honduras, mean of 3 towns (Comayagua, Ocotepeque, Copán) | B255: 2026/27 | C255: El Niño (in progress) | D255: no | E255: Aug | F255: 2 | G255: 2026 | H255: 2026-08 | I255: =INDEX(Monthly!$AF:$AF,MATCH(H255,Monthly!$A:$A,0)) -> 24.86957 | J255: =INDEX(Monthly!$AE:$AE,MATCH(H255,Monthly!$A:$A,0)) -> 34.968759
A256: Comayagua — Comayagua department, town of Comayagua | B256: 2005/06 | C256: La Niña | D256: yes | E256: Jul | F256: 1 | G256: 2005 | H256: 2005-07 | I256: =INDEX(Monthly!$Q:$Q,MATCH(H256,Monthly!$A:$A,0)) -> 22.002258 | J256: =INDEX(Monthly!$P:$P,MATCH(H256,Monthly!$A:$A,0)) -> 151.869
A257: Comayagua — Comayagua department, town of Comayagua | B257: 2005/06 | C257: La Niña | D257: yes | E257: Aug | F257: 2 | G257: 2005 | H257: 2005-08 | I257: =INDEX(Monthly!$Q:$Q,MATCH(H257,Monthly!$A:$A,0)) -> 22.353871 | J257: =INDEX(Monthly!$P:$P,MATCH(H257,Monthly!$A:$A,0)) -> 170.789
A258: Comayagua — Comayagua department, town of Comayagua | B258: 2005/06 | C258: La Niña | D258: yes | E258: Sep | F258: 3 | G258: 2005 | H258: 2005-09 | I258: =INDEX(Monthly!$Q:$Q,MATCH(H258,Monthly!$A:$A,0)) -> 22 | J258: =INDEX(Monthly!$P:$P,MATCH(H258,Monthly!$A:$A,0)) -> 165.032
A259: Comayagua — Comayagua department, town of Comayagua | B259: 2005/06 | C259: La Niña | D259: yes | E259: Oct | F259: 4 | G259: 2005 | H259: 2005-10 | I259: =INDEX(Monthly!$Q:$Q,MATCH(H259,Monthly!$A:$A,0)) -> 20.72871 | J259: =INDEX(Monthly!$P:$P,MATCH(H259,Monthly!$A:$A,0)) -> 106.964
A260: Comayagua — Comayagua department, town of Comayagua | B260: 2005/06 | C260: La Niña | D260: yes | E260: Nov | F260: 5 | G260: 2005 | H260: 2005-11 | I260: =INDEX(Monthly!$Q:$Q,MATCH(H260,Monthly!$A:$A,0)) -> 19.751333 | J260: =INDEX(Monthly!$P:$P,MATCH(H260,Monthly!$A:$A,0)) -> 10.746
A261: Comayagua — Comayagua department, town of Comayagua | B261: 2005/06 | C261: La Niña | D261: yes | E261: Dec | F261: 6 | G261: 2005 | H261: 2005-12 | I261: =INDEX(Monthly!$Q:$Q,MATCH(H261,Monthly!$A:$A,0)) -> 20.613226 | J261: =INDEX(Monthly!$P:$P,MATCH(H261,Monthly!$A:$A,0)) -> 5.216
A262: Comayagua — Comayagua department, town of Comayagua | B262: 2005/06 | C262: La Niña | D262: yes | E262: Jan | F262: 7 | G262: 2006 | H262: 2006-01 | I262: =INDEX(Monthly!$Q:$Q,MATCH(H262,Monthly!$A:$A,0)) -> 20.27 | J262: =INDEX(Monthly!$P:$P,MATCH(H262,Monthly!$A:$A,0)) -> 4.962
A263: Comayagua — Comayagua department, town of Comayagua | B263: 2005/06 | C263: La Niña | D263: yes | E263: Feb | F263: 8 | G263: 2006 | H263: 2006-02 | I263: =INDEX(Monthly!$Q:$Q,MATCH(H263,Monthly!$A:$A,0)) -> 20.678929 | J263: =INDEX(Monthly!$P:$P,MATCH(H263,Monthly!$A:$A,0)) -> 0.79
A264: Comayagua — Comayagua department, town of Comayagua | B264: 2005/06 | C264: La Niña | D264: yes | E264: Mar | F264: 9 | G264: 2006 | H264: 2006-03 | I264: =INDEX(Monthly!$Q:$Q,MATCH(H264,Monthly!$A:$A,0)) -> 23.187097 | J264: =INDEX(Monthly!$P:$P,MATCH(H264,Monthly!$A:$A,0)) -> 0.797
A265: Comayagua — Comayagua department, town of Comayagua | B265: 2005/06 | C265: La Niña | D265: yes | E265: Apr | F265: 10 | G265: 2006 | H265: 2006-04 | I265: =INDEX(Monthly!$Q:$Q,MATCH(H265,Monthly!$A:$A,0)) -> 24.347 | J265: =INDEX(Monthly!$P:$P,MATCH(H265,Monthly!$A:$A,0)) -> 25.603
A266: Comayagua — Comayagua department, town of Comayagua | B266: 2005/06 | C266: La Niña | D266: yes | E266: May | F266: 11 | G266: 2006 | H266: 2006-05 | I266: =INDEX(Monthly!$Q:$Q,MATCH(H266,Monthly!$A:$A,0)) -> 24.822581 | J266: =INDEX(Monthly!$P:$P,MATCH(H266,Monthly!$A:$A,0)) -> 71.343
A267: Comayagua — Comayagua department, town of Comayagua | B267: 2005/06 | C267: La Niña | D267: yes | E267: Jun | F267: 12 | G267: 2006 | H267: 2006-06 | I267: =INDEX(Monthly!$Q:$Q,MATCH(H267,Monthly!$A:$A,0)) -> 22.343667 | J267: =INDEX(Monthly!$P:$P,MATCH(H267,Monthly!$A:$A,0)) -> 213.956
... A509: Comayagua — Comayagua department, town of Comayagua | B509: 2026/27 | C509: El Niño (in progress) | D509: no | E509: Aug | F509: 2 | G509: 2026 | H509: 2026-08 | I509: =INDEX(Monthly!$Q:$Q,MATCH(H509,Monthly!$A:$A,0)) -> 23.580968 | J509: =INDEX(Monthly!$P:$P,MATCH(H509,Monthly!$A:$A,0)) -> 23.422
A510: Ocotepeque — Ocotepeque department, town of Nueva Ocotepeque | B510: 2005/06 | C510: La Niña | D510: yes | E510: Jul | F510: 1 | G510: 2005 | H510: 2005-07 | I510: =INDEX(Monthly!$V:$V,MATCH(H510,Monthly!$A:$A,0)) -> 22.774516 | J510: =INDEX(Monthly!$U:$U,MATCH(H510,Monthly!$A:$A,0)) -> 110.182
A511: Ocotepeque — Ocotepeque department, town of Nueva Ocotepeque | B511: 2005/06 | C511: La Niña | D511: yes | E511: Aug | F511: 2 | G511: 2005 | H511: 2005-08 | I511: =INDEX(Monthly!$V:$V,MATCH(H511,Monthly!$A:$A,0)) -> 22.714516 | J511: =INDEX(Monthly!$U:$U,MATCH(H511,Monthly!$A:$A,0)) -> 167.823
A512: Ocotepeque — Ocotepeque department, town of Nueva Ocotepeque | B512: 2005/06 | C512: La Niña | D512: yes | E512: Sep | F512: 3 | G512: 2005 | H512: 2005-09 | I512: =INDEX(Monthly!$V:$V,MATCH(H512,Monthly!$A:$A,0)) -> 22.403667 | J512: =INDEX(Monthly!$U:$U,MATCH(H512,Monthly!$A:$A,0)) -> 223.733
A513: Ocotepeque — Ocotepeque department, town of Nueva Ocotepeque | B513: 2005/06 | C513: La Niña | D513: yes | E513: Oct | F513: 4 | G513: 2005 | H513: 2005-10 | I513: =INDEX(Monthly!$V:$V,MATCH(H513,Monthly!$A:$A,0)) -> 20.981935 | J513: =INDEX(Monthly!$U:$U,MATCH(H513,Monthly!$A:$A,0)) -> 91.145
A514: Ocotepeque — Ocotepeque department, town of Nueva Ocotepeque | B514: 2005/06 | C514: La Niña | D514: yes | E514: Nov | F514: 5 | G514: 2005 | H514: 2005-11 | I514: =INDEX(Monthly!$V:$V,MATCH(H514,Monthly!$A:$A,0)) -> 19.723 | J514: =INDEX(Monthly!$U:$U,MATCH(H514,Monthly!$A:$A,0)) -> 6.397
A515: Ocotepeque — Ocotepeque department, town of Nueva Ocotepeque | B515: 2005/06 | C515: La Niña | D515: yes | E515: Dec | F515: 6 | G515: 2005 | H515: 2005-12 | I515: =INDEX(Monthly!$V:$V,MATCH(H515,Monthly!$A:$A,0)) -> 20.269032 | J515: =INDEX(Monthly!$U:$U,MATCH(H515,Monthly!$A:$A,0)) -> 23.582
A516: Ocotepeque — Ocotepeque department, town of Nueva Ocotepeque | B516: 2005/06 | C516: La Niña | D516: yes | E516: Jan | F516: 7 | G516: 2006 | H516: 2006-01 | I516: =INDEX(Monthly!$V:$V,MATCH(H516,Monthly!$A:$A,0)) -> 20.261613 | J516: =INDEX(Monthly!$U:$U,MATCH(H516,Monthly!$A:$A,0)) -> 7.806
A517: Ocotepeque — Ocotepeque department, town of Nueva Ocotepeque | B517: 2005/06 | C517: La Niña | D517: yes | E517: Feb | F517: 8 | G517: 2006 | H517: 2006-02 | I517: =INDEX(Monthly!$V:$V,MATCH(H517,Monthly!$A:$A,0)) -> 20.568571 | J517: =INDEX(Monthly!$U:$U,MATCH(H517,Monthly!$A:$A,0)) -> 3.885
A518: Ocotepeque — Ocotepeque department, town of Nueva Ocotepeque | B518: 2005/06 | C518: La Niña | D518: yes | E518: Mar | F518: 9 | G518: 2006 | H518: 2006-03 | I518: =INDEX(Monthly!$V:$V,MATCH(H518,Monthly!$A:$A,0)) -> 22.932258 | J518: =INDEX(Monthly!$U:$U,MATCH(H518,Monthly!$A:$A,0)) -> 4.185
A519: Ocotepeque — Ocotepeque department, town of Nueva Ocotepeque | B519: 2005/06 | C519: La Niña | D519: yes | E519: Apr | F519: 10 | G519: 2006 | H519: 2006-04 | I519: =INDEX(Monthly!$V:$V,MATCH(H519,Monthly!$A:$A,0)) -> 24.289667 | J519: =INDEX(Monthly!$U:$U,MATCH(H519,Monthly!$A:$A,0)) -> 33.662
A520: Ocotepeque — Ocotepeque department, town of Nueva Ocotepeque | B520: 2005/06 | C520: La Niña | D520: yes | E520: May | F520: 11 | G520: 2006 | H520: 2006-05 | I520: =INDEX(Monthly!$V:$V,MATCH(H520,Monthly!$A:$A,0)) -> 24.474839 | J520: =INDEX(Monthly!$U:$U,MATCH(H520,Monthly!$A:$A,0)) -> 144.414
A521: Ocotepeque — Ocotepeque department, town of Nueva Ocotepeque | B521: 2005/06 | C521: La Niña | D521: yes | E521: Jun | F521: 12 | G521: 2006 | H521: 2006-06 | I521: =INDEX(Monthly!$V:$V,MATCH(H521,Monthly!$A:$A,0)) -> 22.372333 | J521: =INDEX(Monthly!$U:$U,MATCH(H521,Monthly!$A:$A,0)) -> 189.236
... A763: Ocotepeque — Ocotepeque department, town of Nueva Ocotepeque | B763: 2026/27 | C763: El Niño (in progress) | D763: no | E763: Aug | F763: 2 | G763: 2026 | H763: 2026-08 | I763: =INDEX(Monthly!$V:$V,MATCH(H763,Monthly!$A:$A,0)) -> 26.167742 | J763: =INDEX(Monthly!$U:$U,MATCH(H763,Monthly!$A:$A,0)) -> 12.148
A764: Copán — Copán department, town of Santa Rosa de Copán | B764: 2005/06 | C764: La Niña | D764: yes | E764: Jul | F764: 1 | G764: 2005 | H764: 2005-07 | I764: =INDEX(Monthly!$AA:$AA,MATCH(H764,Monthly!$A:$A,0)) -> 23.213548 | J764: =INDEX(Monthly!$Z:$Z,MATCH(H764,Monthly!$A:$A,0)) -> 155.001
A765: Copán — Copán department, town of Santa Rosa de Copán | B765: 2005/06 | C765: La Niña | D765: yes | E765: Aug | F765: 2 | G765: 2005 | H765: 2005-08 | I765: =INDEX(Monthly!$AA:$AA,MATCH(H765,Monthly!$A:$A,0)) -> 23.284839 | J765: =INDEX(Monthly!$Z:$Z,MATCH(H765,Monthly!$A:$A,0)) -> 129.104
A766: Copán — Copán department, town of Santa Rosa de Copán | B766: 2005/06 | C766: La Niña | D766: yes | E766: Sep | F766: 3 | G766: 2005 | H766: 2005-09 | I766: =INDEX(Monthly!$AA:$AA,MATCH(H766,Monthly!$A:$A,0)) -> 22.760667 | J766: =INDEX(Monthly!$Z:$Z,MATCH(H766,Monthly!$A:$A,0)) -> 211.215
A767: Copán — Copán department, town of Santa Rosa de Copán | B767: 2005/06 | C767: La Niña | D767: yes | E767: Oct | F767: 4 | G767: 2005 | H767: 2005-10 | I767: =INDEX(Monthly!$AA:$AA,MATCH(H767,Monthly!$A:$A,0)) -> 21.344516 | J767: =INDEX(Monthly!$Z:$Z,MATCH(H767,Monthly!$A:$A,0)) -> 116.649
A768: Copán — Copán department, town of Santa Rosa de Copán | B768: 2005/06 | C768: La Niña | D768: yes | E768: Nov | F768: 5 | G768: 2005 | H768: 2005-11 | I768: =INDEX(Monthly!$AA:$AA,MATCH(H768,Monthly!$A:$A,0)) -> 20.017 | J768: =INDEX(Monthly!$Z:$Z,MATCH(H768,Monthly!$A:$A,0)) -> 32.106
A769: Copán — Copán department, town of Santa Rosa de Copán | B769: 2005/06 | C769: La Niña | D769: yes | E769: Dec | F769: 6 | G769: 2005 | H769: 2005-12 | I769: =INDEX(Monthly!$AA:$AA,MATCH(H769,Monthly!$A:$A,0)) -> 20.312258 | J769: =INDEX(Monthly!$Z:$Z,MATCH(H769,Monthly!$A:$A,0)) -> 35.716
A770: Copán — Copán department, town of Santa Rosa de Copán | B770: 2005/06 | C770: La Niña | D770: yes | E770: Jan | F770: 7 | G770: 2006 | H770: 2006-01 | I770: =INDEX(Monthly!$AA:$AA,MATCH(H770,Monthly!$A:$A,0)) -> 19.855161 | J770: =INDEX(Monthly!$Z:$Z,MATCH(H770,Monthly!$A:$A,0)) -> 49.05
A771: Copán — Copán department, town of Santa Rosa de Copán | B771: 2005/06 | C771: La Niña | D771: yes | E771: Feb | F771: 8 | G771: 2006 | H771: 2006-02 | I771: =INDEX(Monthly!$AA:$AA,MATCH(H771,Monthly!$A:$A,0)) -> 19.858571 | J771: =INDEX(Monthly!$Z:$Z,MATCH(H771,Monthly!$A:$A,0)) -> 12.137
A772: Copán — Copán department, town of Santa Rosa de Copán | B772: 2005/06 | C772: La Niña | D772: yes | E772: Mar | F772: 9 | G772: 2006 | H772: 2006-03 | I772: =INDEX(Monthly!$AA:$AA,MATCH(H772,Monthly!$A:$A,0)) -> 22.384839 | J772: =INDEX(Monthly!$Z:$Z,MATCH(H772,Monthly!$A:$A,0)) -> 10.905
A773: Copán — Copán department, town of Santa Rosa de Copán | B773: 2005/06 | C773: La Niña | D773: yes | E773: Apr | F773: 10 | G773: 2006 | H773: 2006-04 | I773: =INDEX(Monthly!$AA:$AA,MATCH(H773,Monthly!$A:$A,0)) -> 23.780667 | J773: =INDEX(Monthly!$Z:$Z,MATCH(H773,Monthly!$A:$A,0)) -> 66.607
A774: Copán — Copán department, town of Santa Rosa de Copán | B774: 2005/06 | C774: La Niña | D774: yes | E774: May | F774: 11 | G774: 2006 | H774: 2006-05 | I774: =INDEX(Monthly!$AA:$AA,MATCH(H774,Monthly!$A:$A,0)) -> 24.147742 | J774: =INDEX(Monthly!$Z:$Z,MATCH(H774,Monthly!$A:$A,0)) -> 134.088
A775: Copán — Copán department, town of Santa Rosa de Copán | B775: 2005/06 | C775: La Niña | D775: yes | E775: Jun | F775: 12 | G775: 2006 | H775: 2006-06 | I775: =INDEX(Monthly!$AA:$AA,MATCH(H775,Monthly!$A:$A,0)) -> 22.646667 | J775: =INDEX(Monthly!$Z:$Z,MATCH(H775,Monthly!$A:$A,0)) -> 302.914
... A1017: Copán — Copán department, town of Santa Rosa de Copán | B1017: 2026/27 | C1017: El Niño (in progress) | D1017: no | E1017: Aug | F1017: 2 | G1017: 2026 | H1017: 2026-08 | I1017: =INDEX(Monthly!$AA:$AA,MATCH(H1017,Monthly!$A:$A,0)) -> 24.86 | J1017: =INDEX(Monthly!$Z:$Z,MATCH(H1017,Monthly!$A:$A,0)) -> 69.336278

Sheet ENSO_seasons
A1: Season (Jul–Jun) | B1: First day | C1: Last day | D1: ONI JJA (centre Jul) | E1: ONI JAS (centre Aug) | F1: ONI ASO (centre Sep) | G1: ONI SON (centre Oct) | H1: ONI OND (centre Nov) | I1: ONI NDJ (centre Dec) | J1: ONI DJF (centre Jan) | K1: ONI JFM (centre Feb) | L1: ONI FMA (centre Mar) | M1: ONI MAM (centre Apr) | N1: ONI AMJ (centre May) | O1: ONI MJJ (centre Jun) | P1: Periods in an El Niño episode | Q1: Periods in a La Niña episode | R1: ONI Nov–Jan (NDJ, peak season) | S1: Largest ONI of the season (sign kept) | T1: Official episode at NDJ | U1: SEASON PHASE (used in the charts) | V1: Strength (largest |ONI|) | W1: In the photo window 2005/06–2024/25 | X1: Note
A2: 1981/82 | B2: 29768 | C2: 30132 | D2: =INDEX(ENSO_monthly!$F:$F,MATCH("1981-07",ENSO_monthly!$A:$A,0)) -> -0.28 | E2: =INDEX(ENSO_monthly!$F:$F,MATCH("1981-08",ENSO_monthly!$A:$A,0)) -> -0.23 | F2: =INDEX(ENSO_monthly!$F:$F,MATCH("1981-09",ENSO_monthly!$A:$A,0)) -> -0.08 | G2: =INDEX(ENSO_monthly!$F:$F,MATCH("1981-10",ENSO_monthly!$A:$A,0)) -> -0.16 | H2: =INDEX(ENSO_monthly!$F:$F,MATCH("1981-11",ENSO_monthly!$A:$A,0)) -> -0.19 | I2: =INDEX(ENSO_monthly!$F:$F,MATCH("1981-12",ENSO_monthly!$A:$A,0)) -> -0.14 | J2: =INDEX(ENSO_monthly!$F:$F,MATCH("1982-01",ENSO_monthly!$A:$A,0)) -> -0.05 | K2: =INDEX(ENSO_monthly!$F:$F,MATCH("1982-02",ENSO_monthly!$A:$A,0)) -> 0.02 | L2: =INDEX(ENSO_monthly!$F:$F,MATCH("1982-03",ENSO_monthly!$A:$A,0)) -> 0.07 | M2: =INDEX(ENSO_monthly!$F:$F,MATCH("1982-04",ENSO_monthly!$A:$A,0)) -> 0.34 | N2: =INDEX(ENSO_monthly!$F:$F,MATCH("1982-05",ENSO_monthly!$A:$A,0)) -> 0.65 | O2: =INDEX(ENSO_monthly!$F:$F,MATCH("1982-06",ENSO_monthly!$A:$A,0)) -> 0.73 | P2: =COUNTIFS(ENSO_monthly!$M:$M,A2,ENSO_monthly!$L:$L,"El Niño*") -> 2 | Q2: =COUNTIFS(ENSO_monthly!$M:$M,A2,ENSO_monthly!$L:$L,"La Niña*") -> 0 | R2: =I2 -> -0.14 | S2: =IF(MAX(D2:O2)>=-MIN(D2:O2),MAX(D2:O2),MIN(D2:O2)) -> 0.73 | T2: =INDEX(ENSO_monthly!$L:$L,MATCH("1981-12",ENSO_monthly!$A:$A,0)) -> — | U2: =IF(LEFT(T2,7)="El Niño","El Niño",IF(LEFT(T2,7)="La Niña","La Niña","Neutral")) -> Neutral | V2: =IF(U2="Neutral","",IF(ABS(ROUND(S2,1))<1,"weak",IF(ABS(ROUND(S2,1))<1.5,"moderate",IF(ABS(ROUND(S2,1))<2,"strong","very strong")))) | W2: no
A3: 1982/83 | B3: 30133 | C3: 30497 | D3: =INDEX(ENSO_monthly!$F:$F,MATCH("1982-07",ENSO_monthly!$A:$A,0)) -> 0.78 | E3: =INDEX(ENSO_monthly!$F:$F,MATCH("1982-08",ENSO_monthly!$A:$A,0)) -> 0.99 | F3: =INDEX(ENSO_monthly!$F:$F,MATCH("1982-09",ENSO_monthly!$A:$A,0)) -> 1.45 | G3: =INDEX(ENSO_monthly!$F:$F,MATCH("1982-10",ENSO_monthly!$A:$A,0)) -> 1.82 | H3: =INDEX(ENSO_monthly!$F:$F,MATCH("1982-11",ENSO_monthly!$A:$A,0)) -> 2.03 | I3: =INDEX(ENSO_monthly!$F:$F,MATCH("1982-12",ENSO_monthly!$A:$A,0)) -> 2.12 | J3: =INDEX(ENSO_monthly!$F:$F,MATCH("1983-01",ENSO_monthly!$A:$A,0)) -> 2.14 | K3: =INDEX(ENSO_monthly!$F:$F,MATCH("1983-02",ENSO_monthly!$A:$A,0)) -> 1.91 | L3: =INDEX(ENSO_monthly!$F:$F,MATCH("1983-03",ENSO_monthly!$A:$A,0)) -> 1.52 | M3: =INDEX(ENSO_monthly!$F:$F,MATCH("1983-04",ENSO_monthly!$A:$A,0)) -> 1.23 | N3: =INDEX(ENSO_monthly!$F:$F,MATCH("1983-05",ENSO_monthly!$A:$A,0)) -> 0.95 | O3: =INDEX(ENSO_monthly!$F:$F,MATCH("1983-06",ENSO_monthly!$A:$A,0)) -> 0.62 | P3: =COUNTIFS(ENSO_monthly!$M:$M,A3,ENSO_monthly!$L:$L,"El Niño*") -> 12 | Q3: =COUNTIFS(ENSO_monthly!$M:$M,A3,ENSO_monthly!$L:$L,"La Niña*") -> 0 | R3: =I3 -> 2.12 | S3: =IF(MAX(D3:O3)>=-MIN(D3:O3),MAX(D3:O3),MIN(D3:O3)) -> 2.14 | T3: =INDEX(ENSO_monthly!$L:$L,MATCH("1982-12",ENSO_monthly!$A:$A,0)) -> El Niño | U3: =IF(LEFT(T3,7)="El Niño","El Niño",IF(LEFT(T3,7)="La Niña","La Niña","Neutral")) -> El Niño | V3: =IF(U3="Neutral","",IF(ABS(ROUND(S3,1))<1,"weak",IF(ABS(ROUND(S3,1))<1.5,"moderate",IF(ABS(ROUND(S3,1))<2,"strong","very strong")))) -> very strong | W3: no
