Workbook

Sheet README
A1: Espírito Santo (conilon) — météo par saison caféière (juillet → juin) et phase ENSO
A2: Fichier généré le 2026-09-27. Données mensuelles de juillet 2006 à August 2026 (mois complets uniquement).
A4: Zone
A5: Moyenne de 5 villes : Jaguaré, Vila Valério, Sooretama, Nova Venécia, São Mateus (principales communes du conilon ; altitude du modèle de terrain à 90 m).
A7: Sources retenues (les plus proches des vraies mesures)
A8: Chaque source a été comparée aux stations automatiques INMET de la région (A616, A614, A632, A631, mesures réelles 2007–2026) : voir l'onglet Validation.
A9: • Pluie : CHIRPS v3.0 (UCSB) — satellite + pluviomètres, grille 0,05° (~5 km).
A10: • Température moyenne et température minimale et humidité de l'air : Open-Meteo ERA5-Land (0,1°), corrigé à l'altitude de chaque ville.
A11: • Température maximale : Open-Meteo ERA5-Land + correction mensuelle mesurée sur les 4 stations INMET de la région (les modèles lissent les extrêmes du jour). Correction testée en excluant à chaque fois la station évaluée ; appliquée seulement là où elle réduit l'erreur (voir Validation).
A12: • Humidité du sol (0–100 cm et surface 0–7 cm) : Open-Meteo ERA5-Land, en % du volume de sol. Aucune station ne la mesure dans la région : c'est une estimation de modèle, non vérifiable localement.
A14: Phases ENSO
A15: Indice ONI de la NOAA pour décembre-janvier-février : ≥ +0,5 = El Niño, ≤ −0,5 = La Niña, sinon Neutre. Cette règle redonne exactement le classement du graphique de référence (2006/07–2024/25).
... A27: CHIRPS : Funk et al., Climate Hazards Center UCSB. Open-Meteo (CC BY 4.0) / ERA5-Land, Copernicus-ECMWF. NASA POWER, NASA Langley. INMET. NOAA CPC (ONI).

Sheet Charts
A1: Espírito Santo (conilon) | Temperature, rainfall, humidity and soil moisture by ENSO phase
A2: Coffee seasons Jul-Jun, 2006/07 to 2026/27. Dotted line = average of the phase. Best-validated source per variable (see Validation).

Sheet Monthly data
A1: Espírito Santo (conilon) — monthly data (average of the towns), best source per variable
A2: Towns: Jaguaré, Vila Valério, Sooretama, Nova Venécia, São Mateus. Complete months only.
D3: Source → Open-Meteo | E3: Open-Meteo | F3: Open-Meteo + INMET correction | G3: CHIRPS | H3: Open-Meteo | I3: Open-Meteo | J3: Open-Meteo
A4: Month | B4: Season | C4: ENSO phase | D4: Mean temperature (°C) | E4: Min temperature (°C) | F4: Max temperature (°C) | G4: Monthly rainfall (mm) | H4: Relative humidity (%) | I4: Soil moisture 0-100 cm (% vol.) | J4: Surface soil moisture 0-7 cm (% vol.)
A5: 38899 | B5: 2006/07 | C5: =INDEX(ENSO!$C$5:$C$25,MATCH(B5,ENSO!$A$5:$A$25,0)) -> El Niño | D5: 20.53 | E5: 16.55 | F5: 26.75 | G5: 56.48 | H5: 78.18 | I5: 26.67 | J5: 23.19
A6: 38930 | B6: 2006/07 | C6: =INDEX(ENSO!$C$5:$C$25,MATCH(B6,ENSO!$A$5:$A$25,0)) -> El Niño | D6: 21.87 | E6: 18.46 | F6: 27.58 | G6: 30.43 | H6: 77.8 | I6: 24.76 | J6: 22.39
A7: 38961 | B7: 2006/07 | C7: =INDEX(ENSO!$C$5:$C$25,MATCH(B7,ENSO!$A$5:$A$25,0)) -> El Niño | D7: 22.13 | E7: 18.72 | F7: 27.54 | G7: 87.11 | H7: 75.71 | I7: 24.37 | J7: 26.04
A8: 38991 | B8: 2006/07 | C8: =INDEX(ENSO!$C$5:$C$25,MATCH(B8,ENSO!$A$5:$A$25,0)) -> El Niño | D8: 23.24 | E8: 20.66 | F8: 27.5 | G8: 183.92 | H8: 80.61 | I8: 26.55 | J8: 33.23
A9: 39022 | B9: 2006/07 | C9: =INDEX(ENSO!$C$5:$C$25,MATCH(B9,ENSO!$A$5:$A$25,0)) -> El Niño | D9: 23.79 | E9: 21.34 | F9: 28.4 | G9: 313.24 | H9: 83.79 | I9: 34.52 | J9: 37.72
A10: 39052 | B10: 2006/07 | C10: =INDEX(ENSO!$C$5:$C$25,MATCH(B10,ENSO!$A$5:$A$25,0)) -> El Niño | D10: 24.6 | E10: 22.05 | F10: 29.73 | G10: 259.84 | H10: 83.86 | I10: 39.57 | J10: 37.83
A11: 39083 | B11: 2006/07 | C11: =INDEX(ENSO!$C$5:$C$25,MATCH(B11,ENSO!$A$5:$A$25,0)) -> El Niño | D11: 26.05 | E11: 23.12 | F11: 32.22 | G11: 124.89 | H11: 80.45 | I11: 35.84 | J11: 34.86
A12: 39114 | B12: 2006/07 | C12: =INDEX(ENSO!$C$5:$C$25,MATCH(B12,ENSO!$A$5:$A$25,0)) -> El Niño | D12: 24.92 | E12: 22.17 | F12: 30.62 | G12: 269.29 | H12: 84.9 | I12: 39.64 | J12: 39.53
A13: 39142 | B13: 2006/07 | C13: =INDEX(ENSO!$C$5:$C$25,MATCH(B13,ENSO!$A$5:$A$25,0)) -> El Niño | D13: 25.61 | E13: 22.33 | F13: 31.86 | G13: 29.84 | H13: 81.6 | I13: 34.98 | J13: 30.51
A14: 39173 | B14: 2006/07 | C14: =INDEX(ENSO!$C$5:$C$25,MATCH(B14,ENSO!$A$5:$A$25,0)) -> El Niño | D14: 24.67 | E14: 21.86 | F14: 30.73 | G14: 159.86 | H14: 84.31 | I14: 31.25 | J14: 32.87
A15: 39203 | B15: 2006/07 | C15: =INDEX(ENSO!$C$5:$C$25,MATCH(B15,ENSO!$A$5:$A$25,0)) -> El Niño | D15: 22.65 | E15: 19.45 | F15: 28.34 | G15: 21.76 | H15: 78.04 | I15: 28.78 | J15: 26.74
A16: 39234 | B16: 2006/07 | C16: =INDEX(ENSO!$C$5:$C$25,MATCH(B16,ENSO!$A$5:$A$25,0)) -> El Niño | D16: 21.54 | E16: 17.58 | F16: 27.81 | G16: 16.66 | H16: 78.54 | I16: 25.62 | J16: 20.51
... A246: 46235 | B246: 2026/27 | C246: =INDEX(ENSO!$C$5:$C$25,MATCH(B246,ENSO!$A$5:$A$25,0)) -> El Niño* | D246: 23.39 | E246: 19.78 | F246: 29.63 | G246: 31.47 | H246: 74.76 | I246: 23.33 | J246: 20.42

Sheet ENSO
A1: ENSO phase per coffee season (Jul-Jun)
A2: NOAA CPC Oceanic Niño Index (ONI). Rule: DJF ONI >= +0.5 El Niño, <= -0.5 La Niña, otherwise Neutral. * = season not finished, provisional.
A4: Season | B4: DJF ONI | C4: ENSO phase | D4: SON ONI | E4: NDJ ONI | F4: Note
A5: 2006/07 | B5: 0.62 | C5: El Niño | D5: 0.71 | E5: 0.88
A6: 2007/08 | B6: -1.76 | C6: La Niña | D6: -1.38 | E6: -1.72
A7: 2008/09 | B7: -0.89 | C7: La Niña | D7: -0.36 | E7: -0.79
A8: 2009/10 | B8: 1.47 | C8: El Niño | D8: 0.92 | E8: 1.5
A9: 2010/11 | B9: -1.29 | C9: La Niña | D9: -1.54 | E9: -1.48
A10: 2011/12 | B10: -0.71 | C10: La Niña | D10: -0.94 | E10: -0.92
A11: 2012/13 | B11: -0.24 | C11: Neutral | D11: 0.28 | E11: -0.03
A12: 2013/14 | B12: -0.24 | C12: Neutral | D12: -0.14 | E12: -0.11
A13: 2014/15 | B13: 0.73 | C13: El Niño | D13: 0.51 | E13: 0.8
A14: 2015/16 | B14: 2.5 | C14: El Niño | D14: 2.28 | E14: 2.59
A15: 2016/17 | B15: -0.08 | C15: Neutral | D15: -0.51 | E15: -0.37
A16: 2017/18 | B16: -0.71 | C16: La Niña | D16: -0.44 | E16: -0.76
... A24: 2025/26 | B24: -0.39 | C24: Neutral | D24: -0.57 | E24: -0.6
A25: 2026/27 | C25: El Niño* | F25: provisional: latest ONI JJA 2026 = +1.80
A27: Source: https://www.cpc.ncep.noaa.gov/data/indices/oni.ascii.txt

Sheet Mean temp
A1: Espírito Santo (conilon) — Mean temperature (°C) by coffee season
A2: Source: Open-Meteo, ERA5-Land 0.1° (models=era5_seamless), downscaled to town altitude. Values link to 'Monthly data'.
A4: Season | B4: ENSO phase | C4: Jul | D4: Aug | E4: Sep | F4: Oct | G4: Nov | H4: Dec | I4: Jan | J4: Feb | K4: Mar | L4: Apr | M4: May | N4: Jun | O4: Season mean
A5: 2006/07 | B5: =ENSO!C5 -> El Niño | C5: ='Monthly data'!D5 -> 20.53 | D5: ='Monthly data'!D6 -> 21.87 | E5: ='Monthly data'!D7 -> 22.13 | F5: ='Monthly data'!D8 -> 23.24 | G5: ='Monthly data'!D9 -> 23.79 | H5: ='Monthly data'!D10 -> 24.6 | I5: ='Monthly data'!D11 -> 26.05 | J5: ='Monthly data'!D12 -> 24.92 | K5: ='Monthly data'!D13 -> 25.61 | L5: ='Monthly data'!D14 -> 24.67 | M5: ='Monthly data'!D15 -> 22.65 | N5: ='Monthly data'!D16 -> 21.54 | O5: =IF(COUNT(C5:N5)=12,AVERAGE(C5:N5),"") -> 23.466667
A6: 2007/08 | B6: =ENSO!C6 -> La Niña | C6: ='Monthly data'!D17 -> 21.88 | D6: ='Monthly data'!D18 -> 21.24 | E6: ='Monthly data'!D19 -> 21.78 | F6: ='Monthly data'!D20 -> 23.89 | G6: ='Monthly data'!D21 -> 25.33 | H6: ='Monthly data'!D22 -> 25.35 | I6: ='Monthly data'!D23 -> 25.16 | J6: ='Monthly data'!D24 -> 25.75 | K6: ='Monthly data'!D25 -> 25.5 | L6: ='Monthly data'!D26 -> 25.51 | M6: ='Monthly data'!D27 -> 22.82 | N6: ='Monthly data'!D28 -> 21.9 | O6: =IF(COUNT(C6:N6)=12,AVERAGE(C6:N6),"") -> 23.8425
A7: 2008/09 | B7: =ENSO!C7 -> La Niña | C7: ='Monthly data'!D29 -> 20.73 | D7: ='Monthly data'!D30 -> 22.32 | E7: ='Monthly data'!D31 -> 22.84 | F7: ='Monthly data'!D32 -> 24.66 | G7: ='Monthly data'!D33 -> 24.12 | H7: ='Monthly data'!D34 -> 24.58 | I7: ='Monthly data'!D35 -> 25.58 | J7: ='Monthly data'!D36 -> 25.95 | K7: ='Monthly data'!D37 -> 26.34 | L7: ='Monthly data'!D38 -> 24.41 | M7: ='Monthly data'!D39 -> 22.6 | N7: ='Monthly data'!D40 -> 21.54 | O7: =IF(COUNT(C7:N7)=12,AVERAGE(C7:N7),"") -> 23.805833
A8: 2009/10 | B8: =ENSO!C8 -> El Niño | C8: ='Monthly data'!D41 -> 21.76 | D8: ='Monthly data'!D42 -> 22.06 | E8: ='Monthly data'!D43 -> 24.24 | F8: ='Monthly data'!D44 -> 24.52 | G8: ='Monthly data'!D45 -> 25.47 | H8: ='Monthly data'!D46 -> 26.4 | I8: ='Monthly data'!D47 -> 27.32 | J8: ='Monthly data'!D48 -> 27.59 | K8: ='Monthly data'!D49 -> 26.41 | L8: ='Monthly data'!D50 -> 24.22 | M8: ='Monthly data'!D51 -> 23.28 | N8: ='Monthly data'!D52 -> 21.39 | O8: =IF(COUNT(C8:N8)=12,AVERAGE(C8:N8),"") -> 24.555
A9: 2010/11 | B9: =ENSO!C9 -> La Niña | C9: ='Monthly data'!D53 -> 21.55 | D9: ='Monthly data'!D54 -> 21 | E9: ='Monthly data'!D55 -> 22.74 | F9: ='Monthly data'!D56 -> 24.04 | G9: ='Monthly data'!D57 -> 24.32 | H9: ='Monthly data'!D58 -> 25.68 | I9: ='Monthly data'!D59 -> 25.8 | J9: ='Monthly data'!D60 -> 26.31 | K9: ='Monthly data'!D61 -> 25.07 | L9: ='Monthly data'!D62 -> 24.12 | M9: ='Monthly data'!D63 -> 21.9 | N9: ='Monthly data'!D64 -> 21.34 | O9: =IF(COUNT(C9:N9)=12,AVERAGE(C9:N9),"") -> 23.655833
A10: 2011/12 | B10: =ENSO!C10 -> La Niña | C10: ='Monthly data'!D65 -> 20.89 | D10: ='Monthly data'!D66 -> 22.08 | E10: ='Monthly data'!D67 -> 21.71 | F10: ='Monthly data'!D68 -> 23.13 | G10: ='Monthly data'!D69 -> 22.65 | H10: ='Monthly data'!D70 -> 24.26 | I10: ='Monthly data'!D71 -> 24.85 | J10: ='Monthly data'!D72 -> 25.11 | K10: ='Monthly data'!D73 -> 25.29 | L10: ='Monthly data'!D74 -> 25.03 | M10: ='Monthly data'!D75 -> 22.47 | N10: ='Monthly data'!D76 -> 22.83 | O10: =IF(COUNT(C10:N10)=12,AVERAGE(C10:N10),"") -> 23.358333
A11: 2012/13 | B11: =ENSO!C11 -> Neutral | C11: ='Monthly data'!D77 -> 21.65 | D11: ='Monthly data'!D78 -> 21.04 | E11: ='Monthly data'!D79 -> 22.71 | F11: ='Monthly data'!D80 -> 24.08 | G11: ='Monthly data'!D81 -> 24.15 | H11: ='Monthly data'!D82 -> 26.5 | I11: ='Monthly data'!D83 -> 25.91 | J11: ='Monthly data'!D84 -> 26.16 | K11: ='Monthly data'!D85 -> 26.59 | L11: ='Monthly data'!D86 -> 23.95 | M11: ='Monthly data'!D87 -> 23.13 | N11: ='Monthly data'!D88 -> 22.67 | O11: =IF(COUNT(C11:N11)=12,AVERAGE(C11:N11),"") -> 24.045
A12: 2013/14 | B12: =ENSO!C12 -> Neutral | C12: ='Monthly data'!D89 -> 21.89 | D12: ='Monthly data'!D90 -> 21.74 | E12: ='Monthly data'!D91 -> 22.91 | F12: ='Monthly data'!D92 -> 23.36 | G12: ='Monthly data'!D93 -> 24.27 | H12: ='Monthly data'!D94 -> 25.08 | I12: ='Monthly data'!D95 -> 25.26 | J12: ='Monthly data'!D96 -> 25.48 | K12: ='Monthly data'!D97 -> 25.39 | L12: ='Monthly data'!D98 -> 24.55 | M12: ='Monthly data'!D99 -> 23.43 | N12: ='Monthly data'!D100 -> 21.68 | O12: =IF(COUNT(C12:N12)=12,AVERAGE(C12:N12),"") -> 23.753333
A13: 2014/15 | B13: =ENSO!C13 -> El Niño | C13: ='Monthly data'!D101 -> 21.03 | D13: ='Monthly data'!D102 -> 21.24 | E13: ='Monthly data'!D103 -> 23.02 | F13: ='Monthly data'!D104 -> 23.43 | G13: ='Monthly data'!D105 -> 23.95 | H13: ='Monthly data'!D106 -> 24.76 | I13: ='Monthly data'!D107 -> 26.43 | J13: ='Monthly data'!D108 -> 26.51 | K13: ='Monthly data'!D109 -> 25.89 | L13: ='Monthly data'!D110 -> 24.84 | M13: ='Monthly data'!D111 -> 23.12 | N13: ='Monthly data'!D112 -> 22.45 | O13: =IF(COUNT(C13:N13)=12,AVERAGE(C13:N13),"") -> 23.889167
A14: 2015/16 | B14: =ENSO!C14 -> El Niño | C14: ='Monthly data'!D113 -> 21.94 | D14: ='Monthly data'!D114 -> 22.03 | E14: ='Monthly data'!D115 -> 24.82 | F14: ='Monthly data'!D116 -> 25.48 | G14: ='Monthly data'!D117 -> 26.94 | H14: ='Monthly data'!D118 -> 27.51 | I14: ='Monthly data'!D119 -> 26.49 | J14: ='Monthly data'!D120 -> 27.18 | K14: ='Monthly data'!D121 -> 27.11 | L14: ='Monthly data'!D122 -> 26.38 | M14: ='Monthly data'!D123 -> 24.34 | N14: ='Monthly data'!D124 -> 22.5 | O14: =IF(COUNT(C14:N14)=12,AVERAGE(C14:N14),"") -> 25.226667
A15: 2016/17 | B15: =ENSO!C15 -> Neutral | C15: ='Monthly data'!D125 -> 21.96 | D15: ='Monthly data'!D126 -> 23.11 | E15: ='Monthly data'!D127 -> 23.8 | F15: ='Monthly data'!D128 -> 24.26 | G15: ='Monthly data'!D129 -> 24.46 | H15: ='Monthly data'!D130 -> 25.9 | I15: ='Monthly data'!D131 -> 26.94 | J15: ='Monthly data'!D132 -> 25.84 | K15: ='Monthly data'!D133 -> 26.33 | L15: ='Monthly data'!D134 -> 25.11 | M15: ='Monthly data'!D135 -> 23.16 | N15: ='Monthly data'!D136 -> 22.38 | O15: =IF(COUNT(C15:N15)=12,AVERAGE(C15:N15),"") -> 24.4375
A16: 2017/18 | B16: =ENSO!C16 -> La Niña | C16: ='Monthly data'!D137 -> 20.49 | D16: ='Monthly data'!D138 -> 21.16 | E16: ='Monthly data'!D139 -> 22 | F16: ='Monthly data'!D140 -> 24.91 | G16: ='Monthly data'!D141 -> 24.1 | H16: ='Monthly data'!D142 -> 24.94 | I16: ='Monthly data'!D143 -> 26.2 | J16: ='Monthly data'!D144 -> 25.29 | K16: ='Monthly data'!D145 -> 25.92 | L16: ='Monthly data'!D146 -> 23.79 | M16: ='Monthly data'!D147 -> 22.54 | N16: ='Monthly data'!D148 -> 22.16 | O16: =IF(COUNT(C16:N16)=12,AVERAGE(C16:N16),"") -> 23.625
A17: 2018/19 | B17: =ENSO!C17 -> El Niño | C17: ='Monthly data'!D149 -> 21.36 | D17: ='Monthly data'!D150 -> 22.15 | E17: ='Monthly data'!D151 -> 23.41 | F17: ='Monthly data'!D152 -> 24.64 | G17: ='Monthly data'!D153 -> 24.37 | H17: ='Monthly data'!D154 -> 25.14 | I17: ='Monthly data'!D155 -> 26.41 | J17: ='Monthly data'!D156 -> 27.81 | K17: ='Monthly data'!D157 -> 27.03 | L17: ='Monthly data'!D158 -> 26.2 | M17: ='Monthly data'!D159 -> 24.84 | N17: ='Monthly data'!D160 -> 22.8 | O17: =IF(COUNT(C17:N17)=12,AVERAGE(C17:N17),"") -> 24.68
A18: 2019/20 | B18: =ENSO!C18 -> El Niño | C18: ='Monthly data'!D161 -> 21.94 | D18: ='Monthly data'!D162 -> 21.86 | E18: ='Monthly data'!D163 -> 23.77 | F18: ='Monthly data'!D164 -> 24.52 | G18: ='Monthly data'!D165 -> 25.11 | H18: ='Monthly data'!D166 -> 25.43 | I18: ='Monthly data'!D167 -> 26.02 | J18: ='Monthly data'!D168 -> 26.56 | K18: ='Monthly data'!D169 -> 24.8 | L18: ='Monthly data'!D170 -> 24.32 | M18: ='Monthly data'!D171 -> 22.8 | N18: ='Monthly data'!D172 -> 22.58 | O18: =IF(COUNT(C18:N18)=12,AVERAGE(C18:N18),"") -> 24.1425
A19: 2020/21 | B19: =ENSO!C19 -> La Niña | C19: ='Monthly data'!D173 -> 21.76 | D19: ='Monthly data'!D174 -> 21.62 | E19: ='Monthly data'!D175 -> 23.68 | F19: ='Monthly data'!D176 -> 24.89 | G19: ='Monthly data'!D177 -> 24.18 | H19: ='Monthly data'!D178 -> 25.78 | I19: ='Monthly data'!D179 -> 26.22 | J19: ='Monthly data'!D180 -> 25.61 | K19: ='Monthly data'!D181 -> 25.94 | L19: ='Monthly data'!D182 -> 24.75 | M19: ='Monthly data'!D183 -> 23.76 | N19: ='Monthly data'!D184 -> 22.3 | O19: =IF(COUNT(C19:N19)=12,AVERAGE(C19:N19),"") -> 24.2075
A20: 2021/22 | B20: =ENSO!C20 -> La Niña | C20: ='Monthly data'!D185 -> 21.47 | D20: ='Monthly data'!D186 -> 21.8 | E20: ='Monthly data'!D187 -> 23.81 | F20: ='Monthly data'!D188 -> 24.03 | G20: ='Monthly data'!D189 -> 23.7 | H20: ='Monthly data'!D190 -> 24.37 | I20: ='Monthly data'!D191 -> 25.72 | J20: ='Monthly data'!D192 -> 25.61 | K20: ='Monthly data'!D193 -> 25.65 | L20: ='Monthly data'!D194 -> 25.34 | M20: ='Monthly data'!D195 -> 23.32 | N20: ='Monthly data'!D196 -> 21.88 | O20: =IF(COUNT(C20:N20)=12,AVERAGE(C20:N20),"") -> 23.891667
A21: 2022/23 | B21: =ENSO!C21 -> La Niña | C21: ='Monthly data'!D197 -> 21.62 | D21: ='Monthly data'!D198 -> 21.97 | E21: ='Monthly data'!D199 -> 22.69 | F21: ='Monthly data'!D200 -> 25.03 | G21: ='Monthly data'!D201 -> 23.52 | H21: ='Monthly data'!D202 -> 24.21 | I21: ='Monthly data'!D203 -> 25.31 | J21: ='Monthly data'!D204 -> 26.38 | K21: ='Monthly data'!D205 -> 26.04 | L21: ='Monthly data'!D206 -> 25.28 | M21: ='Monthly data'!D207 -> 22.83 | N21: ='Monthly data'!D208 -> 22.17 | O21: =IF(COUNT(C21:N21)=12,AVERAGE(C21:N21),"") -> 23.920833
A22: 2023/24 | B22: =ENSO!C22 -> El Niño | C22: ='Monthly data'!D209 -> 21.77 | D22: ='Monthly data'!D210 -> 22.95 | E22: ='Monthly data'!D211 -> 24.02 | F22: ='Monthly data'!D212 -> 25.67 | G22: ='Monthly data'!D213 -> 27.14 | H22: ='Monthly data'!D214 -> 27.59 | I22: ='Monthly data'!D215 -> 26.34 | J22: ='Monthly data'!D216 -> 26.31 | K22: ='Monthly data'!D217 -> 27.01 | L22: ='Monthly data'!D218 -> 25.82 | M22: ='Monthly data'!D219 -> 25.23 | N22: ='Monthly data'!D220 -> 23.3 | O22: =IF(COUNT(C22:N22)=12,AVERAGE(C22:N22),"") -> 25.2625
A23: 2024/25 | B23: =ENSO!C23 -> Neutral | C23: ='Monthly data'!D221 -> 22.85 | D23: ='Monthly data'!D222 -> 22.56 | E23: ='Monthly data'!D223 -> 24.51 | F23: ='Monthly data'!D224 -> 24.91 | G23: ='Monthly data'!D225 -> 24.6 | H23: ='Monthly data'!D226 -> 26.39 | I23: ='Monthly data'!D227 -> 25.99 | J23: ='Monthly data'!D228 -> 26.59 | K23: ='Monthly data'!D229 -> 26.22 | L23: ='Monthly data'!D230 -> 24.98 | M23: ='Monthly data'!D231 -> 22.92 | N23: ='Monthly data'!D232 -> 22.02 | O23: =IF(COUNT(C23:N23)=12,AVERAGE(C23:N23),"") -> 24.545
A24: 2025/26 | B24: =ENSO!C24 -> Neutral | C24: ='Monthly data'!D233 -> 21.01 | D24: ='Monthly data'!D234 -> 21.48 | E24: ='Monthly data'!D235 -> 22.44 | F24: ='Monthly data'!D236 -> 23.19 | G24: ='Monthly data'!D237 -> 24.77 | H24: ='Monthly data'!D238 -> 26.15 | I24: ='Monthly data'!D239 -> 25.94 | J24: ='Monthly data'!D240 -> 26.84 | K24: ='Monthly data'!D241 -> 25.39 | L24: ='Monthly data'!D242 -> 24.81 | M24: ='Monthly data'!D243 -> 23.79 | N24: ='Monthly data'!D244 -> 22.22 | O24: =IF(COUNT(C24:N24)=12,AVERAGE(C24:N24),"") -> 24.0025
A25: 2026/27 | B25: =ENSO!C25 -> El Niño* | C25: ='Monthly data'!D245 -> 22.17 | D25: ='Monthly data'!D246 -> 23.39 | O25: =IF(COUNT(C25:N25)=12,AVERAGE(C25:N25),"")
A27: Averages
A28: El Niño average (7 seasons) | C28: =AVERAGEIF($B$5:$B$25,"El Niño",C$5:C$25) -> 21.475714 | D28: =AVERAGEIF($B$5:$B$25,"El Niño",D$5:D$25) -> 22.022857 | E28: =AVERAGEIF($B$5:$B$25,"El Niño",E$5:E$25) -> 23.63 | F28: =AVERAGEIF($B$5:$B$25,"El Niño",F$5:F$25) -> 24.5 | G28: =AVERAGEIF($B$5:$B$25,"El Niño",G$5:G$25) -> 25.252857 | H28: =AVERAGEIF($B$5:$B$25,"El Niño",H$5:H$25) -> 25.918571 | I28: =AVERAGEIF($B$5:$B$25,"El Niño",I$5:I$25) -> 26.437143 | J28: =AVERAGEIF($B$5:$B$25,"El Niño",J$5:J$25) -> 26.697143 | ... O28: =AVERAGEIF($B$5:$B$25,"El Niño",O$5:O$25) -> 24.460357
A29: La Niña average (8 seasons) | C29: =AVERAGEIF($B$5:$B$25,"La Niña",C$5:C$25) -> 21.29875 | D29: =AVERAGEIF($B$5:$B$25,"La Niña",D$5:D$25) -> 21.64875 | E29: =AVERAGEIF($B$5:$B$25,"La Niña",E$5:E$25) -> 22.65625 | F29: =AVERAGEIF($B$5:$B$25,"La Niña",F$5:F$25) -> 24.3225 | G29: =AVERAGEIF($B$5:$B$25,"La Niña",G$5:G$25) -> 23.99 | H29: =AVERAGEIF($B$5:$B$25,"La Niña",H$5:H$25) -> 24.89625 | I29: =AVERAGEIF($B$5:$B$25,"La Niña",I$5:I$25) -> 25.605 | J29: =AVERAGEIF($B$5:$B$25,"La Niña",J$5:J$25) -> 25.75125 | ... O29: =AVERAGEIF($B$5:$B$25,"La Niña",O$5:O$25) -> 23.788438
A30: Neutral average (5 seasons) | C30: =AVERAGEIF($B$5:$B$25,"Neutral",C$5:C$25) -> 21.872 | D30: =AVERAGEIF($B$5:$B$25,"Neutral",D$5:D$25) -> 21.986 | E30: =AVERAGEIF($B$5:$B$25,"Neutral",E$5:E$25) -> 23.274 | F30: =AVERAGEIF($B$5:$B$25,"Neutral",F$5:F$25) -> 23.96 | G30: =AVERAGEIF($B$5:$B$25,"Neutral",G$5:G$25) -> 24.45 | H30: =AVERAGEIF($B$5:$B$25,"Neutral",H$5:H$25) -> 26.004 | I30: =AVERAGEIF($B$5:$B$25,"Neutral",I$5:I$25) -> 26.008 | J30: =AVERAGEIF($B$5:$B$25,"Neutral",J$5:J$25) -> 26.182 | ... O30: =AVERAGEIF($B$5:$B$25,"Neutral",O$5:O$25) -> 24.156667
A31: All complete seasons (20) | C31: =AVERAGE(C5:C24) -> 21.504 | D31: =AVERAGE(D5:D24) -> 21.864 | E31: =AVERAGE(E5:E24) -> 23.1515 | F31: =AVERAGE(F5:F24) -> 24.294 | G31: =AVERAGE(G5:G24) -> 24.547 | H31: =AVERAGE(H5:H24) -> 25.531 | I31: =AVERAGE(I5:I24) -> 25.997 | J31: =AVERAGE(J5:J24) -> 26.19 | ... O31: =AVERAGE(O5:O24) -> 24.115667
A33: * season not finished — ENSO phase provisional, not included in the phase averages.

Sheet Min temp
A1: Espírito Santo (conilon) — Min temperature (°C) by coffee season
A2: Source: Open-Meteo, ERA5-Land 0.1° (models=era5_seamless), downscaled to town altitude. Values link to 'Monthly data'.
A4: Season | B4: ENSO phase | C4: Jul | D4: Aug | E4: Sep | F4: Oct | G4: Nov | H4: Dec | I4: Jan | J4: Feb | K4: Mar | L4: Apr | M4: May | N4: Jun | O4: Season mean
A5: 2006/07 | B5: =ENSO!C5 -> El Niño | C5: ='Monthly data'!E5 -> 16.55 | D5: ='Monthly data'!E6 -> 18.46 | E5: ='Monthly data'!E7 -> 18.72 | F5: ='Monthly data'!E8 -> 20.66 | G5: ='Monthly data'!E9 -> 21.34 | H5: ='Monthly data'!E10 -> 22.05 | I5: ='Monthly data'!E11 -> 23.12 | J5: ='Monthly data'!E12 -> 22.17 | K5: ='Monthly data'!E13 -> 22.33 | L5: ='Monthly data'!E14 -> 21.86 | M5: ='Monthly data'!E15 -> 19.45 | N5: ='Monthly data'!E16 -> 17.58 | O5: =IF(COUNT(C5:N5)=12,AVERAGE(C5:N5),"") -> 20.3575
A6: 2007/08 | B6: =ENSO!C6 -> La Niña | C6: ='Monthly data'!E17 -> 18.41 | D6: ='Monthly data'!E18 -> 17.41 | E6: ='Monthly data'!E19 -> 18.14 | F6: ='Monthly data'!E20 -> 20.23 | G6: ='Monthly data'!E21 -> 21.87 | H6: ='Monthly data'!E22 -> 22.07 | I6: ='Monthly data'!E23 -> 22.13 | J6: ='Monthly data'!E24 -> 22.66 | K6: ='Monthly data'!E25 -> 22.51 | L6: ='Monthly data'!E26 -> 22.42 | M6: ='Monthly data'!E27 -> 19.49 | N6: ='Monthly data'!E28 -> 18.52 | O6: =IF(COUNT(C6:N6)=12,AVERAGE(C6:N6),"") -> 20.488333
A7: 2008/09 | B7: =ENSO!C7 -> La Niña | C7: ='Monthly data'!E29 -> 16.79 | D7: ='Monthly data'!E30 -> 18.4 | E7: ='Monthly data'!E31 -> 19.22 | F7: ='Monthly data'!E32 -> 21.01 | G7: ='Monthly data'!E33 -> 21.53 | H7: ='Monthly data'!E34 -> 21.77 | I7: ='Monthly data'!E35 -> 22.87 | J7: ='Monthly data'!E36 -> 22.8 | K7: ='Monthly data'!E37 -> 23.15 | L7: ='Monthly data'!E38 -> 21.65 | M7: ='Monthly data'!E39 -> 19.56 | N7: ='Monthly data'!E40 -> 18.61 | O7: =IF(COUNT(C7:N7)=12,AVERAGE(C7:N7),"") -> 20.613333
A8: 2009/10 | B8: =ENSO!C8 -> El Niño | C8: ='Monthly data'!E41 -> 18.37 | D8: ='Monthly data'!E42 -> 18.77 | E8: ='Monthly data'!E43 -> 20.66 | F8: ='Monthly data'!E44 -> 21.68 | G8: ='Monthly data'!E45 -> 22 | H8: ='Monthly data'!E46 -> 23.08 | I8: ='Monthly data'!E47 -> 23.65 | J8: ='Monthly data'!E48 -> 23.83 | K8: ='Monthly data'!E49 -> 23.54 | L8: ='Monthly data'!E50 -> 21.46 | M8: ='Monthly data'!E51 -> 20.13 | N8: ='Monthly data'!E52 -> 17.98 | O8: =IF(COUNT(C8:N8)=12,AVERAGE(C8:N8),"") -> 21.2625
A9: 2010/11 | B9: =ENSO!C9 -> La Niña | C9: ='Monthly data'!E53 -> 18.72 | D9: ='Monthly data'!E54 -> 16.98 | E9: ='Monthly data'!E55 -> 19.08 | F9: ='Monthly data'!E56 -> 20.84 | G9: ='Monthly data'!E57 -> 21.54 | H9: ='Monthly data'!E58 -> 22.62 | I9: ='Monthly data'!E59 -> 22.67 | J9: ='Monthly data'!E60 -> 22.68 | K9: ='Monthly data'!E61 -> 22.5 | L9: ='Monthly data'!E62 -> 21.64 | M9: ='Monthly data'!E63 -> 18.78 | N9: ='Monthly data'!E64 -> 18.01 | O9: =IF(COUNT(C9:N9)=12,AVERAGE(C9:N9),"") -> 20.505
A10: 2011/12 | B10: =ENSO!C10 -> La Niña | C10: ='Monthly data'!E65 -> 17.18 | D10: ='Monthly data'!E66 -> 18.18 | E10: ='Monthly data'!E67 -> 17.55 | F10: ='Monthly data'!E68 -> 20.49 | G10: ='Monthly data'!E69 -> 19.79 | H10: ='Monthly data'!E70 -> 21.58 | I10: ='Monthly data'!E71 -> 21.92 | J10: ='Monthly data'!E72 -> 21.69 | K10: ='Monthly data'!E73 -> 21.8 | L10: ='Monthly data'!E74 -> 21.75 | M10: ='Monthly data'!E75 -> 19.65 | N10: ='Monthly data'!E76 -> 19.77 | O10: =IF(COUNT(C10:N10)=12,AVERAGE(C10:N10),"") -> 20.1125
A11: 2012/13 | B11: =ENSO!C11 -> Neutral | C11: ='Monthly data'!E77 -> 17.81 | D11: ='Monthly data'!E78 -> 18.02 | E11: ='Monthly data'!E79 -> 19.14 | F11: ='Monthly data'!E80 -> 20.12 | G11: ='Monthly data'!E81 -> 21.66 | H11: ='Monthly data'!E82 -> 22.81 | I11: ='Monthly data'!E83 -> 22.88 | J11: ='Monthly data'!E84 -> 22.64 | K11: ='Monthly data'!E85 -> 23.27 | L11: ='Monthly data'!E86 -> 21.25 | M11: ='Monthly data'!E87 -> 19.85 | N11: ='Monthly data'!E88 -> 19.54 | O11: =IF(COUNT(C11:N11)=12,AVERAGE(C11:N11),"") -> 20.749167
A12: 2013/14 | B12: =ENSO!C12 -> Neutral | C12: ='Monthly data'!E89 -> 18.85 | D12: ='Monthly data'!E90 -> 18.07 | E12: ='Monthly data'!E91 -> 19.59 | F12: ='Monthly data'!E92 -> 20.09 | G12: ='Monthly data'!E93 -> 21.1 | H12: ='Monthly data'!E94 -> 22.48 | I12: ='Monthly data'!E95 -> 22 | J12: ='Monthly data'!E96 -> 21.96 | K12: ='Monthly data'!E97 -> 22.17 | L12: ='Monthly data'!E98 -> 21.45 | M12: ='Monthly data'!E99 -> 20.05 | N12: ='Monthly data'!E100 -> 18.77 | O12: =IF(COUNT(C12:N12)=12,AVERAGE(C12:N12),"") -> 20.548333
A13: 2014/15 | B13: =ENSO!C13 -> El Niño | C13: ='Monthly data'!E101 -> 18.29 | D13: ='Monthly data'!E102 -> 17.49 | E13: ='Monthly data'!E103 -> 19.09 | F13: ='Monthly data'!E104 -> 19.97 | G13: ='Monthly data'!E105 -> 20.98 | H13: ='Monthly data'!E106 -> 21.53 | I13: ='Monthly data'!E107 -> 22.61 | J13: ='Monthly data'!E108 -> 23.04 | K13: ='Monthly data'!E109 -> 22.6 | L13: ='Monthly data'!E110 -> 21.58 | M13: ='Monthly data'!E111 -> 20.13 | N13: ='Monthly data'!E112 -> 19.76 | O13: =IF(COUNT(C13:N13)=12,AVERAGE(C13:N13),"") -> 20.589167
A14: 2015/16 | B14: =ENSO!C14 -> El Niño | C14: ='Monthly data'!E113 -> 18.9 | D14: ='Monthly data'!E114 -> 18.35 | E14: ='Monthly data'!E115 -> 20.88 | F14: ='Monthly data'!E116 -> 21.8 | G14: ='Monthly data'!E117 -> 23.38 | H14: ='Monthly data'!E118 -> 23.65 | I14: ='Monthly data'!E119 -> 23.67 | J14: ='Monthly data'!E120 -> 23.41 | K14: ='Monthly data'!E121 -> 23.66 | L14: ='Monthly data'!E122 -> 22.71 | M14: ='Monthly data'!E123 -> 20.94 | N14: ='Monthly data'!E124 -> 19.01 | O14: =IF(COUNT(C14:N14)=12,AVERAGE(C14:N14),"") -> 21.696667
A15: 2016/17 | B15: =ENSO!C15 -> Neutral | C15: ='Monthly data'!E125 -> 18.33 | D15: ='Monthly data'!E126 -> 19.38 | E15: ='Monthly data'!E127 -> 20.28 | F15: ='Monthly data'!E128 -> 21.2 | G15: ='Monthly data'!E129 -> 21.54 | H15: ='Monthly data'!E130 -> 22.89 | I15: ='Monthly data'!E131 -> 23.37 | J15: ='Monthly data'!E132 -> 22.8 | K15: ='Monthly data'!E133 -> 22.77 | L15: ='Monthly data'!E134 -> 21.84 | M15: ='Monthly data'!E135 -> 20.27 | N15: ='Monthly data'!E136 -> 19.46 | O15: =IF(COUNT(C15:N15)=12,AVERAGE(C15:N15),"") -> 21.1775
A16: 2017/18 | B16: =ENSO!C16 -> La Niña | C16: ='Monthly data'!E137 -> 17.59 | D16: ='Monthly data'!E138 -> 17.26 | E16: ='Monthly data'!E139 -> 18.63 | F16: ='Monthly data'!E140 -> 21.25 | G16: ='Monthly data'!E141 -> 21.43 | H16: ='Monthly data'!E142 -> 22.27 | I16: ='Monthly data'!E143 -> 22.98 | J16: ='Monthly data'!E144 -> 22.65 | K16: ='Monthly data'!E145 -> 22.99 | L16: ='Monthly data'!E146 -> 21.31 | M16: ='Monthly data'!E147 -> 19.82 | N16: ='Monthly data'!E148 -> 19.3 | O16: =IF(COUNT(C16:N16)=12,AVERAGE(C16:N16),"") -> 20.623333
A17: 2018/19 | B17: =ENSO!C17 -> El Niño | C17: ='Monthly data'!E149 -> 17.71 | D17: ='Monthly data'!E150 -> 19.12 | E17: ='Monthly data'!E151 -> 20.13 | F17: ='Monthly data'!E152 -> 21.63 | G17: ='Monthly data'!E153 -> 21.61 | H17: ='Monthly data'!E154 -> 22.3 | I17: ='Monthly data'!E155 -> 23.02 | J17: ='Monthly data'!E156 -> 24.14 | K17: ='Monthly data'!E157 -> 23.67 | L17: ='Monthly data'!E158 -> 23.14 | M17: ='Monthly data'!E159 -> 21.86 | N17: ='Monthly data'!E160 -> 19.59 | O17: =IF(COUNT(C17:N17)=12,AVERAGE(C17:N17),"") -> 21.493333
A18: 2019/20 | B18: =ENSO!C18 -> El Niño | C18: ='Monthly data'!E161 -> 18.19 | D18: ='Monthly data'!E162 -> 18.64 | E18: ='Monthly data'!E163 -> 20.3 | F18: ='Monthly data'!E164 -> 21.24 | G18: ='Monthly data'!E165 -> 21.96 | H18: ='Monthly data'!E166 -> 22.41 | I18: ='Monthly data'!E167 -> 23.07 | J18: ='Monthly data'!E168 -> 23.61 | K18: ='Monthly data'!E169 -> 22.13 | L18: ='Monthly data'!E170 -> 21.49 | M18: ='Monthly data'!E171 -> 19.29 | N18: ='Monthly data'!E172 -> 19.14 | O18: =IF(COUNT(C18:N18)=12,AVERAGE(C18:N18),"") -> 20.955833
A19: 2020/21 | B19: =ENSO!C19 -> La Niña | C19: ='Monthly data'!E173 -> 18.12 | D19: ='Monthly data'!E174 -> 18.46 | E19: ='Monthly data'!E175 -> 19.69 | F19: ='Monthly data'!E176 -> 21.76 | G19: ='Monthly data'!E177 -> 21.51 | H19: ='Monthly data'!E178 -> 22.55 | I19: ='Monthly data'!E179 -> 22.55 | J19: ='Monthly data'!E180 -> 22.74 | K19: ='Monthly data'!E181 -> 22.25 | L19: ='Monthly data'!E182 -> 21.35 | M19: ='Monthly data'!E183 -> 19.96 | N19: ='Monthly data'!E184 -> 18.74 | O19: =IF(COUNT(C19:N19)=12,AVERAGE(C19:N19),"") -> 20.806667
A20: 2021/22 | B20: =ENSO!C20 -> La Niña | C20: ='Monthly data'!E185 -> 17.63 | D20: ='Monthly data'!E186 -> 18.34 | E20: ='Monthly data'!E187 -> 20.17 | F20: ='Monthly data'!E188 -> 21.41 | G20: ='Monthly data'!E189 -> 20.72 | H20: ='Monthly data'!E190 -> 21.73 | I20: ='Monthly data'!E191 -> 22.39 | J20: ='Monthly data'!E192 -> 22.71 | K20: ='Monthly data'!E193 -> 22.28 | L20: ='Monthly data'!E194 -> 21.75 | M20: ='Monthly data'!E195 -> 19.68 | N20: ='Monthly data'!E196 -> 18.1 | O20: =IF(COUNT(C20:N20)=12,AVERAGE(C20:N20),"") -> 20.575833
A21: 2022/23 | B21: =ENSO!C21 -> La Niña | C21: ='Monthly data'!E197 -> 18 | D21: ='Monthly data'!E198 -> 18.32 | E21: ='Monthly data'!E199 -> 19 | F21: ='Monthly data'!E200 -> 21.62 | G21: ='Monthly data'!E201 -> 20.86 | H21: ='Monthly data'!E202 -> 21.86 | I21: ='Monthly data'!E203 -> 22.51 | J21: ='Monthly data'!E204 -> 22.9 | K21: ='Monthly data'!E205 -> 22.41 | L21: ='Monthly data'!E206 -> 22.13 | M21: ='Monthly data'!E207 -> 19.61 | N21: ='Monthly data'!E208 -> 18.54 | O21: =IF(COUNT(C21:N21)=12,AVERAGE(C21:N21),"") -> 20.646667
A22: 2023/24 | B22: =ENSO!C22 -> El Niño | C22: ='Monthly data'!E209 -> 18.3 | D22: ='Monthly data'!E210 -> 19.39 | E22: ='Monthly data'!E211 -> 20.63 | F22: ='Monthly data'!E212 -> 22.32 | G22: ='Monthly data'!E213 -> 22.98 | H22: ='Monthly data'!E214 -> 23.68 | I22: ='Monthly data'!E215 -> 23.57 | J22: ='Monthly data'!E216 -> 23.23 | K22: ='Monthly data'!E217 -> 23.86 | L22: ='Monthly data'!E218 -> 22.65 | M22: ='Monthly data'!E219 -> 21.7 | N22: ='Monthly data'!E220 -> 19.7 | O22: =IF(COUNT(C22:N22)=12,AVERAGE(C22:N22),"") -> 21.834167
A23: 2024/25 | B23: =ENSO!C23 -> Neutral | C23: ='Monthly data'!E221 -> 18.95 | D23: ='Monthly data'!E222 -> 18.62 | E23: ='Monthly data'!E223 -> 20.4 | F23: ='Monthly data'!E224 -> 21.58 | G23: ='Monthly data'!E225 -> 21.47 | H23: ='Monthly data'!E226 -> 23.17 | I23: ='Monthly data'!E227 -> 23.21 | J23: ='Monthly data'!E228 -> 23.01 | K23: ='Monthly data'!E229 -> 22.88 | L23: ='Monthly data'!E230 -> 22.28 | M23: ='Monthly data'!E231 -> 20.24 | N23: ='Monthly data'!E232 -> 18.78 | O23: =IF(COUNT(C23:N23)=12,AVERAGE(C23:N23),"") -> 21.215833
A24: 2025/26 | B24: =ENSO!C24 -> Neutral | C24: ='Monthly data'!E233 -> 17.68 | D24: ='Monthly data'!E234 -> 17.79 | E24: ='Monthly data'!E235 -> 18.85 | F24: ='Monthly data'!E236 -> 20.15 | G24: ='Monthly data'!E237 -> 21.24 | H24: ='Monthly data'!E238 -> 22.81 | I24: ='Monthly data'!E239 -> 22.56 | J24: ='Monthly data'!E240 -> 23.61 | K24: ='Monthly data'!E241 -> 22.6 | L24: ='Monthly data'!E242 -> 21.62 | M24: ='Monthly data'!E243 -> 20.83 | N24: ='Monthly data'!E244 -> 18.64 | O24: =IF(COUNT(C24:N24)=12,AVERAGE(C24:N24),"") -> 20.698333
A25: 2026/27 | B25: =ENSO!C25 -> El Niño* | C25: ='Monthly data'!E245 -> 18.63 | D25: ='Monthly data'!E246 -> 19.78 | O25: =IF(COUNT(C25:N25)=12,AVERAGE(C25:N25),"")
A27: Averages
A28: El Niño average (7 seasons) | C28: =AVERAGEIF($B$5:$B$25,"El Niño",C$5:C$25) -> 18.044286 | D28: =AVERAGEIF($B$5:$B$25,"El Niño",D$5:D$25) -> 18.602857 | E28: =AVERAGEIF($B$5:$B$25,"El Niño",E$5:E$25) -> 20.058571 | F28: =AVERAGEIF($B$5:$B$25,"El Niño",F$5:F$25) -> 21.328571 | G28: =AVERAGEIF($B$5:$B$25,"El Niño",G$5:G$25) -> 22.035714 | H28: =AVERAGEIF($B$5:$B$25,"El Niño",H$5:H$25) -> 22.671429 | I28: =AVERAGEIF($B$5:$B$25,"El Niño",I$5:I$25) -> 23.244286 | J28: =AVERAGEIF($B$5:$B$25,"El Niño",J$5:J$25) -> 23.347143 | ... O28: =AVERAGEIF($B$5:$B$25,"El Niño",O$5:O$25) -> 21.169881
A29: La Niña average (8 seasons) | C29: =AVERAGEIF($B$5:$B$25,"La Niña",C$5:C$25) -> 17.805 | D29: =AVERAGEIF($B$5:$B$25,"La Niña",D$5:D$25) -> 17.91875 | E29: =AVERAGEIF($B$5:$B$25,"La Niña",E$5:E$25) -> 18.935 | F29: =AVERAGEIF($B$5:$B$25,"La Niña",F$5:F$25) -> 21.07625 | G29: =AVERAGEIF($B$5:$B$25,"La Niña",G$5:G$25) -> 21.15625 | H29: =AVERAGEIF($B$5:$B$25,"La Niña",H$5:H$25) -> 22.05625 | I29: =AVERAGEIF($B$5:$B$25,"La Niña",I$5:I$25) -> 22.5025 | J29: =AVERAGEIF($B$5:$B$25,"La Niña",J$5:J$25) -> 22.60375 | ... O29: =AVERAGEIF($B$5:$B$25,"La Niña",O$5:O$25) -> 20.546458
A30: Neutral average (5 seasons) | C30: =AVERAGEIF($B$5:$B$25,"Neutral",C$5:C$25) -> 18.324 | D30: =AVERAGEIF($B$5:$B$25,"Neutral",D$5:D$25) -> 18.376 | E30: =AVERAGEIF($B$5:$B$25,"Neutral",E$5:E$25) -> 19.652 | F30: =AVERAGEIF($B$5:$B$25,"Neutral",F$5:F$25) -> 20.628 | G30: =AVERAGEIF($B$5:$B$25,"Neutral",G$5:G$25) -> 21.402 | H30: =AVERAGEIF($B$5:$B$25,"Neutral",H$5:H$25) -> 22.832 | I30: =AVERAGEIF($B$5:$B$25,"Neutral",I$5:I$25) -> 22.804 | J30: =AVERAGEIF($B$5:$B$25,"Neutral",J$5:J$25) -> 22.804 | ... O30: =AVERAGEIF($B$5:$B$25,"Neutral",O$5:O$25) -> 20.877833
A31: All complete seasons (20) | C31: =AVERAGE(C5:C24) -> 18.0185 | D31: =AVERAGE(D5:D24) -> 18.2725 | E31: =AVERAGE(E5:E24) -> 19.5075 | F31: =AVERAGE(F5:F24) -> 21.0525 | G31: =AVERAGE(G5:G24) -> 21.5255 | H31: =AVERAGE(H5:H24) -> 22.4655 | I31: =AVERAGE(I5:I24) -> 22.8375 | J31: =AVERAGE(J5:J24) -> 22.914 | ... O31: =AVERAGE(O5:O24) -> 20.8475
A33: * season not finished — ENSO phase provisional, not included in the phase averages.

Sheet Max temp
A1: Espírito Santo (conilon) — Max temperature (°C) by coffee season
A2: Source: Open-Meteo ERA5-Land, altitude-downscaled, + monthly offsets measured at the INMET stations of the region (models smooth the daily extremes). Values link to 'Monthly data'.
A4: Season | B4: ENSO phase | C4: Jul | D4: Aug | E4: Sep | F4: Oct | G4: Nov | H4: Dec | I4: Jan | J4: Feb | K4: Mar | L4: Apr | M4: May | N4: Jun | O4: Season mean
A5: 2006/07 | B5: =ENSO!C5 -> El Niño | C5: ='Monthly data'!F5 -> 26.75 | D5: ='Monthly data'!F6 -> 27.58 | E5: ='Monthly data'!F7 -> 27.54 | F5: ='Monthly data'!F8 -> 27.5 | G5: ='Monthly data'!F9 -> 28.4 | H5: ='Monthly data'!F10 -> 29.73 | I5: ='Monthly data'!F11 -> 32.22 | J5: ='Monthly data'!F12 -> 30.62 | K5: ='Monthly data'!F13 -> 31.86 | L5: ='Monthly data'!F14 -> 30.73 | M5: ='Monthly data'!F15 -> 28.34 | N5: ='Monthly data'!F16 -> 27.81 | O5: =IF(COUNT(C5:N5)=12,AVERAGE(C5:N5),"") -> 29.09
A6: 2007/08 | B6: =ENSO!C6 -> La Niña | C6: ='Monthly data'!F17 -> 27.8 | D6: ='Monthly data'!F18 -> 27.26 | E6: ='Monthly data'!F19 -> 27.26 | F6: ='Monthly data'!F20 -> 29.72 | G6: ='Monthly data'!F21 -> 31.69 | H6: ='Monthly data'!F22 -> 31.38 | I6: ='Monthly data'!F23 -> 31.51 | J6: ='Monthly data'!F24 -> 32.17 | K6: ='Monthly data'!F25 -> 31.78 | L6: ='Monthly data'!F26 -> 31.67 | M6: ='Monthly data'!F27 -> 28.93 | N6: ='Monthly data'!F28 -> 28.02 | O6: =IF(COUNT(C6:N6)=12,AVERAGE(C6:N6),"") -> 29.9325
A7: 2008/09 | B7: =ENSO!C7 -> La Niña | C7: ='Monthly data'!F29 -> 27.03 | D7: ='Monthly data'!F30 -> 28.7 | E7: ='Monthly data'!F31 -> 28.89 | F7: ='Monthly data'!F32 -> 30.56 | G7: ='Monthly data'!F33 -> 29.21 | H7: ='Monthly data'!F34 -> 29.92 | I7: ='Monthly data'!F35 -> 31.57 | J7: ='Monthly data'!F36 -> 32.19 | K7: ='Monthly data'!F37 -> 32.94 | L7: ='Monthly data'!F38 -> 30.23 | M7: ='Monthly data'!F39 -> 28.04 | N7: ='Monthly data'!F40 -> 27.09 | O7: =IF(COUNT(C7:N7)=12,AVERAGE(C7:N7),"") -> 29.6975
A8: 2009/10 | B8: =ENSO!C8 -> El Niño | C8: ='Monthly data'!F41 -> 27.68 | D8: ='Monthly data'!F42 -> 27.61 | E8: ='Monthly data'!F43 -> 30.31 | F8: ='Monthly data'!F44 -> 29.43 | G8: ='Monthly data'!F45 -> 31.11 | H8: ='Monthly data'!F46 -> 32.66 | I8: ='Monthly data'!F47 -> 34.4 | J8: ='Monthly data'!F48 -> 34.96 | K8: ='Monthly data'!F49 -> 32.64 | L8: ='Monthly data'!F50 -> 30.07 | M8: ='Monthly data'!F51 -> 29.08 | N8: ='Monthly data'!F52 -> 27.42 | O8: =IF(COUNT(C8:N8)=12,AVERAGE(C8:N8),"") -> 30.614167
A9: 2010/11 | B9: =ENSO!C9 -> La Niña | C9: ='Monthly data'!F53 -> 26.79 | D9: ='Monthly data'!F54 -> 27.19 | E9: ='Monthly data'!F55 -> 28.79 | F9: ='Monthly data'!F56 -> 29.44 | G9: ='Monthly data'!F57 -> 29.28 | H9: ='Monthly data'!F58 -> 31.63 | I9: ='Monthly data'!F59 -> 32.18 | J9: ='Monthly data'!F60 -> 33.31 | K9: ='Monthly data'!F61 -> 30.88 | L9: ='Monthly data'!F62 -> 29.61 | M9: ='Monthly data'!F63 -> 27.6 | N9: ='Monthly data'!F64 -> 27.29 | O9: =IF(COUNT(C9:N9)=12,AVERAGE(C9:N9),"") -> 29.499167
A10: 2011/12 | B10: =ENSO!C10 -> La Niña | C10: ='Monthly data'!F65 -> 26.8 | D10: ='Monthly data'!F66 -> 28.48 | E10: ='Monthly data'!F67 -> 27.67 | F10: ='Monthly data'!F68 -> 27.58 | G10: ='Monthly data'!F69 -> 27.47 | H10: ='Monthly data'!F70 -> 29.55 | I10: ='Monthly data'!F71 -> 30.81 | J10: ='Monthly data'!F72 -> 31.58 | K10: ='Monthly data'!F73 -> 31.83 | L10: ='Monthly data'!F74 -> 31.62 | M10: ='Monthly data'!F75 -> 28.09 | N10: ='Monthly data'!F76 -> 28.97 | O10: =IF(COUNT(C10:N10)=12,AVERAGE(C10:N10),"") -> 29.204167
A11: 2012/13 | B11: =ENSO!C11 -> Neutral | C11: ='Monthly data'!F77 -> 27.98 | D11: ='Monthly data'!F78 -> 26.4 | E11: ='Monthly data'!F79 -> 28.73 | F11: ='Monthly data'!F80 -> 30.17 | G11: ='Monthly data'!F81 -> 28.97 | H11: ='Monthly data'!F82 -> 33.14 | I11: ='Monthly data'!F83 -> 32.24 | J11: ='Monthly data'!F84 -> 32.64 | K11: ='Monthly data'!F85 -> 33.6 | L11: ='Monthly data'!F86 -> 29.76 | M11: ='Monthly data'!F87 -> 29.09 | N11: ='Monthly data'!F88 -> 28.51 | O11: =IF(COUNT(C11:N11)=12,AVERAGE(C11:N11),"") -> 30.1025
A12: 2013/14 | B12: =ENSO!C12 -> Neutral | C12: ='Monthly data'!F89 -> 27.43 | D12: ='Monthly data'!F90 -> 27.73 | E12: ='Monthly data'!F91 -> 28.65 | F12: ='Monthly data'!F92 -> 28.63 | G12: ='Monthly data'!F93 -> 29.63 | H12: ='Monthly data'!F94 -> 30.42 | I12: ='Monthly data'!F95 -> 31.41 | J12: ='Monthly data'!F96 -> 31.9 | K12: ='Monthly data'!F97 -> 31.67 | L12: ='Monthly data'!F98 -> 30.62 | M12: ='Monthly data'!F99 -> 29.51 | N12: ='Monthly data'!F100 -> 27.1 | O12: =IF(COUNT(C12:N12)=12,AVERAGE(C12:N12),"") -> 29.558333
A13: 2014/15 | B13: =ENSO!C13 -> El Niño | C13: ='Monthly data'!F101 -> 26.23 | D13: ='Monthly data'!F102 -> 27.3 | E13: ='Monthly data'!F103 -> 29.2 | F13: ='Monthly data'!F104 -> 29.05 | G13: ='Monthly data'!F105 -> 28.98 | H13: ='Monthly data'!F106 -> 30.42 | I13: ='Monthly data'!F107 -> 33.73 | J13: ='Monthly data'!F108 -> 33.22 | K13: ='Monthly data'!F109 -> 32.51 | L13: ='Monthly data'!F110 -> 31.09 | M13: ='Monthly data'!F111 -> 28.85 | N13: ='Monthly data'!F112 -> 27.81 | O13: =IF(COUNT(C13:N13)=12,AVERAGE(C13:N13),"") -> 29.865833
A14: 2015/16 | B14: =ENSO!C14 -> El Niño | C14: ='Monthly data'!F113 -> 27.41 | D14: ='Monthly data'!F114 -> 27.95 | E14: ='Monthly data'!F115 -> 31.58 | F14: ='Monthly data'!F116 -> 31.73 | G14: ='Monthly data'!F117 -> 33.45 | H14: ='Monthly data'!F118 -> 34.65 | I14: ='Monthly data'!F119 -> 32.93 | J14: ='Monthly data'!F120 -> 34.37 | K14: ='Monthly data'!F121 -> 34 | L14: ='Monthly data'!F122 -> 33.24 | M14: ='Monthly data'!F123 -> 30.68 | N14: ='Monthly data'!F124 -> 28.89 | O14: =IF(COUNT(C14:N14)=12,AVERAGE(C14:N14),"") -> 31.74
A15: 2016/17 | B15: =ENSO!C15 -> Neutral | C15: ='Monthly data'!F125 -> 28.08 | D15: ='Monthly data'!F126 -> 29.6 | E15: ='Monthly data'!F127 -> 29.83 | F15: ='Monthly data'!F128 -> 29.47 | G15: ='Monthly data'!F129 -> 29.62 | H15: ='Monthly data'!F130 -> 31.86 | I15: ='Monthly data'!F131 -> 34.11 | J15: ='Monthly data'!F132 -> 32.04 | K15: ='Monthly data'!F133 -> 33.37 | L15: ='Monthly data'!F134 -> 31.34 | M15: ='Monthly data'!F135 -> 28.55 | N15: ='Monthly data'!F136 -> 28.24 | O15: =IF(COUNT(C15:N15)=12,AVERAGE(C15:N15),"") -> 30.509167
A16: 2017/18 | B16: =ENSO!C16 -> La Niña | C16: ='Monthly data'!F137 -> 25.95 | D16: ='Monthly data'!F138 -> 27.18 | E16: ='Monthly data'!F139 -> 27.34 | F16: ='Monthly data'!F140 -> 31.16 | G16: ='Monthly data'!F141 -> 28.96 | H16: ='Monthly data'!F142 -> 30.39 | I16: ='Monthly data'!F143 -> 32.72 | J16: ='Monthly data'!F144 -> 31.06 | K16: ='Monthly data'!F145 -> 32.04 | L16: ='Monthly data'!F146 -> 29.41 | M16: ='Monthly data'!F147 -> 27.94 | N16: ='Monthly data'!F148 -> 27.63 | O16: =IF(COUNT(C16:N16)=12,AVERAGE(C16:N16),"") -> 29.315
A17: 2018/19 | B17: =ENSO!C17 -> El Niño | C17: ='Monthly data'!F149 -> 27.36 | D17: ='Monthly data'!F150 -> 27.6 | E17: ='Monthly data'!F151 -> 29.14 | F17: ='Monthly data'!F152 -> 29.71 | G17: ='Monthly data'!F153 -> 29.25 | H17: ='Monthly data'!F154 -> 30.77 | I17: ='Monthly data'!F155 -> 33.03 | J17: ='Monthly data'!F156 -> 35.2 | K17: ='Monthly data'!F157 -> 33.66 | L17: ='Monthly data'!F158 -> 32.6 | M17: ='Monthly data'!F159 -> 30.61 | N17: ='Monthly data'!F160 -> 28.63 | O17: =IF(COUNT(C17:N17)=12,AVERAGE(C17:N17),"") -> 30.63
A18: 2019/20 | B18: =ENSO!C18 -> El Niño | C18: ='Monthly data'!F161 -> 28.11 | D18: ='Monthly data'!F162 -> 27.54 | E18: ='Monthly data'!F163 -> 29.83 | F18: ='Monthly data'!F164 -> 29.94 | G18: ='Monthly data'!F165 -> 30.7 | H18: ='Monthly data'!F166 -> 31.14 | I18: ='Monthly data'!F167 -> 32.29 | J18: ='Monthly data'!F168 -> 32.84 | K18: ='Monthly data'!F169 -> 30.24 | L18: ='Monthly data'!F170 -> 29.96 | M18: ='Monthly data'!F171 -> 28.94 | N18: ='Monthly data'!F172 -> 28.92 | O18: =IF(COUNT(C18:N18)=12,AVERAGE(C18:N18),"") -> 30.0375
A19: 2020/21 | B19: =ENSO!C19 -> La Niña | C19: ='Monthly data'!F173 -> 27.66 | D19: ='Monthly data'!F174 -> 27.21 | E19: ='Monthly data'!F175 -> 30.1 | F19: ='Monthly data'!F176 -> 30.34 | G19: ='Monthly data'!F177 -> 28.92 | H19: ='Monthly data'!F178 -> 31.75 | I19: ='Monthly data'!F179 -> 33.16 | J19: ='Monthly data'!F180 -> 31.51 | K19: ='Monthly data'!F181 -> 32.94 | L19: ='Monthly data'!F182 -> 31.32 | M19: ='Monthly data'!F183 -> 30.41 | N19: ='Monthly data'!F184 -> 28.58 | O19: =IF(COUNT(C19:N19)=12,AVERAGE(C19:N19),"") -> 30.325
A20: 2021/22 | B20: =ENSO!C20 -> La Niña | C20: ='Monthly data'!F185 -> 28.05 | D20: ='Monthly data'!F186 -> 27.63 | E20: ='Monthly data'!F187 -> 30.15 | F20: ='Monthly data'!F188 -> 28.74 | G20: ='Monthly data'!F189 -> 28.7 | H20: ='Monthly data'!F190 -> 29.65 | I20: ='Monthly data'!F191 -> 32.03 | J20: ='Monthly data'!F192 -> 31.54 | K20: ='Monthly data'!F193 -> 31.9 | L20: ='Monthly data'!F194 -> 32.09 | M20: ='Monthly data'!F195 -> 29.63 | N20: ='Monthly data'!F196 -> 28.47 | O20: =IF(COUNT(C20:N20)=12,AVERAGE(C20:N20),"") -> 29.881667
A21: 2022/23 | B21: =ENSO!C21 -> La Niña | C21: ='Monthly data'!F197 -> 27.53 | D21: ='Monthly data'!F198 -> 27.93 | E21: ='Monthly data'!F199 -> 28.7 | F21: ='Monthly data'!F200 -> 30.89 | G21: ='Monthly data'!F201 -> 28.64 | H21: ='Monthly data'!F202 -> 29.09 | I21: ='Monthly data'!F203 -> 31.19 | J21: ='Monthly data'!F204 -> 33.03 | K21: ='Monthly data'!F205 -> 32.68 | L21: ='Monthly data'!F206 -> 31.56 | M21: ='Monthly data'!F207 -> 28.71 | N21: ='Monthly data'!F208 -> 28.34 | O21: =IF(COUNT(C21:N21)=12,AVERAGE(C21:N21),"") -> 29.8575
A22: 2023/24 | B22: =ENSO!C22 -> El Niño | C22: ='Monthly data'!F209 -> 27.63 | D22: ='Monthly data'!F210 -> 28.96 | E22: ='Monthly data'!F211 -> 29.6 | F22: ='Monthly data'!F212 -> 31.37 | G22: ='Monthly data'!F213 -> 34.51 | H22: ='Monthly data'!F214 -> 34.7 | I22: ='Monthly data'!F215 -> 32.55 | J22: ='Monthly data'!F216 -> 32.46 | K22: ='Monthly data'!F217 -> 33.12 | L22: ='Monthly data'!F218 -> 31.87 | M22: ='Monthly data'!F219 -> 31.54 | N22: ='Monthly data'!F220 -> 29.53 | O22: =IF(COUNT(C22:N22)=12,AVERAGE(C22:N22),"") -> 31.486667
A23: 2024/25 | B23: =ENSO!C23 -> Neutral | C23: ='Monthly data'!F221 -> 29.14 | D23: ='Monthly data'!F222 -> 28.9 | E23: ='Monthly data'!F223 -> 31.16 | F23: ='Monthly data'!F224 -> 30.39 | G23: ='Monthly data'!F225 -> 29.66 | H23: ='Monthly data'!F226 -> 32.68 | I23: ='Monthly data'!F227 -> 31.9 | J23: ='Monthly data'!F228 -> 33.24 | K23: ='Monthly data'!F229 -> 32.77 | L23: ='Monthly data'!F230 -> 30.65 | M23: ='Monthly data'!F231 -> 28.08 | N23: ='Monthly data'!F232 -> 27.85 | O23: =IF(COUNT(C23:N23)=12,AVERAGE(C23:N23),"") -> 30.535
A24: 2025/26 | B24: =ENSO!C24 -> Neutral | C24: ='Monthly data'!F233 -> 27.03 | D24: ='Monthly data'!F234 -> 27.4 | E24: ='Monthly data'!F235 -> 28.05 | F24: ='Monthly data'!F236 -> 28.27 | G24: ='Monthly data'!F237 -> 30.65 | H24: ='Monthly data'!F238 -> 32.48 | I24: ='Monthly data'!F239 -> 32.39 | J24: ='Monthly data'!F240 -> 33.44 | K24: ='Monthly data'!F241 -> 31.25 | L24: ='Monthly data'!F242 -> 30.81 | M24: ='Monthly data'!F243 -> 29.26 | N24: ='Monthly data'!F244 -> 28.44 | O24: =IF(COUNT(C24:N24)=12,AVERAGE(C24:N24),"") -> 29.955833
A25: 2026/27 | B25: =ENSO!C25 -> El Niño* | C25: ='Monthly data'!F245 -> 28.15 | D25: ='Monthly data'!F246 -> 29.63 | O25: =IF(COUNT(C25:N25)=12,AVERAGE(C25:N25),"")
A27: Averages
A28: El Niño average (7 seasons) | C28: =AVERAGEIF($B$5:$B$25,"El Niño",C$5:C$25) -> 27.31 | D28: =AVERAGEIF($B$5:$B$25,"El Niño",D$5:D$25) -> 27.791429 | E28: =AVERAGEIF($B$5:$B$25,"El Niño",E$5:E$25) -> 29.6 | F28: =AVERAGEIF($B$5:$B$25,"El Niño",F$5:F$25) -> 29.818571 | G28: =AVERAGEIF($B$5:$B$25,"El Niño",G$5:G$25) -> 30.914286 | H28: =AVERAGEIF($B$5:$B$25,"El Niño",H$5:H$25) -> 32.01 | I28: =AVERAGEIF($B$5:$B$25,"El Niño",I$5:I$25) -> 33.021429 | J28: =AVERAGEIF($B$5:$B$25,"El Niño",J$5:J$25) -> 33.381429 | ... O28: =AVERAGEIF($B$5:$B$25,"El Niño",O$5:O$25) -> 30.494881
A29: La Niña average (8 seasons) | C29: =AVERAGEIF($B$5:$B$25,"La Niña",C$5:C$25) -> 27.20125 | D29: =AVERAGEIF($B$5:$B$25,"La Niña",D$5:D$25) -> 27.6975 | E29: =AVERAGEIF($B$5:$B$25,"La Niña",E$5:E$25) -> 28.6125 | F29: =AVERAGEIF($B$5:$B$25,"La Niña",F$5:F$25) -> 29.80375 | G29: =AVERAGEIF($B$5:$B$25,"La Niña",G$5:G$25) -> 29.10875 | H29: =AVERAGEIF($B$5:$B$25,"La Niña",H$5:H$25) -> 30.42 | I29: =AVERAGEIF($B$5:$B$25,"La Niña",I$5:I$25) -> 31.89625 | J29: =AVERAGEIF($B$5:$B$25,"La Niña",J$5:J$25) -> 32.04875 | ... O29: =AVERAGEIF($B$5:$B$25,"La Niña",O$5:O$25) -> 29.714063
A30: Neutral average (5 seasons) | C30: =AVERAGEIF($B$5:$B$25,"Neutral",C$5:C$25) -> 27.932 | D30: =AVERAGEIF($B$5:$B$25,"Neutral",D$5:D$25) -> 28.006 | E30: =AVERAGEIF($B$5:$B$25,"Neutral",E$5:E$25) -> 29.284 | F30: =AVERAGEIF($B$5:$B$25,"Neutral",F$5:F$25) -> 29.386 | G30: =AVERAGEIF($B$5:$B$25,"Neutral",G$5:G$25) -> 29.706 | H30: =AVERAGEIF($B$5:$B$25,"Neutral",H$5:H$25) -> 32.116 | I30: =AVERAGEIF($B$5:$B$25,"Neutral",I$5:I$25) -> 32.41 | J30: =AVERAGEIF($B$5:$B$25,"Neutral",J$5:J$25) -> 32.652 | ... O30: =AVERAGEIF($B$5:$B$25,"Neutral",O$5:O$25) -> 30.132167
A31: All complete seasons (20) | C31: =AVERAGE(C5:C24) -> 27.422 | D31: =AVERAGE(D5:D24) -> 27.8075 | E31: =AVERAGE(E5:E24) -> 29.126 | F31: =AVERAGE(F5:F24) -> 29.7045 | G31: =AVERAGE(G5:G24) -> 29.89 | H31: =AVERAGE(H5:H24) -> 31.4005 | I31: =AVERAGE(I5:I24) -> 32.4185 | J31: =AVERAGE(J5:J24) -> 32.666 | ... O31: =AVERAGE(O5:O24) -> 30.091875
A33: * season not finished — ENSO phase provisional, not included in the phase averages.

Sheet Rainfall
A1: Espírito Santo (conilon) — Monthly rainfall (mm) by coffee season
A2: Source: CHIRPS v3.0 (UCSB Climate Hazards Center), 0.05° satellite + rain gauges. Values link to 'Monthly data'.
A4: Season | B4: ENSO phase | C4: Jul | D4: Aug | E4: Sep | F4: Oct | G4: Nov | H4: Dec | I4: Jan | J4: Feb | K4: Mar | L4: Apr | M4: May | N4: Jun | O4: Season total
A5: 2006/07 | B5: =ENSO!C5 -> El Niño | C5: ='Monthly data'!G5 -> 56.48 | D5: ='Monthly data'!G6 -> 30.43 | E5: ='Monthly data'!G7 -> 87.11 | F5: ='Monthly data'!G8 -> 183.92 | G5: ='Monthly data'!G9 -> 313.24 | H5: ='Monthly data'!G10 -> 259.84 | I5: ='Monthly data'!G11 -> 124.89 | J5: ='Monthly data'!G12 -> 269.29 | K5: ='Monthly data'!G13 -> 29.84 | L5: ='Monthly data'!G14 -> 159.86 | M5: ='Monthly data'!G15 -> 21.76 | N5: ='Monthly data'!G16 -> 16.66 | O5: =IF(COUNT(C5:N5)=12,SUM(C5:N5),"") -> 1553.32
A6: 2007/08 | B6: =ENSO!C6 -> La Niña | C6: ='Monthly data'!G17 -> 18.98 | D6: ='Monthly data'!G18 -> 40.17 | E6: ='Monthly data'!G19 -> 48.62 | F6: ='Monthly data'!G20 -> 30.65 | G6: ='Monthly data'!G21 -> 118.59 | H6: ='Monthly data'!G22 -> 100.75 | I6: ='Monthly data'!G23 -> 162.86 | J6: ='Monthly data'!G24 -> 185.82 | K6: ='Monthly data'!G25 -> 154.92 | L6: ='Monthly data'!G26 -> 111.91 | M6: ='Monthly data'!G27 -> 27.54 | N6: ='Monthly data'!G28 -> 21.92 | O6: =IF(COUNT(C6:N6)=12,SUM(C6:N6),"") -> 1022.73
A7: 2008/09 | B7: =ENSO!C7 -> La Niña | C7: ='Monthly data'!G29 -> 34.08 | D7: ='Monthly data'!G30 -> 27.82 | E7: ='Monthly data'!G31 -> 42.51 | F7: ='Monthly data'!G32 -> 49.63 | G7: ='Monthly data'!G33 -> 391.44 | H7: ='Monthly data'!G34 -> 252.75 | I7: ='Monthly data'!G35 -> 322.08 | J7: ='Monthly data'!G36 -> 19.36 | K7: ='Monthly data'!G37 -> 173.14 | L7: ='Monthly data'!G38 -> 188.7 | M7: ='Monthly data'!G39 -> 23.39 | N7: ='Monthly data'!G40 -> 40.89 | O7: =IF(COUNT(C7:N7)=12,SUM(C7:N7),"") -> 1565.79
A8: 2009/10 | B8: =ENSO!C8 -> El Niño | C8: ='Monthly data'!G41 -> 41.5 | D8: ='Monthly data'!G42 -> 59.93 | E8: ='Monthly data'!G43 -> 42.01 | F8: ='Monthly data'!G44 -> 382.7 | G8: ='Monthly data'!G45 -> 139.48 | H8: ='Monthly data'!G46 -> 103.41 | I8: ='Monthly data'!G47 -> 11.69 | J8: ='Monthly data'!G48 -> 67.7 | K8: ='Monthly data'!G49 -> 155.46 | L8: ='Monthly data'!G50 -> 159.44 | M8: ='Monthly data'!G51 -> 42.32 | N8: ='Monthly data'!G52 -> 19.33 | O8: =IF(COUNT(C8:N8)=12,SUM(C8:N8),"") -> 1224.97
A9: 2010/11 | B9: =ENSO!C9 -> La Niña | C9: ='Monthly data'!G53 -> 78.85 | D9: ='Monthly data'!G54 -> 15.92 | E9: ='Monthly data'!G55 -> 36.29 | F9: ='Monthly data'!G56 -> 83.57 | G9: ='Monthly data'!G57 -> 243.66 | H9: ='Monthly data'!G58 -> 231.56 | I9: ='Monthly data'!G59 -> 90.68 | J9: ='Monthly data'!G60 -> 71.45 | K9: ='Monthly data'!G61 -> 282.31 | L9: ='Monthly data'!G62 -> 162.52 | M9: ='Monthly data'!G63 -> 20.67 | N9: ='Monthly data'!G64 -> 30.77 | O9: =IF(COUNT(C9:N9)=12,SUM(C9:N9),"") -> 1348.25
A10: 2011/12 | B10: =ENSO!C10 -> La Niña | C10: ='Monthly data'!G65 -> 59.3 | D10: ='Monthly data'!G66 -> 20.19 | E10: ='Monthly data'!G67 -> 25.62 | F10: ='Monthly data'!G68 -> 202.23 | G10: ='Monthly data'!G69 -> 224.24 | H10: ='Monthly data'!G70 -> 168.07 | I10: ='Monthly data'!G71 -> 160.27 | J10: ='Monthly data'!G72 -> 23.07 | K10: ='Monthly data'!G73 -> 43.93 | L10: ='Monthly data'!G74 -> 57.69 | M10: ='Monthly data'!G75 -> 59.91 | N10: ='Monthly data'!G76 -> 36.16 | O10: =IF(COUNT(C10:N10)=12,SUM(C10:N10),"") -> 1080.68
A11: 2012/13 | B11: =ENSO!C11 -> Neutral | C11: ='Monthly data'!G77 -> 66.75 | D11: ='Monthly data'!G78 -> 80.68 | E11: ='Monthly data'!G79 -> 48.72 | F11: ='Monthly data'!G80 -> 45.68 | G11: ='Monthly data'!G81 -> 272.43 | H11: ='Monthly data'!G82 -> 14.35 | I11: ='Monthly data'!G83 -> 205.24 | J11: ='Monthly data'!G84 -> 42.79 | K11: ='Monthly data'!G85 -> 62.2 | L11: ='Monthly data'!G86 -> 65.77 | M11: ='Monthly data'!G87 -> 39.75 | N11: ='Monthly data'!G88 -> 41.51 | O11: =IF(COUNT(C11:N11)=12,SUM(C11:N11),"") -> 985.87
A12: 2013/14 | B12: =ENSO!C12 -> Neutral | C12: ='Monthly data'!G89 -> 41.19 | D12: ='Monthly data'!G90 -> 48.28 | E12: ='Monthly data'!G91 -> 79.22 | F12: ='Monthly data'!G92 -> 143.16 | G12: ='Monthly data'!G93 -> 154.09 | H12: ='Monthly data'!G94 -> 591.91 | I12: ='Monthly data'!G95 -> 86.5 | J12: ='Monthly data'!G96 -> 43.72 | K12: ='Monthly data'!G97 -> 87.08 | L12: ='Monthly data'!G98 -> 66.83 | M12: ='Monthly data'!G99 -> 22.44 | N12: ='Monthly data'!G100 -> 57.14 | O12: =IF(COUNT(C12:N12)=12,SUM(C12:N12),"") -> 1421.56
A13: 2014/15 | B13: =ENSO!C13 -> El Niño | C13: ='Monthly data'!G101 -> 61.89 | D13: ='Monthly data'!G102 -> 99.79 | E13: ='Monthly data'!G103 -> 34.5 | F13: ='Monthly data'!G104 -> 175.12 | G13: ='Monthly data'!G105 -> 115.41 | H13: ='Monthly data'!G106 -> 86.45 | I13: ='Monthly data'!G107 -> 11.79 | J13: ='Monthly data'!G108 -> 123.47 | K13: ='Monthly data'!G109 -> 135.39 | L13: ='Monthly data'!G110 -> 44.82 | M13: ='Monthly data'!G111 -> 70.83 | N13: ='Monthly data'!G112 -> 53.51 | O13: =IF(COUNT(C13:N13)=12,SUM(C13:N13),"") -> 1012.97
A14: 2015/16 | B14: =ENSO!C14 -> El Niño | C14: ='Monthly data'!G113 -> 44.38 | D14: ='Monthly data'!G114 -> 37.13 | E14: ='Monthly data'!G115 -> 15.3 | F14: ='Monthly data'!G116 -> 29.72 | G14: ='Monthly data'!G117 -> 83.63 | H14: ='Monthly data'!G118 -> 90.56 | I14: ='Monthly data'!G119 -> 271.14 | J14: ='Monthly data'!G120 -> 11.27 | K14: ='Monthly data'!G121 -> 31.79 | L14: ='Monthly data'!G122 -> 39.73 | M14: ='Monthly data'!G123 -> 22.78 | N14: ='Monthly data'!G124 -> 34.89 | O14: =IF(COUNT(C14:N14)=12,SUM(C14:N14),"") -> 712.32
A15: 2016/17 | B15: =ENSO!C15 -> Neutral | C15: ='Monthly data'!G125 -> 41.97 | D15: ='Monthly data'!G126 -> 25.15 | E15: ='Monthly data'!G127 -> 35.2 | F15: ='Monthly data'!G128 -> 73.37 | G15: ='Monthly data'!G129 -> 237.23 | H15: ='Monthly data'!G130 -> 163.16 | I15: ='Monthly data'!G131 -> 31.32 | J15: ='Monthly data'!G132 -> 124.47 | K15: ='Monthly data'!G133 -> 74.13 | L15: ='Monthly data'!G134 -> 34.76 | M15: ='Monthly data'!G135 -> 86.96 | N15: ='Monthly data'!G136 -> 59.91 | O15: =IF(COUNT(C15:N15)=12,SUM(C15:N15),"") -> 987.63
A16: 2017/18 | B16: =ENSO!C16 -> La Niña | C16: ='Monthly data'!G137 -> 75.07 | D16: ='Monthly data'!G138 -> 25.88 | E16: ='Monthly data'!G139 -> 56.52 | F16: ='Monthly data'!G140 -> 49.92 | G16: ='Monthly data'!G141 -> 132.64 | H16: ='Monthly data'!G142 -> 310.14 | I16: ='Monthly data'!G143 -> 117.7 | J16: ='Monthly data'!G144 -> 234.6 | K16: ='Monthly data'!G145 -> 137.57 | L16: ='Monthly data'!G146 -> 123.36 | M16: ='Monthly data'!G147 -> 47.71 | N16: ='Monthly data'!G148 -> 39.99 | O16: =IF(COUNT(C16:N16)=12,SUM(C16:N16),"") -> 1351.1
A17: 2018/19 | B17: =ENSO!C17 -> El Niño | C17: ='Monthly data'!G149 -> 23.78 | D17: ='Monthly data'!G150 -> 89.43 | E17: ='Monthly data'!G151 -> 36.16 | F17: ='Monthly data'!G152 -> 194.22 | G17: ='Monthly data'!G153 -> 207.84 | H17: ='Monthly data'!G154 -> 340.65 | I17: ='Monthly data'!G155 -> 11.64 | J17: ='Monthly data'!G156 -> 107.63 | K17: ='Monthly data'!G157 -> 70.76 | L17: ='Monthly data'!G158 -> 100.28 | M17: ='Monthly data'!G159 -> 78.15 | N17: ='Monthly data'!G160 -> 48.35 | O17: =IF(COUNT(C17:N17)=12,SUM(C17:N17),"") -> 1308.89
A18: 2019/20 | B18: =ENSO!C18 -> El Niño | C18: ='Monthly data'!G161 -> 37.27 | D18: ='Monthly data'!G162 -> 78.47 | E18: ='Monthly data'!G163 -> 25.78 | F18: ='Monthly data'!G164 -> 128.84 | G18: ='Monthly data'!G165 -> 229.43 | H18: ='Monthly data'!G166 -> 138.51 | I18: ='Monthly data'!G167 -> 321.06 | J18: ='Monthly data'!G168 -> 104.25 | K18: ='Monthly data'!G169 -> 190.3 | L18: ='Monthly data'!G170 -> 53.03 | M18: ='Monthly data'!G171 -> 51.92 | N18: ='Monthly data'!G172 -> 36.93 | O18: =IF(COUNT(C18:N18)=12,SUM(C18:N18),"") -> 1395.79
A19: 2020/21 | B19: =ENSO!C19 -> La Niña | C19: ='Monthly data'!G173 -> 59.95 | D19: ='Monthly data'!G174 -> 38.73 | E19: ='Monthly data'!G175 -> 42.17 | F19: ='Monthly data'!G176 -> 207.82 | G19: ='Monthly data'!G177 -> 132.86 | H19: ='Monthly data'!G178 -> 50.53 | I19: ='Monthly data'!G179 -> 29.94 | J19: ='Monthly data'!G180 -> 206.93 | K19: ='Monthly data'!G181 -> 141.71 | L19: ='Monthly data'!G182 -> 57.14 | M19: ='Monthly data'!G183 -> 19.11 | N19: ='Monthly data'!G184 -> 23.83 | O19: =IF(COUNT(C19:N19)=12,SUM(C19:N19),"") -> 1010.72
A20: 2021/22 | B20: =ENSO!C20 -> La Niña | C20: ='Monthly data'!G185 -> 18.09 | D20: ='Monthly data'!G186 -> 39.14 | E20: ='Monthly data'!G187 -> 35 | F20: ='Monthly data'!G188 -> 175.89 | G20: ='Monthly data'!G189 -> 196.7 | H20: ='Monthly data'!G190 -> 331.34 | I20: ='Monthly data'!G191 -> 134.58 | J20: ='Monthly data'!G192 -> 216.52 | K20: ='Monthly data'!G193 -> 42.91 | L20: ='Monthly data'!G194 -> 38.11 | M20: ='Monthly data'!G195 -> 53.73 | N20: ='Monthly data'!G196 -> 15.18 | O20: =IF(COUNT(C20:N20)=12,SUM(C20:N20),"") -> 1297.19
A21: 2022/23 | B21: =ENSO!C21 -> La Niña | C21: ='Monthly data'!G197 -> 44.27 | D21: ='Monthly data'!G198 -> 18.25 | E21: ='Monthly data'!G199 -> 23.75 | F21: ='Monthly data'!G200 -> 113.35 | G21: ='Monthly data'!G201 -> 380.05 | H21: ='Monthly data'!G202 -> 466.18 | I21: ='Monthly data'!G203 -> 225.86 | J21: ='Monthly data'!G204 -> 35.52 | K21: ='Monthly data'!G205 -> 20.14 | L21: ='Monthly data'!G206 -> 89.43 | M21: ='Monthly data'!G207 -> 32.8 | N21: ='Monthly data'!G208 -> 31.34 | O21: =IF(COUNT(C21:N21)=12,SUM(C21:N21),"") -> 1480.94
A22: 2023/24 | B22: =ENSO!C22 -> El Niño | C22: ='Monthly data'!G209 -> 80.41 | D22: ='Monthly data'!G210 -> 79.32 | E22: ='Monthly data'!G211 -> 32.26 | F22: ='Monthly data'!G212 -> 83.85 | G22: ='Monthly data'!G213 -> 18.5 | H22: ='Monthly data'!G214 -> 97.7 | I22: ='Monthly data'!G215 -> 298.9 | J22: ='Monthly data'!G216 -> 188.74 | K22: ='Monthly data'!G217 -> 105.33 | L22: ='Monthly data'!G218 -> 40.3 | M22: ='Monthly data'!G219 -> 41.53 | N22: ='Monthly data'!G220 -> 25.79 | O22: =IF(COUNT(C22:N22)=12,SUM(C22:N22),"") -> 1092.63
A23: 2024/25 | B23: =ENSO!C23 -> Neutral | C23: ='Monthly data'!G221 -> 20.05 | D23: ='Monthly data'!G222 -> 47.45 | E23: ='Monthly data'!G223 -> 29.81 | F23: ='Monthly data'!G224 -> 219.6 | G23: ='Monthly data'!G225 -> 242.1 | H23: ='Monthly data'!G226 -> 152.38 | I23: ='Monthly data'!G227 -> 177.66 | J23: ='Monthly data'!G228 -> 12.13 | K23: ='Monthly data'!G229 -> 33.02 | L23: ='Monthly data'!G230 -> 117.18 | M23: ='Monthly data'!G231 -> 48.45 | N23: ='Monthly data'!G232 -> 39.13 | O23: =IF(COUNT(C23:N23)=12,SUM(C23:N23),"") -> 1138.96
A24: 2025/26 | B24: =ENSO!C24 -> Neutral | C24: ='Monthly data'!G233 -> 34.58 | D24: ='Monthly data'!G234 -> 26.8 | E24: ='Monthly data'!G235 -> 69.14 | F24: ='Monthly data'!G236 -> 96.11 | G24: ='Monthly data'!G237 -> 133.6 | H24: ='Monthly data'!G238 -> 145.13 | I24: ='Monthly data'!G239 -> 257.75 | J24: ='Monthly data'!G240 -> 181.87 | K24: ='Monthly data'!G241 -> 205.27 | L24: ='Monthly data'!G242 -> 59.85 | M24: ='Monthly data'!G243 -> 42.85 | N24: ='Monthly data'!G244 -> 34.72 | O24: =IF(COUNT(C24:N24)=12,SUM(C24:N24),"") -> 1287.67
A25: 2026/27 | B25: =ENSO!C25 -> El Niño* | C25: ='Monthly data'!G245 -> 38.39 | D25: ='Monthly data'!G246 -> 31.47 | O25: =IF(COUNT(C25:N25)=12,SUM(C25:N25),"")
A27: Averages
A28: El Niño average (7 seasons) | C28: =AVERAGEIF($B$5:$B$25,"El Niño",C$5:C$25) -> 49.387143 | D28: =AVERAGEIF($B$5:$B$25,"El Niño",D$5:D$25) -> 67.785714 | E28: =AVERAGEIF($B$5:$B$25,"El Niño",E$5:E$25) -> 39.017143 | F28: =AVERAGEIF($B$5:$B$25,"El Niño",F$5:F$25) -> 168.33857 | G28: =AVERAGEIF($B$5:$B$25,"El Niño",G$5:G$25) -> 158.21857 | H28: =AVERAGEIF($B$5:$B$25,"El Niño",H$5:H$25) -> 159.58857 | I28: =AVERAGEIF($B$5:$B$25,"El Niño",I$5:I$25) -> 150.15857 | J28: =AVERAGEIF($B$5:$B$25,"El Niño",J$5:J$25) -> 124.62143 | ... O28: =AVERAGEIF($B$5:$B$25,"El Niño",O$5:O$25) -> 1185.8414
A29: La Niña average (8 seasons) | C29: =AVERAGEIF($B$5:$B$25,"La Niña",C$5:C$25) -> 48.57375 | D29: =AVERAGEIF($B$5:$B$25,"La Niña",D$5:D$25) -> 28.2625 | E29: =AVERAGEIF($B$5:$B$25,"La Niña",E$5:E$25) -> 38.81 | F29: =AVERAGEIF($B$5:$B$25,"La Niña",F$5:F$25) -> 114.1325 | G29: =AVERAGEIF($B$5:$B$25,"La Niña",G$5:G$25) -> 227.5225 | H29: =AVERAGEIF($B$5:$B$25,"La Niña",H$5:H$25) -> 238.915 | I29: =AVERAGEIF($B$5:$B$25,"La Niña",I$5:I$25) -> 155.49625 | J29: =AVERAGEIF($B$5:$B$25,"La Niña",J$5:J$25) -> 124.15875 | ... O29: =AVERAGEIF($B$5:$B$25,"La Niña",O$5:O$25) -> 1269.675
A30: Neutral average (5 seasons) | C30: =AVERAGEIF($B$5:$B$25,"Neutral",C$5:C$25) -> 40.908 | D30: =AVERAGEIF($B$5:$B$25,"Neutral",D$5:D$25) -> 45.672 | E30: =AVERAGEIF($B$5:$B$25,"Neutral",E$5:E$25) -> 52.418 | F30: =AVERAGEIF($B$5:$B$25,"Neutral",F$5:F$25) -> 115.584 | G30: =AVERAGEIF($B$5:$B$25,"Neutral",G$5:G$25) -> 207.89 | H30: =AVERAGEIF($B$5:$B$25,"Neutral",H$5:H$25) -> 213.386 | I30: =AVERAGEIF($B$5:$B$25,"Neutral",I$5:I$25) -> 151.694 | J30: =AVERAGEIF($B$5:$B$25,"Neutral",J$5:J$25) -> 80.996 | ... O30: =AVERAGEIF($B$5:$B$25,"Neutral",O$5:O$25) -> 1164.338
A31: All complete seasons (20) | C31: =AVERAGE(C5:C24) -> 46.942 | D31: =AVERAGE(D5:D24) -> 46.448 | E31: =AVERAGE(E5:E24) -> 42.2845 | F31: =AVERAGE(F5:F24) -> 133.4675 | G31: =AVERAGE(G5:G24) -> 198.358 | H31: =AVERAGE(H5:H24) -> 204.7685 | I31: =AVERAGE(I5:I24) -> 152.6775 | J31: =AVERAGE(J5:J24) -> 113.53 | ... O31: =AVERAGE(O5:O24) -> 1213.999
A33: * season not finished — ENSO phase provisional, not included in the phase averages.

Sheet Humidity
A1: Espírito Santo (conilon) — Relative humidity (%) by coffee season
A2: Source: Open-Meteo, ERA5-Land 0.1° (models=era5_seamless), downscaled to town altitude. Values link to 'Monthly data'.
A4: Season | B4: ENSO phase | C4: Jul | D4: Aug | E4: Sep | F4: Oct | G4: Nov | H4: Dec | I4: Jan | J4: Feb | K4: Mar | L4: Apr | M4: May | N4: Jun | O4: Season mean
A5: 2006/07 | B5: =ENSO!C5 -> El Niño | C5: ='Monthly data'!H5 -> 78.18 | D5: ='Monthly data'!H6 -> 77.8 | E5: ='Monthly data'!H7 -> 75.71 | F5: ='Monthly data'!H8 -> 80.61 | G5: ='Monthly data'!H9 -> 83.79 | H5: ='Monthly data'!H10 -> 83.86 | I5: ='Monthly data'!H11 -> 80.45 | J5: ='Monthly data'!H12 -> 84.9 | K5: ='Monthly data'!H13 -> 81.6 | L5: ='Monthly data'!H14 -> 84.31 | M5: ='Monthly data'!H15 -> 78.04 | N5: ='Monthly data'!H16 -> 78.54 | O5: =IF(COUNT(C5:N5)=12,AVERAGE(C5:N5),"") -> 80.649167
A6: 2007/08 | B6: =ENSO!C6 -> La Niña | C6: ='Monthly data'!H17 -> 76.59 | D6: ='Monthly data'!H18 -> 76.66 | E6: ='Monthly data'!H19 -> 74.32 | F6: ='Monthly data'!H20 -> 72.83 | G6: ='Monthly data'!H21 -> 71.5 | H6: ='Monthly data'!H22 -> 77.79 | I6: ='Monthly data'!H23 -> 78.44 | J6: ='Monthly data'!H24 -> 80.39 | K6: ='Monthly data'!H25 -> 83.31 | L6: ='Monthly data'!H26 -> 82.49 | M6: ='Monthly data'!H27 -> 77.93 | N6: ='Monthly data'!H28 -> 77.03 | O6: =IF(COUNT(C6:N6)=12,AVERAGE(C6:N6),"") -> 77.44
A7: 2008/09 | B7: =ENSO!C7 -> La Niña | C7: ='Monthly data'!H29 -> 75.06 | D7: ='Monthly data'!H30 -> 75.46 | E7: ='Monthly data'!H31 -> 70.48 | F7: ='Monthly data'!H32 -> 73.38 | G7: ='Monthly data'!H33 -> 81.32 | H7: ='Monthly data'!H34 -> 82.28 | I7: ='Monthly data'!H35 -> 83.1 | J7: ='Monthly data'!H36 -> 80.26 | K7: ='Monthly data'!H37 -> 79.17 | L7: ='Monthly data'!H38 -> 83.04 | M7: ='Monthly data'!H39 -> 80.53 | N7: ='Monthly data'!H40 -> 82.03 | O7: =IF(COUNT(C7:N7)=12,AVERAGE(C7:N7),"") -> 78.8425
A8: 2009/10 | B8: =ENSO!C8 -> El Niño | C8: ='Monthly data'!H41 -> 80.68 | D8: ='Monthly data'!H42 -> 78.09 | E8: ='Monthly data'!H43 -> 74.34 | F8: ='Monthly data'!H44 -> 79.01 | G8: ='Monthly data'!H45 -> 77.69 | H8: ='Monthly data'!H46 -> 76.95 | I8: ='Monthly data'!H47 -> 73.2 | J8: ='Monthly data'!H48 -> 72.96 | K8: ='Monthly data'!H49 -> 82.84 | L8: ='Monthly data'!H50 -> 82.61 | M8: ='Monthly data'!H51 -> 80.22 | N8: ='Monthly data'!H52 -> 73.95 | O8: =IF(COUNT(C8:N8)=12,AVERAGE(C8:N8),"") -> 77.711667
A9: 2010/11 | B9: =ENSO!C9 -> La Niña | C9: ='Monthly data'!H53 -> 79.92 | D9: ='Monthly data'!H54 -> 72.32 | E9: ='Monthly data'!H55 -> 71.94 | F9: ='Monthly data'!H56 -> 73.17 | G9: ='Monthly data'!H57 -> 82.69 | H9: ='Monthly data'!H58 -> 79.73 | I9: ='Monthly data'!H59 -> 79.57 | J9: ='Monthly data'!H60 -> 76.53 | K9: ='Monthly data'!H61 -> 84.52 | L9: ='Monthly data'!H62 -> 87.47 | M9: ='Monthly data'!H63 -> 81.66 | N9: ='Monthly data'!H64 -> 78.32 | O9: =IF(COUNT(C9:N9)=12,AVERAGE(C9:N9),"") -> 78.986667
A10: 2011/12 | B10: =ENSO!C10 -> La Niña | C10: ='Monthly data'!H65 -> 78.49 | D10: ='Monthly data'!H66 -> 74.85 | E10: ='Monthly data'!H67 -> 67.8 | F10: ='Monthly data'!H68 -> 79.04 | G10: ='Monthly data'!H69 -> 80.12 | H10: ='Monthly data'!H70 -> 83.68 | I10: ='Monthly data'!H71 -> 82 | J10: ='Monthly data'!H72 -> 78.55 | K10: ='Monthly data'!H73 -> 77.63 | L10: ='Monthly data'!H74 -> 78.43 | M10: ='Monthly data'!H75 -> 79.94 | N10: ='Monthly data'!H76 -> 80.54 | O10: =IF(COUNT(C10:N10)=12,AVERAGE(C10:N10),"") -> 78.4225
A11: 2012/13 | B11: =ENSO!C11 -> Neutral | C11: ='Monthly data'!H77 -> 77.63 | D11: ='Monthly data'!H78 -> 80.63 | E11: ='Monthly data'!H79 -> 72.81 | F11: ='Monthly data'!H80 -> 72.13 | G11: ='Monthly data'!H81 -> 83.23 | H11: ='Monthly data'!H82 -> 74.35 | I11: ='Monthly data'!H83 -> 77.89 | J11: ='Monthly data'!H84 -> 76.68 | K11: ='Monthly data'!H85 -> 75.39 | L11: ='Monthly data'!H86 -> 79.71 | M11: ='Monthly data'!H87 -> 76.78 | N11: ='Monthly data'!H88 -> 81.55 | O11: =IF(COUNT(C11:N11)=12,AVERAGE(C11:N11),"") -> 77.398333
A12: 2013/14 | B12: =ENSO!C12 -> Neutral | C12: ='Monthly data'!H89 -> 78.36 | D12: ='Monthly data'!H90 -> 76.22 | E12: ='Monthly data'!H91 -> 75.18 | F12: ='Monthly data'!H92 -> 74.37 | G12: ='Monthly data'!H93 -> 78.36 | H12: ='Monthly data'!H94 -> 84.17 | I12: ='Monthly data'!H95 -> 80.54 | J12: ='Monthly data'!H96 -> 79.93 | K12: ='Monthly data'!H97 -> 80.17 | L12: ='Monthly data'!H98 -> 79.67 | M12: ='Monthly data'!H99 -> 76.33 | N12: ='Monthly data'!H100 -> 84.87 | O12: =IF(COUNT(C12:N12)=12,AVERAGE(C12:N12),"") -> 79.014167
A13: 2014/15 | B13: =ENSO!C13 -> El Niño | C13: ='Monthly data'!H101 -> 82.29 | D13: ='Monthly data'!H102 -> 76.5 | E13: ='Monthly data'!H103 -> 70.44 | F13: ='Monthly data'!H104 -> 72.27 | G13: ='Monthly data'!H105 -> 78.55 | H13: ='Monthly data'!H106 -> 79.7 | I13: ='Monthly data'!H107 -> 72.52 | J13: ='Monthly data'!H108 -> 76.86 | K13: ='Monthly data'!H109 -> 79.73 | L13: ='Monthly data'!H110 -> 76.61 | M13: ='Monthly data'!H111 -> 78.84 | N13: ='Monthly data'!H112 -> 80.63 | O13: =IF(COUNT(C13:N13)=12,AVERAGE(C13:N13),"") -> 77.078333
A14: 2015/16 | B14: =ENSO!C14 -> El Niño | C14: ='Monthly data'!H113 -> 82.16 | D14: ='Monthly data'!H114 -> 75.99 | E14: ='Monthly data'!H115 -> 70.31 | F14: ='Monthly data'!H116 -> 69.1 | G14: ='Monthly data'!H117 -> 71.66 | H14: ='Monthly data'!H118 -> 71.23 | I14: ='Monthly data'!H119 -> 79.24 | J14: ='Monthly data'!H120 -> 75.16 | K14: ='Monthly data'!H121 -> 75.58 | L14: ='Monthly data'!H122 -> 74.69 | M14: ='Monthly data'!H123 -> 74.33 | N14: ='Monthly data'!H124 -> 74.62 | O14: =IF(COUNT(C14:N14)=12,AVERAGE(C14:N14),"") -> 74.505833
A15: 2016/17 | B15: =ENSO!C15 -> Neutral | C15: ='Monthly data'!H125 -> 75.43 | D15: ='Monthly data'!H126 -> 71.16 | E15: ='Monthly data'!H127 -> 71.94 | F15: ='Monthly data'!H128 -> 75.64 | G15: ='Monthly data'!H129 -> 79.72 | H15: ='Monthly data'!H130 -> 78.97 | I15: ='Monthly data'!H131 -> 71.53 | J15: ='Monthly data'!H132 -> 80.3 | K15: ='Monthly data'!H133 -> 73.99 | L15: ='Monthly data'!H134 -> 75.57 | M15: ='Monthly data'!H135 -> 76.92 | N15: ='Monthly data'!H136 -> 82 | O15: =IF(COUNT(C15:N15)=12,AVERAGE(C15:N15),"") -> 76.0975
A16: 2017/18 | B16: =ENSO!C16 -> La Niña | C16: ='Monthly data'!H137 -> 78.15 | D16: ='Monthly data'!H138 -> 71.46 | E16: ='Monthly data'!H139 -> 73.57 | F16: ='Monthly data'!H140 -> 71.51 | G16: ='Monthly data'!H141 -> 79.18 | H16: ='Monthly data'!H142 -> 83.67 | I16: ='Monthly data'!H143 -> 78.42 | J16: ='Monthly data'!H144 -> 84.57 | K16: ='Monthly data'!H145 -> 82.97 | L16: ='Monthly data'!H146 -> 84.43 | M16: ='Monthly data'!H147 -> 83.92 | N16: ='Monthly data'!H148 -> 84.46 | O16: =IF(COUNT(C16:N16)=12,AVERAGE(C16:N16),"") -> 79.6925
A17: 2018/19 | B17: =ENSO!C17 -> El Niño | C17: ='Monthly data'!H149 -> 82.61 | D17: ='Monthly data'!H150 -> 80.54 | E17: ='Monthly data'!H151 -> 74.83 | F17: ='Monthly data'!H152 -> 75.57 | G17: ='Monthly data'!H153 -> 83.21 | H17: ='Monthly data'!H154 -> 82.75 | I17: ='Monthly data'!H155 -> 78.51 | J17: ='Monthly data'!H156 -> 74.74 | K17: ='Monthly data'!H157 -> 75.05 | L17: ='Monthly data'!H158 -> 79.95 | M17: ='Monthly data'!H159 -> 80.65 | N17: ='Monthly data'!H160 -> 80.18 | O17: =IF(COUNT(C17:N17)=12,AVERAGE(C17:N17),"") -> 79.049167
A18: 2019/20 | B18: =ENSO!C18 -> El Niño | C18: ='Monthly data'!H161 -> 73.43 | D18: ='Monthly data'!H162 -> 75.94 | E18: ='Monthly data'!H163 -> 72.2 | F18: ='Monthly data'!H164 -> 76.02 | G18: ='Monthly data'!H165 -> 78.34 | H18: ='Monthly data'!H166 -> 79.98 | I18: ='Monthly data'!H167 -> 81.76 | J18: ='Monthly data'!H168 -> 80.35 | K18: ='Monthly data'!H169 -> 82.81 | L18: ='Monthly data'!H170 -> 78.68 | M18: ='Monthly data'!H171 -> 77.17 | N18: ='Monthly data'!H172 -> 78.85 | O18: =IF(COUNT(C18:N18)=12,AVERAGE(C18:N18),"") -> 77.960833
A19: 2020/21 | B19: =ENSO!C19 -> La Niña | C19: ='Monthly data'!H173 -> 78.59 | D19: ='Monthly data'!H174 -> 76.17 | E19: ='Monthly data'!H175 -> 74.57 | F19: ='Monthly data'!H176 -> 77.5 | G19: ='Monthly data'!H177 -> 81.36 | H19: ='Monthly data'!H178 -> 76.85 | I19: ='Monthly data'!H179 -> 72.81 | J19: ='Monthly data'!H180 -> 81.65 | K19: ='Monthly data'!H181 -> 77.77 | L19: ='Monthly data'!H182 -> 75.25 | M19: ='Monthly data'!H183 -> 73.33 | N19: ='Monthly data'!H184 -> 74.83 | O19: =IF(COUNT(C19:N19)=12,AVERAGE(C19:N19),"") -> 76.723333
A20: 2021/22 | B20: =ENSO!C20 -> La Niña | C20: ='Monthly data'!H185 -> 71.46 | D20: ='Monthly data'!H186 -> 74.72 | E20: ='Monthly data'!H187 -> 73.68 | F20: ='Monthly data'!H188 -> 78.94 | G20: ='Monthly data'!H189 -> 80.12 | H20: ='Monthly data'!H190 -> 83.78 | I20: ='Monthly data'!H191 -> 80.07 | J20: ='Monthly data'!H192 -> 83.6 | K20: ='Monthly data'!H193 -> 80.99 | L20: ='Monthly data'!H194 -> 76.41 | M20: ='Monthly data'!H195 -> 73.76 | N20: ='Monthly data'!H196 -> 74.55 | O20: =IF(COUNT(C20:N20)=12,AVERAGE(C20:N20),"") -> 77.673333
A21: 2022/23 | B21: =ENSO!C21 -> La Niña | C21: ='Monthly data'!H197 -> 79.36 | D21: ='Monthly data'!H198 -> 70.47 | E21: ='Monthly data'!H199 -> 70.26 | F21: ='Monthly data'!H200 -> 74.1 | G21: ='Monthly data'!H201 -> 80.54 | H21: ='Monthly data'!H202 -> 86.54 | I21: ='Monthly data'!H203 -> 83.61 | J21: ='Monthly data'!H204 -> 77.16 | K21: ='Monthly data'!H205 -> 77.01 | L21: ='Monthly data'!H206 -> 77.04 | M21: ='Monthly data'!H207 -> 78.75 | N21: ='Monthly data'!H208 -> 77.44 | O21: =IF(COUNT(C21:N21)=12,AVERAGE(C21:N21),"") -> 77.69
A22: 2023/24 | B22: =ENSO!C22 -> El Niño | C22: ='Monthly data'!H209 -> 76.38 | D22: ='Monthly data'!H210 -> 78.35 | E22: ='Monthly data'!H211 -> 74.48 | F22: ='Monthly data'!H212 -> 73.65 | G22: ='Monthly data'!H213 -> 65.47 | H22: ='Monthly data'!H214 -> 69 | I22: ='Monthly data'!H215 -> 81.37 | J22: ='Monthly data'!H216 -> 83.01 | K22: ='Monthly data'!H217 -> 79.85 | L22: ='Monthly data'!H218 -> 76.03 | M22: ='Monthly data'!H219 -> 76.6 | N22: ='Monthly data'!H220 -> 77.99 | O22: =IF(COUNT(C22:N22)=12,AVERAGE(C22:N22),"") -> 76.015
A23: 2024/25 | B23: =ENSO!C23 -> Neutral | C23: ='Monthly data'!H221 -> 75.42 | D23: ='Monthly data'!H222 -> 72.26 | E23: ='Monthly data'!H223 -> 70.56 | F23: ='Monthly data'!H224 -> 75.68 | G23: ='Monthly data'!H225 -> 80.24 | H23: ='Monthly data'!H226 -> 76.59 | I23: ='Monthly data'!H227 -> 81.58 | J23: ='Monthly data'!H228 -> 76.68 | K23: ='Monthly data'!H229 -> 78.08 | L23: ='Monthly data'!H230 -> 80.3 | M23: ='Monthly data'!H231 -> 81.92 | N23: ='Monthly data'!H232 -> 80.73 | O23: =IF(COUNT(C23:N23)=12,AVERAGE(C23:N23),"") -> 77.503333
A24: 2025/26 | B24: =ENSO!C24 -> Neutral | C24: ='Monthly data'!H233 -> 77.72 | D24: ='Monthly data'!H234 -> 75.31 | E24: ='Monthly data'!H235 -> 73.42 | F24: ='Monthly data'!H236 -> 76.66 | G24: ='Monthly data'!H237 -> 74.04 | H24: ='Monthly data'!H238 -> 75.19 | I24: ='Monthly data'!H239 -> 78.84 | J24: ='Monthly data'!H240 -> 78.6 | K24: ='Monthly data'!H241 -> 83.09 | L24: ='Monthly data'!H242 -> 81.8 | M24: ='Monthly data'!H243 -> 80.18 | N24: ='Monthly data'!H244 -> 79 | O24: =IF(COUNT(C24:N24)=12,AVERAGE(C24:N24),"") -> 77.820833
A25: 2026/27 | B25: =ENSO!C25 -> El Niño* | C25: ='Monthly data'!H245 -> 77.25 | D25: ='Monthly data'!H246 -> 74.76 | O25: =IF(COUNT(C25:N25)=12,AVERAGE(C25:N25),"")
A27: Averages
A28: El Niño average (7 seasons) | C28: =AVERAGEIF($B$5:$B$25,"El Niño",C$5:C$25) -> 79.39 | D28: =AVERAGEIF($B$5:$B$25,"El Niño",D$5:D$25) -> 77.601429 | E28: =AVERAGEIF($B$5:$B$25,"El Niño",E$5:E$25) -> 73.187143 | F28: =AVERAGEIF($B$5:$B$25,"El Niño",F$5:F$25) -> 75.175714 | G28: =AVERAGEIF($B$5:$B$25,"El Niño",G$5:G$25) -> 76.958571 | H28: =AVERAGEIF($B$5:$B$25,"El Niño",H$5:H$25) -> 77.638571 | I28: =AVERAGEIF($B$5:$B$25,"El Niño",I$5:I$25) -> 78.15 | J28: =AVERAGEIF($B$5:$B$25,"El Niño",J$5:J$25) -> 78.282857 | ... O28: =AVERAGEIF($B$5:$B$25,"El Niño",O$5:O$25) -> 77.567143
A29: La Niña average (8 seasons) | C29: =AVERAGEIF($B$5:$B$25,"La Niña",C$5:C$25) -> 77.2025 | D29: =AVERAGEIF($B$5:$B$25,"La Niña",D$5:D$25) -> 74.01375 | E29: =AVERAGEIF($B$5:$B$25,"La Niña",E$5:E$25) -> 72.0775 | F29: =AVERAGEIF($B$5:$B$25,"La Niña",F$5:F$25) -> 75.05875 | G29: =AVERAGEIF($B$5:$B$25,"La Niña",G$5:G$25) -> 79.60375 | H29: =AVERAGEIF($B$5:$B$25,"La Niña",H$5:H$25) -> 81.79 | I29: =AVERAGEIF($B$5:$B$25,"La Niña",I$5:I$25) -> 79.7525 | J29: =AVERAGEIF($B$5:$B$25,"La Niña",J$5:J$25) -> 80.33875 | ... O29: =AVERAGEIF($B$5:$B$25,"La Niña",O$5:O$25) -> 78.183854
A30: Neutral average (5 seasons) | C30: =AVERAGEIF($B$5:$B$25,"Neutral",C$5:C$25) -> 76.912 | D30: =AVERAGEIF($B$5:$B$25,"Neutral",D$5:D$25) -> 75.116 | E30: =AVERAGEIF($B$5:$B$25,"Neutral",E$5:E$25) -> 72.782 | F30: =AVERAGEIF($B$5:$B$25,"Neutral",F$5:F$25) -> 74.896 | G30: =AVERAGEIF($B$5:$B$25,"Neutral",G$5:G$25) -> 79.118 | H30: =AVERAGEIF($B$5:$B$25,"Neutral",H$5:H$25) -> 77.854 | I30: =AVERAGEIF($B$5:$B$25,"Neutral",I$5:I$25) -> 78.076 | J30: =AVERAGEIF($B$5:$B$25,"Neutral",J$5:J$25) -> 78.438 | ... O30: =AVERAGEIF($B$5:$B$25,"Neutral",O$5:O$25) -> 77.566833
A31: All complete seasons (20) | C31: =AVERAGE(C5:C24) -> 77.8955 | D31: =AVERAGE(D5:D24) -> 75.545 | E31: =AVERAGE(E5:E24) -> 72.642 | F31: =AVERAGE(F5:F24) -> 75.059 | G31: =AVERAGE(G5:G24) -> 78.5565 | H31: =AVERAGE(H5:H24) -> 79.353 | I31: =AVERAGE(I5:I24) -> 78.7725 | J31: =AVERAGE(J5:J24) -> 79.144 | ... O31: =AVERAGE(O5:O24) -> 77.81375
A33: * season not finished — ENSO phase provisional, not included in the phase averages.

Sheet Soil moisture
A1: Espírito Santo (conilon) — Soil moisture 0-100 cm (% vol.) by coffee season
A2: Source: Open-Meteo, ERA5-Land 0.1° (models=era5_seamless), downscaled to town altitude. Values link to 'Monthly data'.
A4: Season | B4: ENSO phase | C4: Jul | D4: Aug | E4: Sep | F4: Oct | G4: Nov | H4: Dec | I4: Jan | J4: Feb | K4: Mar | L4: Apr | M4: May | N4: Jun | O4: Season mean
A5: 2006/07 | B5: =ENSO!C5 -> El Niño | C5: ='Monthly data'!I5 -> 26.67 | D5: ='Monthly data'!I6 -> 24.76 | E5: ='Monthly data'!I7 -> 24.37 | F5: ='Monthly data'!I8 -> 26.55 | G5: ='Monthly data'!I9 -> 34.52 | H5: ='Monthly data'!I10 -> 39.57 | I5: ='Monthly data'!I11 -> 35.84 | J5: ='Monthly data'!I12 -> 39.64 | K5: ='Monthly data'!I13 -> 34.98 | L5: ='Monthly data'!I14 -> 31.25 | M5: ='Monthly data'!I15 -> 28.78 | N5: ='Monthly data'!I16 -> 25.62 | O5: =IF(COUNT(C5:N5)=12,AVERAGE(C5:N5),"") -> 31.045833
A6: 2007/08 | B6: =ENSO!C6 -> La Niña | C6: ='Monthly data'!I17 -> 23.62 | D6: ='Monthly data'!I18 -> 22.75 | E6: ='Monthly data'!I19 -> 22.77 | F6: ='Monthly data'!I20 -> 21.76 | G6: ='Monthly data'!I21 -> 21.17 | H6: ='Monthly data'!I22 -> 26.85 | I6: ='Monthly data'!I23 -> 25.75 | J6: ='Monthly data'!I24 -> 29.48 | K6: ='Monthly data'!I25 -> 33.38 | L6: ='Monthly data'!I26 -> 32.12 | M6: ='Monthly data'!I27 -> 28.25 | N6: ='Monthly data'!I28 -> 25.14 | O6: =IF(COUNT(C6:N6)=12,AVERAGE(C6:N6),"") -> 26.086667
A7: 2008/09 | B7: =ENSO!C7 -> La Niña | C7: ='Monthly data'!I29 -> 23.81 | D7: ='Monthly data'!I30 -> 21.7 | E7: ='Monthly data'!I31 -> 20.5 | F7: ='Monthly data'!I32 -> 20.54 | G7: ='Monthly data'!I33 -> 25.7 | H7: ='Monthly data'!I34 -> 38.23 | I7: ='Monthly data'!I35 -> 38.2 | J7: ='Monthly data'!I36 -> 33.05 | K7: ='Monthly data'!I37 -> 28.54 | L7: ='Monthly data'!I38 -> 35.52 | M7: ='Monthly data'!I39 -> 31.99 | N7: ='Monthly data'!I40 -> 30.04 | O7: =IF(COUNT(C7:N7)=12,AVERAGE(C7:N7),"") -> 28.985
A8: 2009/10 | B8: =ENSO!C8 -> El Niño | C8: ='Monthly data'!I41 -> 27.69 | D8: ='Monthly data'!I42 -> 25.62 | E8: ='Monthly data'!I43 -> 24.23 | F8: ='Monthly data'!I44 -> 25.41 | G8: ='Monthly data'!I45 -> 36.63 | H8: ='Monthly data'!I46 -> 29.92 | I8: ='Monthly data'!I47 -> 26.55 | J8: ='Monthly data'!I48 -> 22.69 | K8: ='Monthly data'!I49 -> 27.42 | L8: ='Monthly data'!I50 -> 30.72 | M8: ='Monthly data'!I51 -> 28.66 | N8: ='Monthly data'!I52 -> 25.52 | O8: =IF(COUNT(C8:N8)=12,AVERAGE(C8:N8),"") -> 27.588333
A9: 2010/11 | B9: =ENSO!C9 -> La Niña | C9: ='Monthly data'!I53 -> 24.62 | D9: ='Monthly data'!I54 -> 22.97 | E9: ='Monthly data'!I55 -> 21.44 | F9: ='Monthly data'!I56 -> 20.72 | G9: ='Monthly data'!I57 -> 28.07 | H9: ='Monthly data'!I58 -> 31.09 | I9: ='Monthly data'!I59 -> 32.82 | J9: ='Monthly data'!I60 -> 27 | K9: ='Monthly data'!I61 -> 34.48 | L9: ='Monthly data'!I62 -> 39.52 | M9: ='Monthly data'!I63 -> 35.16 | N9: ='Monthly data'!I64 -> 29.85 | O9: =IF(COUNT(C9:N9)=12,AVERAGE(C9:N9),"") -> 28.978333
A10: 2011/12 | B10: =ENSO!C10 -> La Niña | C10: ='Monthly data'!I65 -> 26.97 | D10: ='Monthly data'!I66 -> 24.61 | E10: ='Monthly data'!I67 -> 22.36 | F10: ='Monthly data'!I68 -> 24.16 | G10: ='Monthly data'!I69 -> 28.64 | H10: ='Monthly data'!I70 -> 38.08 | I10: ='Monthly data'!I71 -> 37.96 | J10: ='Monthly data'!I72 -> 30.42 | K10: ='Monthly data'!I73 -> 27.22 | L10: ='Monthly data'!I74 -> 25.49 | M10: ='Monthly data'!I75 -> 24.36 | N10: ='Monthly data'!I76 -> 23.12 | O10: =IF(COUNT(C10:N10)=12,AVERAGE(C10:N10),"") -> 27.7825
A11: 2012/13 | B11: =ENSO!C11 -> Neutral | C11: ='Monthly data'!I77 -> 22.03 | D11: ='Monthly data'!I78 -> 22.51 | E11: ='Monthly data'!I79 -> 21.98 | F11: ='Monthly data'!I80 -> 20.67 | G11: ='Monthly data'!I81 -> 28.57 | H11: ='Monthly data'!I82 -> 29.53 | I11: ='Monthly data'!I83 -> 26.7 | J11: ='Monthly data'!I84 -> 28 | K11: ='Monthly data'!I85 -> 24.14 | L11: ='Monthly data'!I86 -> 26.64 | M11: ='Monthly data'!I87 -> 24.57 | N11: ='Monthly data'!I88 -> 24.34 | O11: =IF(COUNT(C11:N11)=12,AVERAGE(C11:N11),"") -> 24.973333
A12: 2013/14 | B12: =ENSO!C12 -> Neutral | C12: ='Monthly data'!I89 -> 22.66 | D12: ='Monthly data'!I90 -> 21.54 | E12: ='Monthly data'!I91 -> 20.82 | F12: ='Monthly data'!I92 -> 21.09 | G12: ='Monthly data'!I93 -> 22.49 | H12: ='Monthly data'!I94 -> 34.85 | I12: ='Monthly data'!I95 -> 35.1 | J12: ='Monthly data'!I96 -> 30.26 | K12: ='Monthly data'!I97 -> 27.98 | L12: ='Monthly data'!I98 -> 29.42 | M12: ='Monthly data'!I99 -> 25.62 | N12: ='Monthly data'!I100 -> 27.07 | O12: =IF(COUNT(C12:N12)=12,AVERAGE(C12:N12),"") -> 26.575
A13: 2014/15 | B13: =ENSO!C13 -> El Niño | C13: ='Monthly data'!I101 -> 26.19 | D13: ='Monthly data'!I102 -> 24.82 | E13: ='Monthly data'!I103 -> 22.5 | F13: ='Monthly data'!I104 -> 22.17 | G13: ='Monthly data'!I105 -> 35.83 | H13: ='Monthly data'!I106 -> 35.51 | I13: ='Monthly data'!I107 -> 28.14 | J13: ='Monthly data'!I108 -> 25.37 | K13: ='Monthly data'!I109 -> 26.22 | L13: ='Monthly data'!I110 -> 25.13 | M13: ='Monthly data'!I111 -> 23.59 | N13: ='Monthly data'!I112 -> 22.96 | O13: =IF(COUNT(C13:N13)=12,AVERAGE(C13:N13),"") -> 26.535833
A14: 2015/16 | B14: =ENSO!C14 -> El Niño | C14: ='Monthly data'!I113 -> 22.49 | D14: ='Monthly data'!I114 -> 21.19 | E14: ='Monthly data'!I115 -> 19.93 | F14: ='Monthly data'!I116 -> 18.62 | G14: ='Monthly data'!I117 -> 19.48 | H14: ='Monthly data'!I118 -> 19.78 | I14: ='Monthly data'!I119 -> 24.25 | J14: ='Monthly data'!I120 -> 29.1 | K14: ='Monthly data'!I121 -> 24.01 | L14: ='Monthly data'!I122 -> 21.47 | M14: ='Monthly data'!I123 -> 20.22 | N14: ='Monthly data'!I124 -> 19.21 | O14: =IF(COUNT(C14:N14)=12,AVERAGE(C14:N14),"") -> 21.645833
A15: 2016/17 | B15: =ENSO!C15 -> Neutral | C15: ='Monthly data'!I125 -> 19.12 | D15: ='Monthly data'!I126 -> 18.51 | E15: ='Monthly data'!I127 -> 18.01 | F15: ='Monthly data'!I128 -> 19.84 | G15: ='Monthly data'!I129 -> 25.12 | H15: ='Monthly data'!I130 -> 30.86 | I15: ='Monthly data'!I131 -> 25.04 | J15: ='Monthly data'!I132 -> 25.84 | K15: ='Monthly data'!I133 -> 23.24 | L15: ='Monthly data'!I134 -> 22.88 | M15: ='Monthly data'!I135 -> 22.06 | N15: ='Monthly data'!I136 -> 22.72 | O15: =IF(COUNT(C15:N15)=12,AVERAGE(C15:N15),"") -> 22.77
A16: 2017/18 | B16: =ENSO!C16 -> La Niña | C16: ='Monthly data'!I137 -> 21.96 | D16: ='Monthly data'!I138 -> 20.41 | E16: ='Monthly data'!I139 -> 19.38 | F16: ='Monthly data'!I140 -> 18.87 | G16: ='Monthly data'!I141 -> 24.39 | H16: ='Monthly data'!I142 -> 36.6 | I16: ='Monthly data'!I143 -> 33.23 | J16: ='Monthly data'!I144 -> 38.68 | K16: ='Monthly data'!I145 -> 36.64 | L16: ='Monthly data'!I146 -> 35.34 | M16: ='Monthly data'!I147 -> 33.57 | N16: ='Monthly data'!I148 -> 31.16 | O16: =IF(COUNT(C16:N16)=12,AVERAGE(C16:N16),"") -> 29.185833
A17: 2018/19 | B17: =ENSO!C17 -> El Niño | C17: ='Monthly data'!I149 -> 28.17 | D17: ='Monthly data'!I150 -> 25.89 | E17: ='Monthly data'!I151 -> 24.23 | F17: ='Monthly data'!I152 -> 23.21 | G17: ='Monthly data'!I153 -> 29.55 | H17: ='Monthly data'!I154 -> 36.86 | I17: ='Monthly data'!I155 -> 33.61 | J17: ='Monthly data'!I156 -> 28.13 | K17: ='Monthly data'!I157 -> 25.82 | L17: ='Monthly data'!I158 -> 25.71 | M17: ='Monthly data'!I159 -> 24.46 | N17: ='Monthly data'!I160 -> 23.14 | O17: =IF(COUNT(C17:N17)=12,AVERAGE(C17:N17),"") -> 27.398333
A18: 2019/20 | B18: =ENSO!C18 -> El Niño | C18: ='Monthly data'!I161 -> 21.51 | D18: ='Monthly data'!I162 -> 21.35 | E18: ='Monthly data'!I163 -> 20.01 | F18: ='Monthly data'!I164 -> 20.78 | G18: ='Monthly data'!I165 -> 24.2 | H18: ='Monthly data'!I166 -> 32.2 | I18: ='Monthly data'!I167 -> 34.95 | J18: ='Monthly data'!I168 -> 35.48 | K18: ='Monthly data'!I169 -> 35.64 | L18: ='Monthly data'!I170 -> 31.65 | M18: ='Monthly data'!I171 -> 27.98 | N18: ='Monthly data'!I172 -> 25.11 | O18: =IF(COUNT(C18:N18)=12,AVERAGE(C18:N18),"") -> 27.571667
A19: 2020/21 | B19: =ENSO!C19 -> La Niña | C19: ='Monthly data'!I173 -> 23.66 | D19: ='Monthly data'!I174 -> 23.19 | E19: ='Monthly data'!I175 -> 21.74 | F19: ='Monthly data'!I176 -> 23.6 | G19: ='Monthly data'!I177 -> 35.83 | H19: ='Monthly data'!I178 -> 33.68 | I19: ='Monthly data'!I179 -> 27.08 | J19: ='Monthly data'!I180 -> 30.66 | K19: ='Monthly data'!I181 -> 31.7 | L19: ='Monthly data'!I182 -> 27.22 | M19: ='Monthly data'!I183 -> 24.09 | N19: ='Monthly data'!I184 -> 21.95 | O19: =IF(COUNT(C19:N19)=12,AVERAGE(C19:N19),"") -> 27.033333
A20: 2021/22 | B20: =ENSO!C20 -> La Niña | C20: ='Monthly data'!I185 -> 20.55 | D20: ='Monthly data'!I186 -> 19.8 | E20: ='Monthly data'!I187 -> 21.71 | F20: ='Monthly data'!I188 -> 23.96 | G20: ='Monthly data'!I189 -> 32.41 | H20: ='Monthly data'!I190 -> 39.2 | I20: ='Monthly data'!I191 -> 37.74 | J20: ='Monthly data'!I192 -> 35.91 | K20: ='Monthly data'!I193 -> 32.06 | L20: ='Monthly data'!I194 -> 27.57 | M20: ='Monthly data'!I195 -> 24.34 | N20: ='Monthly data'!I196 -> 22.59 | O20: =IF(COUNT(C20:N20)=12,AVERAGE(C20:N20),"") -> 28.153333
A21: 2022/23 | B21: =ENSO!C21 -> La Niña | C21: ='Monthly data'!I197 -> 21.68 | D21: ='Monthly data'!I198 -> 20.64 | E21: ='Monthly data'!I199 -> 19.93 | F21: ='Monthly data'!I200 -> 19.85 | G21: ='Monthly data'!I201 -> 26.99 | H21: ='Monthly data'!I202 -> 41.79 | I21: ='Monthly data'!I203 -> 39.17 | J21: ='Monthly data'!I204 -> 33.6 | K21: ='Monthly data'!I205 -> 27.45 | L21: ='Monthly data'!I206 -> 25.7 | M21: ='Monthly data'!I207 -> 25.54 | N21: ='Monthly data'!I208 -> 23.14 | O21: =IF(COUNT(C21:N21)=12,AVERAGE(C21:N21),"") -> 27.123333
A22: 2023/24 | B22: =ENSO!C22 -> El Niño | C22: ='Monthly data'!I209 -> 22.27 | D22: ='Monthly data'!I210 -> 22.33 | E22: ='Monthly data'!I211 -> 22.51 | F22: ='Monthly data'!I212 -> 20.8 | G22: ='Monthly data'!I213 -> 19.81 | H22: ='Monthly data'!I214 -> 19.16 | I22: ='Monthly data'!I215 -> 27.4 | J22: ='Monthly data'!I216 -> 37.35 | K22: ='Monthly data'!I217 -> 35.49 | L22: ='Monthly data'!I218 -> 30.07 | M22: ='Monthly data'!I219 -> 25.83 | N22: ='Monthly data'!I220 -> 23.57 | O22: =IF(COUNT(C22:N22)=12,AVERAGE(C22:N22),"") -> 25.549167
A23: 2024/25 | B23: =ENSO!C23 -> Neutral | C23: ='Monthly data'!I221 -> 21.93 | D23: ='Monthly data'!I222 -> 21.02 | E23: ='Monthly data'!I223 -> 19.68 | F23: ='Monthly data'!I224 -> 22.78 | G23: ='Monthly data'!I225 -> 35.14 | H23: ='Monthly data'!I226 -> 33.55 | I23: ='Monthly data'!I227 -> 38.36 | J23: ='Monthly data'!I228 -> 30.57 | K23: ='Monthly data'!I229 -> 27.53 | L23: ='Monthly data'!I230 -> 29.39 | M23: ='Monthly data'!I231 -> 30.63 | N23: ='Monthly data'!I232 -> 29.21 | O23: =IF(COUNT(C23:N23)=12,AVERAGE(C23:N23),"") -> 28.315833
A24: 2025/26 | B24: =ENSO!C24 -> Neutral | C24: ='Monthly data'!I233 -> 26.34 | D24: ='Monthly data'!I234 -> 23.76 | E24: ='Monthly data'!I235 -> 23.01 | F24: ='Monthly data'!I236 -> 23.17 | G24: ='Monthly data'!I237 -> 23.77 | H24: ='Monthly data'!I238 -> 27.47 | I24: ='Monthly data'!I239 -> 29.67 | J24: ='Monthly data'!I240 -> 31.74 | K24: ='Monthly data'!I241 -> 39.48 | L24: ='Monthly data'!I242 -> 37.65 | M24: ='Monthly data'!I243 -> 31.39 | N24: ='Monthly data'!I244 -> 27.64 | O24: =IF(COUNT(C24:N24)=12,AVERAGE(C24:N24),"") -> 28.7575
A25: 2026/27 | B25: =ENSO!C25 -> El Niño* | C25: ='Monthly data'!I245 -> 25.44 | D25: ='Monthly data'!I246 -> 23.33 | O25: =IF(COUNT(C25:N25)=12,AVERAGE(C25:N25),"")
A27: Averages
A28: El Niño average (7 seasons) | C28: =AVERAGEIF($B$5:$B$25,"El Niño",C$5:C$25) -> 24.998571 | D28: =AVERAGEIF($B$5:$B$25,"El Niño",D$5:D$25) -> 23.708571 | E28: =AVERAGEIF($B$5:$B$25,"El Niño",E$5:E$25) -> 22.54 | F28: =AVERAGEIF($B$5:$B$25,"El Niño",F$5:F$25) -> 22.505714 | G28: =AVERAGEIF($B$5:$B$25,"El Niño",G$5:G$25) -> 28.574286 | H28: =AVERAGEIF($B$5:$B$25,"El Niño",H$5:H$25) -> 30.428571 | I28: =AVERAGEIF($B$5:$B$25,"El Niño",I$5:I$25) -> 30.105714 | J28: =AVERAGEIF($B$5:$B$25,"El Niño",J$5:J$25) -> 31.108571 | ... O28: =AVERAGEIF($B$5:$B$25,"El Niño",O$5:O$25) -> 26.762143
A29: La Niña average (8 seasons) | C29: =AVERAGEIF($B$5:$B$25,"La Niña",C$5:C$25) -> 23.35875 | D29: =AVERAGEIF($B$5:$B$25,"La Niña",D$5:D$25) -> 22.00875 | E29: =AVERAGEIF($B$5:$B$25,"La Niña",E$5:E$25) -> 21.22875 | F29: =AVERAGEIF($B$5:$B$25,"La Niña",F$5:F$25) -> 21.6825 | G29: =AVERAGEIF($B$5:$B$25,"La Niña",G$5:G$25) -> 27.9 | H29: =AVERAGEIF($B$5:$B$25,"La Niña",H$5:H$25) -> 35.69 | I29: =AVERAGEIF($B$5:$B$25,"La Niña",I$5:I$25) -> 33.99375 | J29: =AVERAGEIF($B$5:$B$25,"La Niña",J$5:J$25) -> 32.35 | ... O29: =AVERAGEIF($B$5:$B$25,"La Niña",O$5:O$25) -> 27.916042
A30: Neutral average (5 seasons) | C30: =AVERAGEIF($B$5:$B$25,"Neutral",C$5:C$25) -> 22.416 | D30: =AVERAGEIF($B$5:$B$25,"Neutral",D$5:D$25) -> 21.468 | E30: =AVERAGEIF($B$5:$B$25,"Neutral",E$5:E$25) -> 20.7 | F30: =AVERAGEIF($B$5:$B$25,"Neutral",F$5:F$25) -> 21.51 | G30: =AVERAGEIF($B$5:$B$25,"Neutral",G$5:G$25) -> 27.018 | H30: =AVERAGEIF($B$5:$B$25,"Neutral",H$5:H$25) -> 31.252 | I30: =AVERAGEIF($B$5:$B$25,"Neutral",I$5:I$25) -> 30.974 | J30: =AVERAGEIF($B$5:$B$25,"Neutral",J$5:J$25) -> 29.282 | ... O30: =AVERAGEIF($B$5:$B$25,"Neutral",O$5:O$25) -> 26.278333
A31: All complete seasons (20) | C31: =AVERAGE(C5:C24) -> 23.697 | D31: =AVERAGE(D5:D24) -> 22.4685 | E31: =AVERAGE(E5:E24) -> 21.5555 | F31: =AVERAGE(F5:F24) -> 21.9275 | G31: =AVERAGE(G5:G24) -> 27.9155 | H31: =AVERAGE(H5:H24) -> 32.739 | I31: =AVERAGE(I5:I24) -> 31.878 | J31: =AVERAGE(J5:J24) -> 31.1485 | ... O31: =AVERAGE(O5:O24) -> 27.10275
A33: * season not finished — ENSO phase provisional, not included in the phase averages.

Sheet INMET stations
A1: INMET automatic stations — observed monthly values (complete months only)
A2: portal.inmet.gov.br/dadoshistoricos (hourly archive, UTC days). Point measurements, not region averages.
B3: A616 Sao Mateus (29 m) | G3: A614 Linhares (40 m) | L3: A632 Marilandia (95 m) | Q3: A631 Ecoporanga (224 m)
A4: Month | B4: Rain mm | C4: Tmean °C | D4: Tmin °C | E4: Tmax °C | F4: RH % | G4: Rain mm | H4: Tmean °C | I4: Tmin °C | J4: Tmax °C | K4: RH % | L4: Rain mm | M4: Tmean °C | N4: Tmin °C | O4: Tmax °C | P4: RH % | Q4: Rain mm | R4: Tmean °C | S4: Tmin °C | T4: Tmax °C | U4: RH %
A5: 38899
A6: 38930
A7: 38961
A8: 38991
A9: 39022
A10: 39052
A11: 39083 | B11: 49.6 | C11: 26.3 | D11: 22.69 | E11: 31.65 | F11: 80.24 | G11: 119.2 | H11: 26.33 | I11: 23.28 | J11: 31.63 | K11: 79.85
A12: 39114
A13: 39142
A14: 39173 | B14: 199.2 | C14: 24.81 | D14: 21.24 | E14: 30.09 | F14: 83.61 | G14: 182.4 | H14: 25.26 | I14: 22.38 | J14: 30.18 | K14: 81.18
A15: 39203
A16: 39234
A17: 39264
A18: 39295
A19: 39326 | B19: 82 | C19: 21.52 | D19: 17.54 | E19: 26.59 | F19: 79.46 | G19: 42 | H19: 22 | I19: 18.69 | J19: 27.09 | K19: 76.23
A20: 39356
A21: 39387 | B21: 98.6 | C21: 25.04 | D21: 20.96 | E21: 30.39 | F21: 74.78 | G21: 150 | H21: 25.26 | I21: 21.8 | J21: 31.15 | K21: 73.31
A22: 39417 | B22: 138.2 | C22: 25.43 | D22: 21.72 | E22: 30.49 | F22: 78.39 | G22: 84.2 | H22: 25.72 | I22: 22.49 | J22: 31.2 | K22: 76.51
A23: 39448 | B23: 150.8 | C23: 25.04 | D23: 21.38 | E23: 29.99 | F23: 79.82 | G23: 137.2 | H23: 25.24 | I23: 22.02 | J23: 30.26 | K23: 77.07
A24: 39479 | B24: 209.8 | C24: 25.7 | D24: 21.94 | E24: 31.14 | F24: 79.98 | G24: 158.6 | H24: 26.13 | I24: 22.81 | J24: 31.75 | K24: 76.85
A25: 39508
A26: 39539 | B26: 103.8 | C26: 25.63 | D26: 22.18 | E26: 30.99 | F26: 82.49 | G26: 101.2 | H26: 26.04 | I26: 22.99 | J26: 31.19 | K26: 79.45
A27: 39569
A28: 39600
A29: 39630 | B29: 32.8 | C29: 20.37 | D29: 16.24 | E29: 26.35 | F29: 80.51 | G29: 30.8 | H29: 20.84 | I29: 17.04 | J29: 26.64 | K29: 77.05
A30: 39661 | B30: 63.8 | C30: 21.67 | D30: 17.56 | E30: 27.06 | F30: 81.51
A31: 39692 | B31: 8 | C31: 22.19 | D31: 18.42 | E31: 27.23 | F31: 76.16 | G31: 25.4 | H31: 22.56 | I31: 19.03 | J31: 28.19 | K31: 72.21
A32: 39722 | B32: 89.4 | C32: 24.17 | D32: 20.43 | E32: 28.99 | F32: 78.51 | G32: 86.2 | H32: 24.57 | I32: 21.28 | J32: 30.12 | K32: 75.02
A33: 39753 | B33: 553.4 | C33: 24.04 | D33: 21.61 | E33: 27.69 | F33: 83.26
A34: 39783 | B34: 123.6 | C34: 24.61 | D34: 21.62 | E34: 28.94 | F34: 82.93
A35: 39814
A36: 39845
A37: 39873 | B37: 133.2 | C37: 26.31 | D37: 22.85 | E37: 31.85 | F37: 80.38 | G37: 204.8 | H37: 26.69 | I37: 23.56 | J37: 32.03 | K37: 77.19
A38: 39904 | B38: 147.4 | C38: 24.85 | D38: 21.81 | E38: 29.63 | F38: 82.7 | G38: 240.6 | H38: 24.9 | I38: 21.83 | J38: 29.67 | K38: 79.65
A39: 39934 | B39: 11.2 | C39: 22.7 | D39: 19.42 | E39: 27.95 | F39: 82.5 | G39: 17.8 | H39: 22.92 | I39: 19.73 | J39: 27.7 | K39: 79.44
A40: 39965 | B40: 43.8 | C40: 21.69 | D40: 18.6 | E40: 26.71 | F40: 83.65 | G40: 26 | H40: 21.81 | I40: 18.76 | J40: 26.46 | K40: 79.72
A41: 39995 | B41: 35.2 | C41: 21.95 | D41: 18.33 | E41: 27.4 | F41: 83.41 | G41: 86.2 | H41: 22.21 | I41: 18.84 | J41: 27.2 | K41: 80.54
A42: 40026 | B42: 42 | C42: 21.96 | D42: 18.52 | E42: 26.94 | F42: 82.05 | G42: 134.4 | H42: 22 | I42: 18.91 | J42: 26.73 | K42: 80.13
A43: 40057 | B43: 12.8 | C43: 24 | D43: 20.15 | E43: 29.37 | F43: 78.45 | G43: 32 | H43: 24.15 | I43: 20.92 | J43: 29.66 | K43: 76.22
A44: 40087
A45: 40118 | B45: 101.8 | C45: 25.58 | D45: 21.74 | E45: 30.45 | F45: 78.9 | G45: 167.4 | H45: 25.88 | I45: 22.43 | J45: 31.23 | K45: 75.95
A46: 40148 | B46: 29.8 | C46: 26.58 | D46: 22.77 | E46: 32.15 | F46: 76.63 | G46: 107.2 | H46: 26.74 | I46: 23.34 | J46: 32.32 | K46: 74.84
A47: 40179
A48: 40210 | B48: 146.4 | C48: 27.08 | D48: 23.46 | E48: 32.21 | F48: 76.37
A49: 40238 | B49: 160.8 | C49: 26.62 | D49: 23.42 | E49: 31.8 | F49: 81.62 | G49: 201.2 | H49: 26.93 | I49: 24 | J49: 32.04 | K49: 78.41
A50: 40269 | G50: 193.6 | H50: 24.6 | I50: 21.85 | J50: 28.84 | K50: 80.2
A51: 40299 | G51: 47.4 | H51: 23.45 | I51: 20.32 | J51: 28.2 | K51: 79.07
A52: 40330
A53: 40360 | B53: 98 | C53: 21.29 | D53: 18.19 | E53: 25.92 | F53: 85.31
A54: 40391
A55: 40422 | B55: 32.2 | C55: 22.26 | D55: 18.41 | E55: 27.34 | F55: 78.08
A56: 40452 | B56: 145.4 | C56: 23.36 | D56: 20.55 | E56: 27.34 | F56: 79.07
A57: 40483 | B57: 184.6 | C57: 24.25 | D57: 21.48 | E57: 28.17 | F57: 84.1
A58: 40513 | B58: 115.6 | C58: 25.79 | D58: 22.32 | E58: 30.79 | F58: 79.57 | G58: 267.4 | H58: 26.21 | I58: 22.65 | J58: 31.92 | K58: 75.6
A59: 40544 | B59: 58.2 | C59: 25.94 | D59: 22.46 | E59: 30.86 | F59: 79.47 | G59: 50.8 | H59: 26.44 | I59: 22.83 | J59: 32.45 | K59: 75.22
A60: 40575 | G60: 74.8 | H60: 26.57 | I60: 22.82 | J60: 33.01 | K60: 74.95
A61: 40603
A62: 40634 | B62: 239.8 | C62: 24.57 | D62: 21.69 | E62: 29.19 | F62: 86 | G62: 15.8 | H62: 24.66 | I62: 21.75 | J62: 29.53 | K62: 83.07
A63: 40664 | B63: 37.8 | C63: 22.25 | D63: 18.56 | E63: 27.75 | F63: 81.64 | G63: 28.6 | H63: 22.41 | I63: 18.58 | J63: 27.98 | K63: 77.84
A64: 40695 | B64: 40.8 | C64: 21.29 | D64: 17.79 | E64: 26.24 | F64: 83.17
A65: 40725 | B65: 96.6 | C65: 20.59 | D65: 16.42 | E65: 25.97 | F65: 83.09
A66: 40756 | G66: 8.2 | H66: 21.98 | I66: 18.04 | J66: 28.13 | K66: 76.72
A67: 40787
A68: 40817 | B68: 222.4 | C68: 23.01 | D68: 20.1 | E68: 27.11 | F68: 83 | G68: 239 | H68: 22.9 | I68: 20 | J68: 27.27 | K68: 81.47
A69: 40848 | B69: 249.6 | C69: 22.84 | D69: 19.76 | E69: 27.02 | F69: 82.3 | G69: 211.8 | H69: 22.8 | I69: 19.84 | J69: 27.46 | K69: 80.32
A70: 40878 | B70: 157.4 | C70: 24.68 | D70: 21.58 | E70: 29.17 | F70: 82.83 | G70: 159.4 | H70: 24.73 | I70: 21.93 | J70: 29.25 | K70: 81.18
A71: 40909 | B71: 128.8 | C71: 25.28 | D71: 21.77 | E71: 29.9 | F71: 80.81 | G71: 174.6 | H71: 25.3 | I71: 22.21 | J71: 30.51 | K71: 79.62
A72: 40940 | B72: 101.6 | C72: 25.33 | D72: 21.23 | E72: 30.56 | F72: 78.49 | G72: 91.2 | H72: 25.66 | I72: 21.84 | J72: 31.77 | K72: 75.26
A73: 40969 | B73: 44.2 | C73: 25.45 | D73: 21.25 | E73: 31.05 | F73: 77.56
A74: 41000 | B74: 43.2 | C74: 25.09 | D74: 21.22 | E74: 30.78 | F74: 80.01 | G74: 59.8 | H74: 25.15 | I74: 21.69 | J74: 30.82 | K74: 78.89
A75: 41030 | G75: 51.6 | H75: 22.43 | I75: 19.43 | J75: 27.67 | K75: 81.42
A76: 41061 | B76: 17.4 | C76: 22.78 | D76: 19.03 | E76: 28.42 | F76: 84.07
A77: 41091 | B77: 106.8 | C77: 21.35 | D77: 17.26 | E77: 26.82 | F77: 84.41 | G77: 81.8 | H77: 21.68 | I77: 17.98 | J77: 27.37 | K77: 80.92
A78: 41122
A79: 41153 | B79: 34 | C79: 22.23 | D79: 18.72 | E79: 27.3 | F79: 79.8 | G79: 42.4 | H79: 22.34 | I79: 18.78 | J79: 27.89 | K79: 76.25
A80: 41183 | B80: 24.4 | C80: 23.52 | D80: 19.32 | E80: 28.81 | F80: 78.75 | G80: 32.2 | H80: 23.73 | I80: 19.7 | J80: 30.28 | K80: 75.45
A81: 41214 | B81: 262.8 | C81: 24.27 | D81: 21.43 | E81: 28.45 | F81: 85.97 | G81: 374.2 | H81: 24.21 | I81: 21.39 | J81: 29.03 | K81: 81.98
A82: 41244 | B82: 16.6 | C82: 26.26 | D82: 22.1 | E82: 31.45 | F82: 78.12 | G82: 50.8 | H82: 26.65 | I82: 22.72 | J82: 33.01 | K82: 74.72
A83: 41275 | B83: 159 | C83: 25.98 | D83: 22.37 | E83: 31.27 | F83: 80.24 | G83: 76.4 | H83: 26.24 | I83: 22.81 | J83: 32.13 | K83: 75.35
A84: 41306 | B84: 22 | C84: 26.15 | D84: 21.91 | E84: 31.16 | F84: 78.24 | G84: 51.6 | H84: 26.61 | I84: 22.69 | J84: 33.03 | K84: 73.63
A85: 41334
A86: 41365 | B86: 116.6 | C86: 24.13 | D86: 21.01 | E86: 29.11 | F86: 82.35
A87: 41395 | B87: 52.2 | C87: 22.81 | D87: 19.27 | E87: 28.27 | F87: 82.5
A88: 41426
A89: 41456 | B89: 80.6 | C89: 21.76 | D89: 18.14 | E89: 27.05 | F89: 83.94
A90: 41487 | B90: 63 | C90: 21.31 | D90: 17.37 | E90: 26.53 | F90: 82.78 | G90: 30.4 | H90: 21.7 | I90: 17.75 | J90: 27.65 | K90: 77.24
A91: 41518 | G91: 50.2 | H91: 22.57 | I91: 18.9 | J91: 28.5 | K91: 76.5
A92: 41548 | B92: 101 | C92: 22.79 | D92: 19.34 | E92: 27.23 | F92: 81.96 | G92: 100.4 | H92: 22.95 | I92: 19.64 | J92: 28.05 | K92: 77.39
A93: 41579 | B93: 243.8 | C93: 24.24 | D93: 20.63 | E93: 29 | F93: 82.29 | G93: 178 | H93: 24.2 | I93: 20.94 | J93: 29.55 | K93: 78.85
A94: 41609 | B94: 243.4 | C94: 25.26 | D94: 22.44 | E94: 29.61 | F94: 87.02 | G94: 648 | H94: 25.24 | I94: 22.47 | J94: 30.46 | K94: 82.58
A95: 41640 | B95: 63.8 | C95: 25.61 | D95: 21.78 | E95: 30.64 | F95: 82.76 | G95: 50.6 | H95: 26.26 | I95: 22.76 | J95: 31.83 | K95: 75.32
A96: 41671 | B96: 71.6 | C96: 25.67 | D96: 21.58 | E96: 31.3 | F96: 80.19 | G96: 83.2 | H96: 26.16 | I96: 22.38 | J96: 32.78 | K96: 75.04
A97: 41699 | B97: 93.6 | C97: 25.43 | D97: 21.87 | E97: 30.44 | F97: 83.14 | G97: 96.4 | H97: 25.65 | I97: 22.61 | J97: 30.78 | K97: 78.44
A98: 41730 | B98: 79.4 | C98: 24.67 | D98: 21.2 | E98: 29.93 | F98: 83.79
A99: 41760 | B99: 16 | C99: 23.19 | D99: 19.5 | E99: 29.05 | F99: 82.79 | G99: 10.4 | H99: 23.32 | I99: 19.52 | J99: 29.23 | K99: 76.93
A100: 41791 | G100: 37.8 | H100: 22.28 | I100: 18.97 | J100: 27.46 | K100: 80.95
...

Sheet Sources compared
A1: Region monthly averages from every source (for comparison)
A2: Soil moisture: Open-Meteo = volumetric water (% vol.); NASA POWER = relative wetness GWETROOT/GWETTOP (%), not the same unit.
A4: Month | B4: Mean temperature (°C) — Open-Meteo | C4: Mean temperature (°C) — NASA POWER | D4: Min temperature (°C) — Open-Meteo | E4: Min temperature (°C) — Open-Meteo + INMET correction | F4: Min temperature (°C) — NASA POWER | G4: Max temperature (°C) — Open-Meteo | H4: Max temperature (°C) — Open-Meteo + INMET correction | I4: Max temperature (°C) — NASA POWER | J4: Monthly rainfall (mm) — CHIRPS | K4: Monthly rainfall (mm) — Open-Meteo | L4: Monthly rainfall (mm) — NASA POWER | M4: Relative humidity (%) — Open-Meteo | N4: Relative humidity (%) — NASA POWER | O4: Soil moisture 0-100 cm (% vol.) — Open-Meteo | P4: Soil moisture 0-100 cm (% vol.) — NASA POWER | Q4: Surface soil moisture 0-7 cm (% vol.) — Open-Meteo | R4: Surface soil moisture 0-7 cm (% vol.) — NASA POWER
A5: 38899 | B5: 20.53 | C5: 20.52 | D5: 16.55 | E5: 15.68 | F5: 15.91 | G5: 25.21 | H5: 26.75 | I5: 26.97 | J5: 56.48 | K5: 15.16 | L5: 37.85 | M5: 78.18 | N5: 75.68 | O5: 26.67 | P5: 48.97 | Q5: 23.19 | R5: 48.31
A6: 38930 | B6: 21.87 | C6: 22.49 | D6: 18.46 | E6: 17.7 | F6: 17.93 | G6: 26.22 | H6: 27.58 | I6: 28.87 | J6: 30.43 | K6: 30.44 | L6: 30.72 | M6: 77.8 | N6: 73.31 | O6: 24.76 | P6: 47.53 | Q6: 22.39 | R6: 43.54
A7: 38961 | B7: 22.13 | C7: 22.76 | D7: 18.72 | E7: 17.84 | F7: 18.19 | G7: 26.5 | H7: 27.54 | I7: 29.03 | J7: 87.11 | K7: 59.4 | L7: 77.37 | M7: 75.71 | N7: 72.4 | O7: 24.37 | P7: 48.48 | Q7: 26.04 | R7: 48.15
A8: 38991 | B8: 23.24 | C8: 23.82 | D8: 20.66 | E8: 19.87 | F8: 20.1 | G8: 26.75 | H8: 27.5 | I8: 29.4 | J8: 183.92 | K8: 100.28 | L8: 140.32 | M8: 80.61 | N8: 77.88 | O8: 26.55 | P8: 51.51 | Q8: 33.23 | R8: 54.34
A9: 39022 | B9: 23.79 | C9: 23.84 | D9: 21.34 | E9: 20.87 | F9: 20.65 | G9: 27.27 | H9: 28.4 | I9: 28.4 | J9: 313.24 | K9: 179.98 | L9: 298.76 | M9: 83.79 | N9: 83.83 | O9: 34.52 | P9: 60.69 | Q9: 37.72 | R9: 67.41
A10: 39052 | B10: 24.6 | C10: 24.44 | D10: 22.05 | E10: 21.62 | F10: 21.43 | G10: 28.09 | H10: 29.73 | I10: 28.44 | J10: 259.84 | K10: 277.32 | L10: 318.86 | M10: 83.86 | N10: 86.72 | O10: 39.57 | P10: 71.46 | Q10: 37.83 | R10: 76.69
A11: 39083 | B11: 26.05 | C11: 25.22 | D11: 23.12 | E11: 22.64 | F11: 22.01 | G11: 30.19 | H11: 32.22 | I11: 29.54 | J11: 124.89 | K11: 98.3 | L11: 92.1 | M11: 80.45 | N11: 85.32 | O11: 35.84 | P11: 67.14 | Q11: 34.86 | R11: 70.88
A12: 39114 | B12: 24.92 | C12: 24.63 | D12: 22.17 | E12: 21.73 | F12: 21.66 | G12: 28.6 | H12: 30.62 | I12: 28.68 | J12: 269.29 | K12: 208.92 | L12: 187 | M12: 84.9 | N12: 85.99 | O12: 39.64 | P12: 66.62 | Q12: 39.53 | R12: 72.16
A13: 39142 | B13: 25.61 | C13: 25.26 | D13: 22.33 | E13: 22.05 | F13: 21.31 | G13: 29.91 | H13: 31.86 | I13: 30.52 | J13: 29.84 | K13: 32.5 | L13: 45.61 | M13: 81.6 | N13: 81.12 | O13: 34.98 | P13: 57.95 | Q13: 30.51 | R13: 60.52
A14: 39173 | B14: 24.67 | C14: 24.71 | D14: 21.86 | E14: 21.41 | F14: 21.44 | G14: 28.73 | H14: 30.73 | I14: 29.41 | J14: 159.86 | K14: 87.92 | L14: 147.91 | M14: 84.31 | N14: 83.61 | O14: 31.25 | P14: 55.87 | Q14: 32.87 | R14: 60.69
A15: 39203 | B15: 22.65 | C15: 22.52 | D15: 19.45 | E15: 18.89 | F15: 18.41 | G15: 26.63 | H15: 28.34 | I15: 28.16 | J15: 21.76 | K15: 18.66 | L15: 26.7 | M15: 78.04 | N15: 78.29 | O15: 28.78 | P15: 52.08 | Q15: 26.74 | R15: 52.9
A16: 39234 | B16: 21.54 | C16: 21.79 | D16: 17.58 | E16: 16.78 | F16: 17.13 | G16: 26.11 | H16: 27.81 | I16: 28.2 | J16: 16.66 | K16: 6.86 | L16: 10.61 | M16: 78.54 | N16: 76.39 | O16: 25.62 | P16: 48.71 | Q16: 20.51 | R16: 47.22
... A246: 46235 | B246: 23.39 | C246: 24.18 | D246: 19.78 | E246: 19.01 | F246: 19.27 | G246: 28.26 | H246: 29.63 | I246: 31.09 | J246: 31.47 | K246: 24.98 | L246: 36.99 | M246: 74.76 | N246: 71.14 | O246: 23.33 | P246: 45.37 | Q246: 20.42 | R246: 39.14

Sheet Validation
A1: Which source is closest to reality? — comparison with INMET stations
A2: 2007-01..2026-08 (best_match: 2017-01..2026-08). 4 INMET stations in the Espírito Santo conilon belt (A616, A614, A632, A631), each source read at the station point.
A4: Variable | B4: Source | C4: Months compared | D4: Bias (monthly) | E4: Mean abs. error (monthly) | F4: Error % (rain) | G4: Correlation r (monthly) | H4: Yearly error (rain, %) | I4: Daily MAE | J4: Daily r | K4: Chosen
A5: Rainfall (mm/month) | B5: CHIRPS v3 | C5: 400 | D5: 7.563 | E5: 27.996 | F5: 29.6 | G5: 0.903 | K5: ✔
A6: Rainfall (mm/month) | B6: NASA POWER | C6: 400 | D6: -2.151 | E6: 29.934 | F6: 31.7 | G6: 0.863 | I6: 2.83 | J6: 0.623
A7: Rainfall (mm/month) | B7: Open-Meteo ERA5-Land | C7: 400 | D7: -14.048 | E7: 37.019 | F7: 39.2 | G7: 0.823 | I7: 2.906 | J7: 0.559
A9: Mean temperature (°C) | B9: Open-Meteo ERA5-Land | C9: 410 | D9: -0.052 | E9: 0.329 | G9: 0.982 | I9: 0.533 | J9: 0.959 | K9: ✔
A10: Mean temperature (°C) | B10: NASA POWER | C10: 410 | D10: 0.527 | E10: 0.626 | G10: 0.969 | I10: 0.791 | J10: 0.935
A12: Min temperature (°C) | B12: Open-Meteo ERA5-Land | C12: 404 | D12: 0.597 | E12: 0.713 | G12: 0.948 | I12: 0.989 | J12: 0.898 | K12: ✔
A13: Min temperature (°C) | B13: NASA POWER | C13: 404 | D13: 0.684 | E13: 0.729 | G13: 0.967 | I13: 0.969 | J13: 0.904
A14: Min temperature (°C) | B14: Open-Meteo ERA5-Land + INMET correction | C14: 404 | D14: -0.041 | E14: 0.852 | G14: 0.892
A16: Max temperature (°C) | B16: Open-Meteo ERA5-Land + INMET correction | C16: 404 | D16: 0.043 | E16: 0.458 | G16: 0.961 | K16: ✔
A17: Max temperature (°C) | B17: NASA POWER | C17: 404 | D17: -0.119 | E17: 1.069 | G17: 0.802 | I17: 1.47 | J17: 0.802
A18: Max temperature (°C) | B18: Open-Meteo ERA5-Land | C18: 404 | D18: -1.608 | E18: 1.61 | G18: 0.956 | I18: 1.766 | J18: 0.908
A20: Relative humidity (%) | B20: Open-Meteo ERA5-Land | C20: 348 | D20: -0.448 | E20: 3.027 | G20: 0.598 | I20: 4.026 | J20: 0.732 | K20: ✔
A21: Relative humidity (%) | B21: NASA POWER | C21: 348 | D21: -2.126 | E21: 4.27 | G21: 0.417 | I21: 5.231 | J21: 0.606
A24: Bias = source − station (positive = source too high). Mean absolute error: lower is better. r: closer to 1 is better.
A25: Rainfall: CHIRPS blends satellite data with rain gauges (possibly including some of these stations).
A26: Temperatures: Open-Meteo is corrected to the real altitude of each point; NASA POWER uses a 50 km grid cell at its mean altitude.
A27: Min/max temperatures: reanalyses smooth the daily extremes (max too cold, min too warm). Monthly offsets measured at the stations are added (table below); the corrected row is tested leave-one-station-out (offsets computed without the tested station).
A28: Soil moisture: no station in the region measures it, so it cannot be verified here. ERA5-Land (Open-Meteo, 0.1°) is used: finer grid and forced by the same weather that validates best above; NASA POWER GWETROOT is in 'Sources compared'.
A29: Open-Meteo best_match (IFS 9 km blend, 2017+ only) is shown for information; the site/workbook use one consistent model (ERA5-Land).
A31: Monthly offsets added to Open-Meteo min/max temperatures (°C) — mean of station − model, 4 INMET stations, 2007-2026
A32: Month | B32: Tmin offset | C32: Tmax offset
A33: Jan | B33: -0.483 | C33: 2.024
A34: Feb | B34: -0.443 | C34: 2.015
A35: Mar | B35: -0.28 | C35: 1.943
A36: Apr | B36: -0.449 | C36: 2.006
A37: May | B37: -0.562 | C37: 1.707
A38: Jun | B38: -0.802 | C38: 1.707
A39: Jul | B39: -0.87 | C39: 1.538
A40: Aug | B40: -0.769 | C40: 1.362
A41: Sep | B41: -0.881 | C41: 1.038
A42: Oct | B42: -0.788 | C42: 0.753
A43: Nov | B43: -0.471 | C43: 1.129
A44: Dec | B44: -0.43 | C44: 1.635
